email,firstName,lastName,teamId
susan.clark@tak.nz,Susan,Clark,5781
christopher.king@tak.nz,Christopher,King,5782
betty.green@tak.nz,Betty,Green,5783
paul.mitchell@tak.nz,Paul,Mitchell,5784
carol.diaz@tak.nz,Carol,Diaz,5785
timothy.morris@tak.nz,Timothy,Morris,5786
laura.morgan@tak.nz,Laura,Morgan,5787
gary.ramos@tak.nz,Gary,Ramos,5788
anna.chavez@tak.nz,Anna,Chavez,5789
scott.hughes@tak.nz,Scott,Hughes,5790
christine.long@tak.nz,Christine,Long,5791
patrick.russell@tak.nz,Patrick,Russell,5792
maria.gonzales@tak.nz,Maria,Gonzales,5793
jose.alexander@tak.nz,Jose,Alexander,5794
olivia.west@tak.nz,Olivia,West,5795
kyle.stevens@tak.nz,Kyle,Stevens,5796
megan.ruiz@tak.nz,Megan,Ruiz,5797
roger.stevenson@tak.nz,Roger,Stevenson,5798
teresa.olsen@tak.nz,Teresa,Olsen,5799
dylan.duncan@tak.nz,Dylan,Duncan,5800
theresa.fletcher@tak.nz,Theresa,Fletcher,5801
bruce.pearce@tak.nz,Bruce,Pearce,5802
rose.osborne@tak.nz,Rose,Osborne,5803
willie.kirk@tak.nz,Willie,Kirk,5804
alexis.winslow@tak.nz,Alexis,Winslow,5805
ralph.johnson@tak.nz,Ralph,Johnson,5806
isabella.rodriguez@tak.nz,Isabella,Rodriguez,5807
louis.thomas@tak.nz,Louis,Thomas,5808
jasmine.thompson@tak.nz,Jasmine,Thompson,5809
marcus.robinson@tak.nz,Marcus,Robinson,5810
patricia.torres@tak.nz,Patricia,Torres,5811
david.baker@tak.nz,David,Baker,5812
sarah.gomez@tak.nz,Sarah,Gomez,5813
matthew.edwards@tak.nz,Matthew,Edwards,5814
ashley.cook@tak.nz,Ashley,Cook,5815
joshua.bailey@tak.nz,Joshua,Bailey,5816
melissa.ward@tak.nz,Melissa,Ward,5817
edward.bennett@tak.nz,Edward,Bennett,5818
kathleen.castillo@tak.nz,Kathleen,Castillo,5819
eric.jimenez@tak.nz,Eric,Jimenez,5820
pamela.coleman@tak.nz,Pamela,Coleman,5821
benjamin.simmons@tak.nz,Benjamin,Simmons,5822
rachel.reynolds@tak.nz,Rachel,Reynolds,5823
jack.chapman@tak.nz,Jack,Chapman,5824
diane.marshall@tak.nz,Diane,Marshall,5825
nathan.warren@tak.nz,Nathan,Warren,5826
christina.larsen@tak.nz,Christina,Larsen,5827
walter.cameron@tak.nz,Walter,Cameron,5828
cheryl.grant@tak.nz,Cheryl,Grant,5829
austin.chambers@tak.nz,Austin,Chambers,5830
janice.nolan@tak.nz,Janice,Nolan,5831
lawrence.lawson@tak.nz,Lawrence,Lawson,5832
beverly.blackwood@tak.nz,Beverly,Blackwood,5833
joe.sutherland@tak.nz,Joe,Sutherland,5834
diana.jones@tak.nz,Diana,Jones,5835
wayne.lopez@tak.nz,Wayne,Lopez,5836
kayla.jackson@tak.nz,Kayla,Jackson,5837
russell.sanchez@tak.nz,Russell,Sanchez,5838
ava.allen@tak.nz,Ava,Allen,5839
lee.flores@tak.nz,Lee,Flores,5840
kylie.campbell@tak.nz,Kylie,Campbell,5841
james.turner@tak.nz,James,Turner,5842
linda.stewart@tak.nz,Linda,Stewart,5843
joseph.ortiz@tak.nz,Joseph,Ortiz,5844
nancy.howard@tak.nz,Nancy,Howard,5845
mark.brooks@tak.nz,Mark,Brooks,5846
emily.ruiz@tak.nz,Emily,Ruiz,5847
kevin.myers@tak.nz,Kevin,Myers,5848
stephanie.perry@tak.nz,Stephanie,Perry,5849
jeffrey.barnes@tak.nz,Jeffrey,Barnes,5850
shirley.patterson@tak.nz,Shirley,Patterson,5851
stephen.moreno@tak.nz,Stephen,Moreno,5852
emma.ellis@tak.nz,Emma,Ellis,5853
gregory.harrison@tak.nz,Gregory,Harrison,5854
carolyn.simpson@tak.nz,Carolyn,Simpson,5855
jerry.pedersen@tak.nz,Jerry,Pedersen,5856
julie.ferguson@tak.nz,Julie,Ferguson,5857
zachary.marsh@tak.nz,Zachary,Marsh,5858
joan.boyd@tak.nz,Joan,Boyd,5859
jeremy.palmer@tak.nz,Jeremy,Palmer,5860
jacqueline.burton@tak.nz,Jacqueline,Burton,5861
gerald.radley@tak.nz,Gerald,Radley,5862
julia.smith@tak.nz,Julia,Smith,5863
jesse.davis@tak.nz,Jesse,Davis,5864
marilyn.anderson@tak.nz,Marilyn,Anderson,5865
alan.perez@tak.nz,Alan,Perez,5866
natalie.lewis@tak.nz,Natalie,Lewis,5867
vincent.scott@tak.nz,Vincent,Scott,5868
doris.nelson@tak.nz,Doris,Nelson,5869
philip.roberts@tak.nz,Philip,Roberts,5870
chloe.cruz@tak.nz,Chloe,Cruz,5871
craig.murphy@tak.nz,Craig,Murphy,5872
ellie.peterson@tak.nz,Ellie,Peterson,5873
robert.cox@tak.nz,Robert,Cox,5874
barbara.james@tak.nz,Barbara,James,5875
charles.alvarez@tak.nz,Charles,Alvarez,5876
margaret.foster@tak.nz,Margaret,Foster,5877
steven.bell@tak.nz,Steven,Bell,5878
michelle.vasquez@tak.nz,Michelle,Vasquez,5879
george.graham@tak.nz,George,Graham,5880
sharon.hayes@tak.nz,Sharon,Hayes,5881
jacob.ford@tak.nz,Jacob,Ford,5882
helen.wells@tak.nz,Helen,Wells,5883
justin.berg@tak.nz,Justin,Berg,5884
katherine.fraser@tak.nz,Katherine,Fraser,5885
frank.douglas@tak.nz,Frank,Douglas,5886
ruth.harvey@tak.nz,Ruth,Harvey,5887
aaron.hunt@tak.nz,Aaron,Hunt,5888
victoria.franklin@tak.nz,Victoria,Franklin,5889
peter.whitfield@tak.nz,Peter,Whitfield,5890
judith.redmond@tak.nz,Judith,Redmond,5891
keith.brown@tak.nz,Keith,Brown,5892
gloria.hernandez@tak.nz,Gloria,Hernandez,5893
harold.moore@tak.nz,Harold,Moore,5894
judy.harris@tak.nz,Judy,Harris,5895
billy.young@tak.nz,Billy,Young,5896
danielle.hill@tak.nz,Danielle,Hill,5897
albert.rivera@tak.nz,Albert,Rivera,5898
lori.evans@tak.nz,Lori,Evans,5899
roy.reyes@tak.nz,Roy,Reyes,5900
erin.gutierrez@tak.nz,Erin,Gutierrez,5901
curtis.kelly@tak.nz,Curtis,Kelly,5902
bethany.watson@tak.nz,Bethany,Watson,5903
fred.mendoza@tak.nz,Fred,Mendoza,5904
mary.patel@tak.nz,Mary,Patel,5905
william.jenkins@tak.nz,William,Jenkins,5906
jessica.henderson@tak.nz,Jessica,Henderson,5907
daniel.jordan@tak.nz,Daniel,Jordan,5908
sandra.wallace@tak.nz,Sandra,Wallace,5909
andrew.bryant@tak.nz,Andrew,Bryant,5910
amanda.mcdonald@tak.nz,Amanda,McDonald,5911
ronald.webb@tak.nz,Ronald,Webb,5912
cynthia.andersen@tak.nz,Cynthia,Andersen,5913
nicholas.macdonald@tak.nz,Nicholas,MacDonald,5914
brenda.bishop@tak.nz,Brenda,Bishop,5915
brandon.holt@tak.nz,Brandon,Holt,5916
debra.curtis@tak.nz,Debra,Curtis,5917
raymond.manning@tak.nz,Raymond,Manning,5918
heather.kingsley@tak.nz,Heather,Kingsley,5919
adam.ashford@tak.nz,Adam,Ashford,5920
kelly.miller@tak.nz,Kelly,Miller,5921
ethan.wilson@tak.nz,Ethan,Wilson,5922
andrea.lee@tak.nz,Andrea,Lee,5923
terry.ramirez@tak.nz,Terry,Ramirez,5924
sara.wright@tak.nz,Sara,Wright,5925
arthur.adams@tak.nz,Arthur,Adams,5926
madison.carter@tak.nz,Madison,Carter,5927
gabriel.parker@tak.nz,Gabriel,Parker,5928
brittany.morales@tak.nz,Brittany,Morales,5929
elijah.cooper@tak.nz,Elijah,Cooper,5930
tiffany.kim@tak.nz,Tiffany,Kim,5931
bobby.wood@tak.nz,Bobby,Wood,5932
sophia.price@tak.nz,Sophia,Price,5933
jimmy.ross@tak.nz,Jimmy,Ross,5934
leah.sullivan@tak.nz,Leah,Sullivan,5935
chad.fisher@tak.nz,Chad,Fisher,5936
jennifer.hamilton@tak.nz,Jennifer,Hamilton,5937
richard.cole@tak.nz,Richard,Cole,5938
karen.murray@tak.nz,Karen,Murray,5939
anthony.kennedy@tak.nz,Anthony,Kennedy,5940
kimberly.christensen@tak.nz,Kimberly,Christensen,5941
kenneth.erikson@tak.nz,Kenneth,Erikson,5942
deborah.sinclair@tak.nz,Deborah,Sinclair,5943
jason.barker@tak.nz,Jason,Barker,5944
amy.dixon@tak.nz,Amy,Dixon,5945
jonathan.gardner@tak.nz,Jonathan,Gardner,5946
nicole.chapman@tak.nz,Nicole,Chapman,5947
samuel.delaney@tak.nz,Samuel,Delaney,5948
catherine.williams@tak.nz,Catherine,Williams,5949
dennis.martinez@tak.nz,Dennis,Martinez,5950
virginia.taylor@tak.nz,Virginia,Taylor,5951
henry.white@tak.nz,Henry,White,5952
lauren.walker@tak.nz,Lauren,Walker,5953
noah.nguyen@tak.nz,Noah,Nguyen,5954
hannah.hall@tak.nz,Hannah,Hall,5955
sean.phillips@tak.nz,Sean,Phillips,5956
marie.collins@tak.nz,Marie,Collins,5957
jordan.rogers@tak.nz,Jordan,Rogers,5958
denise.reed@tak.nz,Denise,Reed,5959
logan.richardson@tak.nz,Logan,Richardson,5960
abigail.gray@tak.nz,Abigail,Gray,5961
randy.sanders@tak.nz,Randy,Sanders,5962
alice.powell@tak.nz,Alice,Powell,5963
bradley.butler@tak.nz,Bradley,Butler,5964
renee.romero@tak.nz,Renee,Romero,5965
todd.griffin@tak.nz,Todd,Griffin,5966
tara.gibson@tak.nz,Tara,Gibson,5967
john.owens@tak.nz,John,Owens,5968
elizabeth.fernandez@tak.nz,Elizabeth,Fernandez,5969
thomas.hansen@tak.nz,Thomas,Hansen,5970
lisa.stewart@tak.nz,Lisa,Stewart,5971
donald.henderson@tak.nz,Donald,Henderson,5972
donna.newton@tak.nz,Donna,Newton,5973
brian.barrett@tak.nz,Brian,Barrett,5974
rebecca.todd@tak.nz,Rebecca,Todd,5975
ryan.ashworth@tak.nz,Ryan,Ashworth,5976
angela.blackburn@tak.nz,Angela,Blackburn,5977
larry.garcia@tak.nz,Larry,Garcia,5978
samantha.gonzalez@tak.nz,Samantha,Gonzalez,5979
alexander.martin@tak.nz,Alexander,Martin,5980
janet.clark@tak.nz,Janet,Clark,5981
tyler.king@tak.nz,Tyler,King,5982
joyce.green@tak.nz,Joyce,Green,5983
douglas.mitchell@tak.nz,Douglas,Mitchell,5984
evelyn.diaz@tak.nz,Evelyn,Diaz,5985
christian.morris@tak.nz,Christian,Morris,5986
martha.morgan@tak.nz,Martha,Morgan,5987
carl.ramos@tak.nz,Carl,Ramos,5988
grace.chavez@tak.nz,Grace,Chavez,5989
bryan.hughes@tak.nz,Bryan,Hughes,5990
amber.long@tak.nz,Amber,Long,5991
juan.russell@tak.nz,Juan,Russell,5992
jane.gonzales@tak.nz,Jane,Gonzales,5993
mason.alexander@tak.nz,Mason,Alexander,5994
gina.west@tak.nz,Gina,West,5995
eugene.stevens@tak.nz,Eugene,Stevens,5996
charlotte.ruiz@tak.nz,Charlotte,Ruiz,5997
alexis.stevenson@tak.nz,Alexis,Stevenson,5998
priscilla.olsen@tak.nz,Priscilla,Olsen,5999
michael.duncan@tak.nz,Michael,Duncan,6000
susan.fletcher@tak.nz,Susan,Fletcher,6001
christopher.pearce@tak.nz,Christopher,Pearce,6002
betty.osborne@tak.nz,Betty,Osborne,6003
paul.kirk@tak.nz,Paul,Kirk,6004
carol.winslow@tak.nz,Carol,Winslow,6005
timothy.johnson@tak.nz,Timothy,Johnson,6006
laura.rodriguez@tak.nz,Laura,Rodriguez,6007
gary.thomas@tak.nz,Gary,Thomas,6008
anna.thompson@tak.nz,Anna,Thompson,6009
scott.robinson@tak.nz,Scott,Robinson,6010
christine.torres@tak.nz,Christine,Torres,6011
patrick.baker@tak.nz,Patrick,Baker,6012
maria.gomez@tak.nz,Maria,Gomez,6013
jose.edwards@tak.nz,Jose,Edwards,6014
olivia.cook@tak.nz,Olivia,Cook,6015
kyle.bailey@tak.nz,Kyle,Bailey,6016
megan.ward@tak.nz,Megan,Ward,6017
roger.bennett@tak.nz,Roger,Bennett,6018
teresa.castillo@tak.nz,Teresa,Castillo,6019
dylan.jimenez@tak.nz,Dylan,Jimenez,6020
theresa.coleman@tak.nz,Theresa,Coleman,6021
bruce.simmons@tak.nz,Bruce,Simmons,6022
rose.reynolds@tak.nz,Rose,Reynolds,6023
willie.chapman@tak.nz,Willie,Chapman,6024
alexis.marshall@tak.nz,Alexis,Marshall,6025
ralph.warren@tak.nz,Ralph,Warren,6026
isabella.larsen@tak.nz,Isabella,Larsen,6027
louis.cameron@tak.nz,Louis,Cameron,6028
jasmine.grant@tak.nz,Jasmine,Grant,6029
marcus.chambers@tak.nz,Marcus,Chambers,6030
patricia.nolan@tak.nz,Patricia,Nolan,6031
david.lawson@tak.nz,David,Lawson,6032
sarah.blackwood@tak.nz,Sarah,Blackwood,6033
matthew.sutherland@tak.nz,Matthew,Sutherland,6034
ashley.jones@tak.nz,Ashley,Jones,6035
joshua.lopez@tak.nz,Joshua,Lopez,6036
melissa.jackson@tak.nz,Melissa,Jackson,6037
edward.sanchez@tak.nz,Edward,Sanchez,6038
kathleen.allen@tak.nz,Kathleen,Allen,6039
eric.flores@tak.nz,Eric,Flores,6040
pamela.campbell@tak.nz,Pamela,Campbell,6041
benjamin.turner@tak.nz,Benjamin,Turner,6042
rachel.stewart@tak.nz,Rachel,Stewart,6043
jack.ortiz@tak.nz,Jack,Ortiz,6044
diane.howard@tak.nz,Diane,Howard,6045
nathan.brooks@tak.nz,Nathan,Brooks,6046
christina.ruiz@tak.nz,Christina,Ruiz,6047
walter.myers@tak.nz,Walter,Myers,6048
cheryl.perry@tak.nz,Cheryl,Perry,6049
austin.barnes@tak.nz,Austin,Barnes,6050
janice.patterson@tak.nz,Janice,Patterson,6051
lawrence.moreno@tak.nz,Lawrence,Moreno,6052
beverly.ellis@tak.nz,Beverly,Ellis,6053
joe.harrison@tak.nz,Joe,Harrison,6054
diana.simpson@tak.nz,Diana,Simpson,6055
wayne.pedersen@tak.nz,Wayne,Pedersen,6056
kayla.ferguson@tak.nz,Kayla,Ferguson,6057
russell.marsh@tak.nz,Russell,Marsh,6058
ava.boyd@tak.nz,Ava,Boyd,6059
lee.palmer@tak.nz,Lee,Palmer,6060
kylie.burton@tak.nz,Kylie,Burton,6061
james.radley@tak.nz,James,Radley,6062
linda.smith@tak.nz,Linda,Smith,6063
joseph.davis@tak.nz,Joseph,Davis,6064
nancy.anderson@tak.nz,Nancy,Anderson,6065
mark.perez@tak.nz,Mark,Perez,6066
emily.lewis@tak.nz,Emily,Lewis,6067
kevin.scott@tak.nz,Kevin,Scott,6068
stephanie.nelson@tak.nz,Stephanie,Nelson,6069
jeffrey.roberts@tak.nz,Jeffrey,Roberts,6070
shirley.cruz@tak.nz,Shirley,Cruz,6071
stephen.murphy@tak.nz,Stephen,Murphy,6072
emma.peterson@tak.nz,Emma,Peterson,6073
gregory.cox@tak.nz,Gregory,Cox,6074
carolyn.james@tak.nz,Carolyn,James,6075
jerry.alvarez@tak.nz,Jerry,Alvarez,6076
julie.foster@tak.nz,Julie,Foster,6077
zachary.bell@tak.nz,Zachary,Bell,6078
joan.vasquez@tak.nz,Joan,Vasquez,6079
jeremy.graham@tak.nz,Jeremy,Graham,6080
jacqueline.hayes@tak.nz,Jacqueline,Hayes,6081
gerald.ford@tak.nz,Gerald,Ford,6082
julia.wells@tak.nz,Julia,Wells,6083
jesse.berg@tak.nz,Jesse,Berg,6084
marilyn.fraser@tak.nz,Marilyn,Fraser,6085
alan.douglas@tak.nz,Alan,Douglas,6086
natalie.harvey@tak.nz,Natalie,Harvey,6087
vincent.hunt@tak.nz,Vincent,Hunt,6088
doris.franklin@tak.nz,Doris,Franklin,6089
philip.whitfield@tak.nz,Philip,Whitfield,6090
chloe.redmond@tak.nz,Chloe,Redmond,6091
craig.brown@tak.nz,Craig,Brown,6092
ellie.hernandez@tak.nz,Ellie,Hernandez,6093
robert.moore@tak.nz,Robert,Moore,6094
barbara.harris@tak.nz,Barbara,Harris,6095
charles.young@tak.nz,Charles,Young,6096
margaret.hill@tak.nz,Margaret,Hill,6097
steven.rivera@tak.nz,Steven,Rivera,6098
michelle.evans@tak.nz,Michelle,Evans,6099
george.reyes@tak.nz,George,Reyes,6100
sharon.gutierrez@tak.nz,Sharon,Gutierrez,6101
jacob.kelly@tak.nz,Jacob,Kelly,6102
helen.watson@tak.nz,Helen,Watson,6103
justin.mendoza@tak.nz,Justin,Mendoza,6104
katherine.patel@tak.nz,Katherine,Patel,6105
frank.jenkins@tak.nz,Frank,Jenkins,6106
ruth.henderson@tak.nz,Ruth,Henderson,6107
aaron.jordan@tak.nz,Aaron,Jordan,6108
victoria.wallace@tak.nz,Victoria,Wallace,6109
peter.bryant@tak.nz,Peter,Bryant,6110
judith.mcdonald@tak.nz,Judith,McDonald,6111
keith.webb@tak.nz,Keith,Webb,6112
gloria.andersen@tak.nz,Gloria,Andersen,6113
harold.macdonald@tak.nz,Harold,MacDonald,6114
judy.bishop@tak.nz,Judy,Bishop,6115
billy.holt@tak.nz,Billy,Holt,6116
danielle.curtis@tak.nz,Danielle,Curtis,6117
albert.manning@tak.nz,Albert,Manning,6118
lori.kingsley@tak.nz,Lori,Kingsley,6119
roy.ashford@tak.nz,Roy,Ashford,6120
erin.miller@tak.nz,Erin,Miller,6121
curtis.wilson@tak.nz,Curtis,Wilson,6122
bethany.lee@tak.nz,Bethany,Lee,6123
fred.ramirez@tak.nz,Fred,Ramirez,6124
mary.wright@tak.nz,Mary,Wright,6125
william.adams@tak.nz,William,Adams,6126
jessica.carter@tak.nz,Jessica,Carter,6127
daniel.parker@tak.nz,Daniel,Parker,6128
sandra.morales@tak.nz,Sandra,Morales,6129
andrew.cooper@tak.nz,Andrew,Cooper,6130
amanda.kim@tak.nz,Amanda,Kim,6131
ronald.wood@tak.nz,Ronald,Wood,6132
cynthia.price@tak.nz,Cynthia,Price,6133
nicholas.ross@tak.nz,Nicholas,Ross,6134
brenda.sullivan@tak.nz,Brenda,Sullivan,6135
brandon.fisher@tak.nz,Brandon,Fisher,6136
debra.hamilton@tak.nz,Debra,Hamilton,6137
raymond.cole@tak.nz,Raymond,Cole,6138
heather.murray@tak.nz,Heather,Murray,6139
adam.kennedy@tak.nz,Adam,Kennedy,6140
kelly.christensen@tak.nz,Kelly,Christensen,6141
ethan.erikson@tak.nz,Ethan,Erikson,6142
andrea.sinclair@tak.nz,Andrea,Sinclair,6143
terry.barker@tak.nz,Terry,Barker,6144
sara.dixon@tak.nz,Sara,Dixon,6145
arthur.gardner@tak.nz,Arthur,Gardner,6146
madison.chapman@tak.nz,Madison,Chapman,6147
gabriel.delaney@tak.nz,Gabriel,Delaney,6148
brittany.williams@tak.nz,Brittany,Williams,6149
elijah.martinez@tak.nz,Elijah,Martinez,6150
tiffany.taylor@tak.nz,Tiffany,Taylor,6151
bobby.white@tak.nz,Bobby,White,6152
sophia.walker@tak.nz,Sophia,Walker,6153
jimmy.nguyen@tak.nz,Jimmy,Nguyen,6154
leah.hall@tak.nz,Leah,Hall,6155
chad.phillips@tak.nz,Chad,Phillips,6156
jennifer.collins@tak.nz,Jennifer,Collins,6157
richard.rogers@tak.nz,Richard,Rogers,6158
karen.reed@tak.nz,Karen,Reed,6159
anthony.richardson@tak.nz,Anthony,Richardson,6160
kimberly.gray@tak.nz,Kimberly,Gray,6161
kenneth.sanders@tak.nz,Kenneth,Sanders,6162
deborah.powell@tak.nz,Deborah,Powell,6163
jason.butler@tak.nz,Jason,Butler,6164
amy.romero@tak.nz,Amy,Romero,6165
jonathan.griffin@tak.nz,Jonathan,Griffin,6166
nicole.gibson@tak.nz,Nicole,Gibson,6167
samuel.owens@tak.nz,Samuel,Owens,6168
catherine.fernandez@tak.nz,Catherine,Fernandez,6169
dennis.hansen@tak.nz,Dennis,Hansen,6170
virginia.stewart@tak.nz,Virginia,Stewart,6171
henry.henderson@tak.nz,Henry,Henderson,6172
lauren.newton@tak.nz,Lauren,Newton,6173
noah.barrett@tak.nz,Noah,Barrett,6174
hannah.todd@tak.nz,Hannah,Todd,6175
sean.ashworth@tak.nz,Sean,Ashworth,6176
marie.blackburn@tak.nz,Marie,Blackburn,6177
jordan.garcia@tak.nz,Jordan,Garcia,6178
denise.gonzalez@tak.nz,Denise,Gonzalez,6179
logan.martin@tak.nz,Logan,Martin,6180
abigail.clark@tak.nz,Abigail,Clark,6181
randy.king@tak.nz,Randy,King,6182
alice.green@tak.nz,Alice,Green,6183
bradley.mitchell@tak.nz,Bradley,Mitchell,6184
renee.diaz@tak.nz,Renee,Diaz,6185
todd.morris@tak.nz,Todd,Morris,6186
tara.morgan@tak.nz,Tara,Morgan,6187
john.ramos@tak.nz,John,Ramos,6188
elizabeth.chavez@tak.nz,Elizabeth,Chavez,6189
thomas.hughes@tak.nz,Thomas,Hughes,6190
lisa.long@tak.nz,Lisa,Long,6191
donald.russell@tak.nz,Donald,Russell,6192
donna.gonzales@tak.nz,Donna,Gonzales,6193
brian.alexander@tak.nz,Brian,Alexander,6194
rebecca.west@tak.nz,Rebecca,West,6195
ryan.stevens@tak.nz,Ryan,Stevens,6196
angela.ruiz@tak.nz,Angela,Ruiz,6197
larry.stevenson@tak.nz,Larry,Stevenson,6198
samantha.olsen@tak.nz,Samantha,Olsen,6199
alexander.duncan@tak.nz,Alexander,Duncan,6200
janet.fletcher@tak.nz,Janet,Fletcher,6201
tyler.pearce@tak.nz,Tyler,Pearce,6202
joyce.osborne@tak.nz,Joyce,Osborne,6203
douglas.kirk@tak.nz,Douglas,Kirk,6204
evelyn.winslow@tak.nz,Evelyn,Winslow,6205
christian.johnson@tak.nz,Christian,Johnson,6206
martha.rodriguez@tak.nz,Martha,Rodriguez,6207
carl.thomas@tak.nz,Carl,Thomas,6208
grace.thompson@tak.nz,Grace,Thompson,6209
bryan.robinson@tak.nz,Bryan,Robinson,6210
amber.torres@tak.nz,Amber,Torres,6211
juan.baker@tak.nz,Juan,Baker,6212
jane.gomez@tak.nz,Jane,Gomez,6213
mason.edwards@tak.nz,Mason,Edwards,6214
gina.cook@tak.nz,Gina,Cook,6215
eugene.bailey@tak.nz,Eugene,Bailey,6216
charlotte.ward@tak.nz,Charlotte,Ward,6217
alexis.bennett@tak.nz,Alexis,Bennett,6218
priscilla.castillo@tak.nz,Priscilla,Castillo,6219
michael.jimenez@tak.nz,Michael,Jimenez,6220
susan.coleman@tak.nz,Susan,Coleman,6221
christopher.simmons@tak.nz,Christopher,Simmons,6222
betty.reynolds@tak.nz,Betty,Reynolds,6223
paul.chapman@tak.nz,Paul,Chapman,6224
carol.marshall@tak.nz,Carol,Marshall,6225
timothy.warren@tak.nz,Timothy,Warren,6226
laura.larsen@tak.nz,Laura,Larsen,6227
gary.cameron@tak.nz,Gary,Cameron,6228
anna.grant@tak.nz,Anna,Grant,6229
scott.chambers@tak.nz,Scott,Chambers,6230
christine.nolan@tak.nz,Christine,Nolan,6231
patrick.lawson@tak.nz,Patrick,Lawson,6232
maria.blackwood@tak.nz,Maria,Blackwood,6233
jose.sutherland@tak.nz,Jose,Sutherland,6234
olivia.jones@tak.nz,Olivia,Jones,6235
kyle.lopez@tak.nz,Kyle,Lopez,6236
megan.jackson@tak.nz,Megan,Jackson,6237
roger.sanchez@tak.nz,Roger,Sanchez,6238
teresa.allen@tak.nz,Teresa,Allen,6239
dylan.flores@tak.nz,Dylan,Flores,6240
theresa.campbell@tak.nz,Theresa,Campbell,6241
bruce.turner@tak.nz,Bruce,Turner,6242
rose.stewart@tak.nz,Rose,Stewart,6243
willie.ortiz@tak.nz,Willie,Ortiz,6244
alexis.howard@tak.nz,Alexis,Howard,6245
ralph.brooks@tak.nz,Ralph,Brooks,6246
isabella.ruiz@tak.nz,Isabella,Ruiz,6247
louis.myers@tak.nz,Louis,Myers,6248
jasmine.perry@tak.nz,Jasmine,Perry,6249
marcus.barnes@tak.nz,Marcus,Barnes,6250
patricia.patterson@tak.nz,Patricia,Patterson,6251
david.moreno@tak.nz,David,Moreno,6252
sarah.ellis@tak.nz,Sarah,Ellis,6253
matthew.harrison@tak.nz,Matthew,Harrison,6254
ashley.simpson@tak.nz,Ashley,Simpson,6255
joshua.pedersen@tak.nz,Joshua,Pedersen,6256
melissa.ferguson@tak.nz,Melissa,Ferguson,6257
edward.marsh@tak.nz,Edward,Marsh,6258
kathleen.boyd@tak.nz,Kathleen,Boyd,6259
eric.palmer@tak.nz,Eric,Palmer,6260
pamela.burton@tak.nz,Pamela,Burton,6261
benjamin.radley@tak.nz,Benjamin,Radley,6262
rachel.smith@tak.nz,Rachel,Smith,6263
jack.davis@tak.nz,Jack,Davis,6264
diane.anderson@tak.nz,Diane,Anderson,6265
nathan.perez@tak.nz,Nathan,Perez,6266
christina.lewis@tak.nz,Christina,Lewis,6267
walter.scott@tak.nz,Walter,Scott,6268
cheryl.nelson@tak.nz,Cheryl,Nelson,6269
austin.roberts@tak.nz,Austin,Roberts,6270
janice.cruz@tak.nz,Janice,Cruz,6271
lawrence.murphy@tak.nz,Lawrence,Murphy,6272
beverly.peterson@tak.nz,Beverly,Peterson,6273
joe.cox@tak.nz,Joe,Cox,6274
diana.james@tak.nz,Diana,James,6275
wayne.alvarez@tak.nz,Wayne,Alvarez,6276
kayla.foster@tak.nz,Kayla,Foster,6277
russell.bell@tak.nz,Russell,Bell,6278
ava.vasquez@tak.nz,Ava,Vasquez,6279
lee.graham@tak.nz,Lee,Graham,6280
kylie.hayes@tak.nz,Kylie,Hayes,6281
james.ford@tak.nz,James,Ford,6282
linda.wells@tak.nz,Linda,Wells,6283
joseph.berg@tak.nz,Joseph,Berg,6284
nancy.fraser@tak.nz,Nancy,Fraser,6285
mark.douglas@tak.nz,Mark,Douglas,6286
emily.harvey@tak.nz,Emily,Harvey,6287
kevin.hunt@tak.nz,Kevin,Hunt,6288
stephanie.franklin@tak.nz,Stephanie,Franklin,6289
jeffrey.whitfield@tak.nz,Jeffrey,Whitfield,6290
shirley.redmond@tak.nz,Shirley,Redmond,6291
stephen.brown@tak.nz,Stephen,Brown,6292
emma.hernandez@tak.nz,Emma,Hernandez,6293
gregory.moore@tak.nz,Gregory,Moore,6294
carolyn.harris@tak.nz,Carolyn,Harris,6295
jerry.young@tak.nz,Jerry,Young,6296
julie.hill@tak.nz,Julie,Hill,6297
zachary.rivera@tak.nz,Zachary,Rivera,6298
joan.evans@tak.nz,Joan,Evans,6299
jeremy.reyes@tak.nz,Jeremy,Reyes,6300
jacqueline.gutierrez@tak.nz,Jacqueline,Gutierrez,6301
gerald.kelly@tak.nz,Gerald,Kelly,6302
julia.watson@tak.nz,Julia,Watson,6303
jesse.mendoza@tak.nz,Jesse,Mendoza,6304
marilyn.patel@tak.nz,Marilyn,Patel,6305
alan.jenkins@tak.nz,Alan,Jenkins,6306
natalie.henderson@tak.nz,Natalie,Henderson,6307
vincent.jordan@tak.nz,Vincent,Jordan,6308
doris.wallace@tak.nz,Doris,Wallace,6309
philip.bryant@tak.nz,Philip,Bryant,6310
chloe.mcdonald@tak.nz,Chloe,McDonald,6311
craig.webb@tak.nz,Craig,Webb,6312
ellie.andersen@tak.nz,Ellie,Andersen,6313
robert.macdonald@tak.nz,Robert,MacDonald,6314
barbara.bishop@tak.nz,Barbara,Bishop,6315
charles.holt@tak.nz,Charles,Holt,6316
margaret.curtis@tak.nz,Margaret,Curtis,6317
steven.manning@tak.nz,Steven,Manning,6318
michelle.kingsley@tak.nz,Michelle,Kingsley,6319
george.ashford@tak.nz,George,Ashford,6320
sharon.miller@tak.nz,Sharon,Miller,6321
jacob.wilson@tak.nz,Jacob,Wilson,6322
helen.lee@tak.nz,Helen,Lee,6323
justin.ramirez@tak.nz,Justin,Ramirez,6324
katherine.wright@tak.nz,Katherine,Wright,6325
frank.adams@tak.nz,Frank,Adams,6326
ruth.carter@tak.nz,Ruth,Carter,6327
aaron.parker@tak.nz,Aaron,Parker,6328
victoria.morales@tak.nz,Victoria,Morales,6329
peter.cooper@tak.nz,Peter,Cooper,6330
judith.kim@tak.nz,Judith,Kim,6331
keith.wood@tak.nz,Keith,Wood,6332
gloria.price@tak.nz,Gloria,Price,6333
harold.ross@tak.nz,Harold,Ross,6334
judy.sullivan@tak.nz,Judy,Sullivan,6335
billy.fisher@tak.nz,Billy,Fisher,6336
danielle.hamilton@tak.nz,Danielle,Hamilton,6337
albert.cole@tak.nz,Albert,Cole,6338
lori.murray@tak.nz,Lori,Murray,6339
roy.kennedy@tak.nz,Roy,Kennedy,6340
erin.christensen@tak.nz,Erin,Christensen,6341
curtis.erikson@tak.nz,Curtis,Erikson,6342
bethany.sinclair@tak.nz,Bethany,Sinclair,6343
fred.barker@tak.nz,Fred,Barker,6344
mary.dixon@tak.nz,Mary,Dixon,6345
william.gardner@tak.nz,William,Gardner,6346
jessica.chapman@tak.nz,Jessica,Chapman,6347
daniel.delaney@tak.nz,Daniel,Delaney,6348
sandra.williams@tak.nz,Sandra,Williams,6349
andrew.martinez@tak.nz,Andrew,Martinez,6350
amanda.taylor@tak.nz,Amanda,Taylor,6351
ronald.white@tak.nz,Ronald,White,6352
cynthia.walker@tak.nz,Cynthia,Walker,6353
nicholas.nguyen@tak.nz,Nicholas,Nguyen,6354
brenda.hall@tak.nz,Brenda,Hall,6355
brandon.phillips@tak.nz,Brandon,Phillips,6356
debra.collins@tak.nz,Debra,Collins,6357
raymond.rogers@tak.nz,Raymond,Rogers,6358
heather.reed@tak.nz,Heather,Reed,6359
adam.richardson@tak.nz,Adam,Richardson,6360
kelly.gray@tak.nz,Kelly,Gray,6361
ethan.sanders@tak.nz,Ethan,Sanders,6362
andrea.powell@tak.nz,Andrea,Powell,6363
terry.butler@tak.nz,Terry,Butler,6364
sara.romero@tak.nz,Sara,Romero,6365
arthur.griffin@tak.nz,Arthur,Griffin,6366
madison.gibson@tak.nz,Madison,Gibson,6367
gabriel.owens@tak.nz,Gabriel,Owens,6368
brittany.fernandez@tak.nz,Brittany,Fernandez,6369
elijah.hansen@tak.nz,Elijah,Hansen,6370
tiffany.stewart@tak.nz,Tiffany,Stewart,6371
bobby.henderson@tak.nz,Bobby,Henderson,6372
sophia.newton@tak.nz,Sophia,Newton,6373
jimmy.barrett@tak.nz,Jimmy,Barrett,6374
leah.todd@tak.nz,Leah,Todd,6375
chad.ashworth@tak.nz,Chad,Ashworth,6376
jennifer.blackburn@tak.nz,Jennifer,Blackburn,6377
richard.garcia@tak.nz,Richard,Garcia,6378
karen.gonzalez@tak.nz,Karen,Gonzalez,6379
anthony.martin@tak.nz,Anthony,Martin,6380
kimberly.clark@tak.nz,Kimberly,Clark,6381
kenneth.king@tak.nz,Kenneth,King,6382
deborah.green@tak.nz,Deborah,Green,6383
jason.mitchell@tak.nz,Jason,Mitchell,6384
amy.diaz@tak.nz,Amy,Diaz,6385
jonathan.morris@tak.nz,Jonathan,Morris,6386
nicole.morgan@tak.nz,Nicole,Morgan,6387
samuel.ramos@tak.nz,Samuel,Ramos,6388
catherine.chavez@tak.nz,Catherine,Chavez,6389
dennis.hughes@tak.nz,Dennis,Hughes,6390
virginia.long@tak.nz,Virginia,Long,6391
henry.russell@tak.nz,Henry,Russell,6392
lauren.gonzales@tak.nz,Lauren,Gonzales,6393
noah.alexander@tak.nz,Noah,Alexander,6394
hannah.west@tak.nz,Hannah,West,6395
sean.stevens@tak.nz,Sean,Stevens,6396
marie.ruiz@tak.nz,Marie,Ruiz,6397
jordan.stevenson@tak.nz,Jordan,Stevenson,6398
denise.olsen@tak.nz,Denise,Olsen,6399
logan.duncan@tak.nz,Logan,Duncan,6400
abigail.fletcher@tak.nz,Abigail,Fletcher,6401
randy.pearce@tak.nz,Randy,Pearce,6402
alice.osborne@tak.nz,Alice,Osborne,6403
bradley.kirk@tak.nz,Bradley,Kirk,6404
renee.winslow@tak.nz,Renee,Winslow,6405
todd.johnson@tak.nz,Todd,Johnson,6406
tara.rodriguez@tak.nz,Tara,Rodriguez,6407
john.thomas@tak.nz,John,Thomas,6408
elizabeth.thompson@tak.nz,Elizabeth,Thompson,6409
thomas.robinson@tak.nz,Thomas,Robinson,6410
lisa.torres@tak.nz,Lisa,Torres,6411
donald.baker@tak.nz,Donald,Baker,6412
donna.gomez@tak.nz,Donna,Gomez,6413
brian.edwards@tak.nz,Brian,Edwards,6414
rebecca.cook@tak.nz,Rebecca,Cook,6415
ryan.bailey@tak.nz,Ryan,Bailey,6416
angela.ward@tak.nz,Angela,Ward,6417
larry.bennett@tak.nz,Larry,Bennett,6418
samantha.castillo@tak.nz,Samantha,Castillo,6419
alexander.jimenez@tak.nz,Alexander,Jimenez,6420
janet.coleman@tak.nz,Janet,Coleman,5781
tyler.simmons@tak.nz,Tyler,Simmons,5782
joyce.reynolds@tak.nz,Joyce,Reynolds,5783
douglas.chapman@tak.nz,Douglas,Chapman,5784
evelyn.marshall@tak.nz,Evelyn,Marshall,5785
christian.warren@tak.nz,Christian,Warren,5786
martha.larsen@tak.nz,Martha,Larsen,5787
carl.cameron@tak.nz,Carl,Cameron,5788
grace.grant@tak.nz,Grace,Grant,5789
bryan.chambers@tak.nz,Bryan,Chambers,5790
amber.nolan@tak.nz,Amber,Nolan,5791
juan.lawson@tak.nz,Juan,Lawson,5792
jane.blackwood@tak.nz,Jane,Blackwood,5793
mason.sutherland@tak.nz,Mason,Sutherland,5794
gina.jones@tak.nz,Gina,Jones,5795
eugene.lopez@tak.nz,Eugene,Lopez,5796
charlotte.jackson@tak.nz,Charlotte,Jackson,5797
alexis.sanchez@tak.nz,Alexis,Sanchez,5798
priscilla.allen@tak.nz,Priscilla,Allen,5799
michael.flores@tak.nz,Michael,Flores,5800
susan.campbell@tak.nz,Susan,Campbell,5801
christopher.turner@tak.nz,Christopher,Turner,5802
betty.stewart@tak.nz,Betty,Stewart,5803
paul.ortiz@tak.nz,Paul,Ortiz,5804
carol.howard@tak.nz,Carol,Howard,5805
timothy.brooks@tak.nz,Timothy,Brooks,5806
laura.ruiz@tak.nz,Laura,Ruiz,5807
gary.myers@tak.nz,Gary,Myers,5808
anna.perry@tak.nz,Anna,Perry,5809
scott.barnes@tak.nz,Scott,Barnes,5810
christine.patterson@tak.nz,Christine,Patterson,5811
patrick.moreno@tak.nz,Patrick,Moreno,5812
maria.ellis@tak.nz,Maria,Ellis,5813
jose.harrison@tak.nz,Jose,Harrison,5814
olivia.simpson@tak.nz,Olivia,Simpson,5815
kyle.pedersen@tak.nz,Kyle,Pedersen,5816
megan.ferguson@tak.nz,Megan,Ferguson,5817
roger.marsh@tak.nz,Roger,Marsh,5818
teresa.boyd@tak.nz,Teresa,Boyd,5819
dylan.palmer@tak.nz,Dylan,Palmer,5820
theresa.burton@tak.nz,Theresa,Burton,5821
bruce.radley@tak.nz,Bruce,Radley,5822
rose.smith@tak.nz,Rose,Smith,5823
willie.davis@tak.nz,Willie,Davis,5824
alexis.anderson@tak.nz,Alexis,Anderson,5825
ralph.perez@tak.nz,Ralph,Perez,5826
isabella.lewis@tak.nz,Isabella,Lewis,5827
louis.scott@tak.nz,Louis,Scott,5828
jasmine.nelson@tak.nz,Jasmine,Nelson,5829
marcus.roberts@tak.nz,Marcus,Roberts,5830
patricia.cruz@tak.nz,Patricia,Cruz,5831
david.murphy@tak.nz,David,Murphy,5832
sarah.peterson@tak.nz,Sarah,Peterson,5833
matthew.cox@tak.nz,Matthew,Cox,5834
ashley.james@tak.nz,Ashley,James,5835
joshua.alvarez@tak.nz,Joshua,Alvarez,5836
melissa.foster@tak.nz,Melissa,Foster,5837
edward.bell@tak.nz,Edward,Bell,5838
kathleen.vasquez@tak.nz,Kathleen,Vasquez,5839
eric.graham@tak.nz,Eric,Graham,5840
pamela.hayes@tak.nz,Pamela,Hayes,5841
benjamin.ford@tak.nz,Benjamin,Ford,5842
rachel.wells@tak.nz,Rachel,Wells,5843
jack.berg@tak.nz,Jack,Berg,5844
diane.fraser@tak.nz,Diane,Fraser,5845
nathan.douglas@tak.nz,Nathan,Douglas,5846
christina.harvey@tak.nz,Christina,Harvey,5847
walter.hunt@tak.nz,Walter,Hunt,5848
cheryl.franklin@tak.nz,Cheryl,Franklin,5849
austin.whitfield@tak.nz,Austin,Whitfield,5850
janice.redmond@tak.nz,Janice,Redmond,5851
lawrence.brown@tak.nz,Lawrence,Brown,5852
beverly.hernandez@tak.nz,Beverly,Hernandez,5853
joe.moore@tak.nz,Joe,Moore,5854
diana.harris@tak.nz,Diana,Harris,5855
wayne.young@tak.nz,Wayne,Young,5856
kayla.hill@tak.nz,Kayla,Hill,5857
russell.rivera@tak.nz,Russell,Rivera,5858
ava.evans@tak.nz,Ava,Evans,5859
lee.reyes@tak.nz,Lee,Reyes,5860
kylie.gutierrez@tak.nz,Kylie,Gutierrez,5861
james.kelly@tak.nz,James,Kelly,5862
linda.watson@tak.nz,Linda,Watson,5863
joseph.mendoza@tak.nz,Joseph,Mendoza,5864
nancy.patel@tak.nz,Nancy,Patel,5865
mark.jenkins@tak.nz,Mark,Jenkins,5866
emily.henderson@tak.nz,Emily,Henderson,5867
kevin.jordan@tak.nz,Kevin,Jordan,5868
stephanie.wallace@tak.nz,Stephanie,Wallace,5869
jeffrey.bryant@tak.nz,Jeffrey,Bryant,5870
shirley.mcdonald@tak.nz,Shirley,McDonald,5871
stephen.webb@tak.nz,Stephen,Webb,5872
emma.andersen@tak.nz,Emma,Andersen,5873
gregory.macdonald@tak.nz,Gregory,MacDonald,5874
carolyn.bishop@tak.nz,Carolyn,Bishop,5875
jerry.holt@tak.nz,Jerry,Holt,5876
julie.curtis@tak.nz,Julie,Curtis,5877
zachary.manning@tak.nz,Zachary,Manning,5878
joan.kingsley@tak.nz,Joan,Kingsley,5879
jeremy.ashford@tak.nz,Jeremy,Ashford,5880
jacqueline.miller@tak.nz,Jacqueline,Miller,5881
gerald.wilson@tak.nz,Gerald,Wilson,5882
julia.lee@tak.nz,Julia,Lee,5883
jesse.ramirez@tak.nz,Jesse,Ramirez,5884
marilyn.wright@tak.nz,Marilyn,Wright,5885
alan.adams@tak.nz,Alan,Adams,5886
natalie.carter@tak.nz,Natalie,Carter,5887
vincent.parker@tak.nz,Vincent,Parker,5888
doris.morales@tak.nz,Doris,Morales,5889
philip.cooper@tak.nz,Philip,Cooper,5890
chloe.kim@tak.nz,Chloe,Kim,5891
craig.wood@tak.nz,Craig,Wood,5892
ellie.price@tak.nz,Ellie,Price,5893
robert.ross@tak.nz,Robert,Ross,5894
barbara.sullivan@tak.nz,Barbara,Sullivan,5895
charles.fisher@tak.nz,Charles,Fisher,5896
margaret.hamilton@tak.nz,Margaret,Hamilton,5897
steven.cole@tak.nz,Steven,Cole,5898
michelle.murray@tak.nz,Michelle,Murray,5899
george.kennedy@tak.nz,George,Kennedy,5900
sharon.christensen@tak.nz,Sharon,Christensen,5901
jacob.erikson@tak.nz,Jacob,Erikson,5902
helen.sinclair@tak.nz,Helen,Sinclair,5903
justin.barker@tak.nz,Justin,Barker,5904
katherine.dixon@tak.nz,Katherine,Dixon,5905
frank.gardner@tak.nz,Frank,Gardner,5906
ruth.chapman@tak.nz,Ruth,Chapman,5907
aaron.delaney@tak.nz,Aaron,Delaney,5908
victoria.williams@tak.nz,Victoria,Williams,5909
peter.martinez@tak.nz,Peter,Martinez,5910
judith.taylor@tak.nz,Judith,Taylor,5911
keith.white@tak.nz,Keith,White,5912
gloria.walker@tak.nz,Gloria,Walker,5913
harold.nguyen@tak.nz,Harold,Nguyen,5914
judy.hall@tak.nz,Judy,Hall,5915
billy.phillips@tak.nz,Billy,Phillips,5916
danielle.collins@tak.nz,Danielle,Collins,5917
albert.rogers@tak.nz,Albert,Rogers,5918
lori.reed@tak.nz,Lori,Reed,5919
roy.richardson@tak.nz,Roy,Richardson,5920
erin.gray@tak.nz,Erin,Gray,5921
curtis.sanders@tak.nz,Curtis,Sanders,5922
bethany.powell@tak.nz,Bethany,Powell,5923
fred.butler@tak.nz,Fred,Butler,5924
mary.romero@tak.nz,Mary,Romero,5925
william.griffin@tak.nz,William,Griffin,5926
jessica.gibson@tak.nz,Jessica,Gibson,5927
daniel.owens@tak.nz,Daniel,Owens,5928
sandra.fernandez@tak.nz,Sandra,Fernandez,5929
andrew.hansen@tak.nz,Andrew,Hansen,5930
amanda.stewart@tak.nz,Amanda,Stewart,5931
ronald.henderson@tak.nz,Ronald,Henderson,5932
cynthia.newton@tak.nz,Cynthia,Newton,5933
nicholas.barrett@tak.nz,Nicholas,Barrett,5934
brenda.todd@tak.nz,Brenda,Todd,5935
brandon.ashworth@tak.nz,Brandon,Ashworth,5936
debra.blackburn@tak.nz,Debra,Blackburn,5937
raymond.garcia@tak.nz,Raymond,Garcia,5938
heather.gonzalez@tak.nz,Heather,Gonzalez,5939
adam.martin@tak.nz,Adam,Martin,5940
kelly.clark@tak.nz,Kelly,Clark,5941
ethan.king@tak.nz,Ethan,King,5942
andrea.green@tak.nz,Andrea,Green,5943
terry.mitchell@tak.nz,Terry,Mitchell,5944
sara.diaz@tak.nz,Sara,Diaz,5945
arthur.morris@tak.nz,Arthur,Morris,5946
madison.morgan@tak.nz,Madison,Morgan,5947
gabriel.ramos@tak.nz,Gabriel,Ramos,5948
brittany.chavez@tak.nz,Brittany,Chavez,5949
elijah.hughes@tak.nz,Elijah,Hughes,5950
tiffany.long@tak.nz,Tiffany,Long,5951
bobby.russell@tak.nz,Bobby,Russell,5952
sophia.gonzales@tak.nz,Sophia,Gonzales,5953
jimmy.alexander@tak.nz,Jimmy,Alexander,5954
leah.west@tak.nz,Leah,West,5955
chad.stevens@tak.nz,Chad,Stevens,5956
jennifer.ruiz@tak.nz,Jennifer,Ruiz,5957
richard.stevenson@tak.nz,Richard,Stevenson,5958
karen.olsen@tak.nz,Karen,Olsen,5959
anthony.duncan@tak.nz,Anthony,Duncan,5960
kimberly.fletcher@tak.nz,Kimberly,Fletcher,5961
kenneth.pearce@tak.nz,Kenneth,Pearce,5962
deborah.osborne@tak.nz,Deborah,Osborne,5963
jason.kirk@tak.nz,Jason,Kirk,5964
amy.winslow@tak.nz,Amy,Winslow,5965
jonathan.johnson@tak.nz,Jonathan,Johnson,5966
nicole.rodriguez@tak.nz,Nicole,Rodriguez,5967
samuel.thomas@tak.nz,Samuel,Thomas,5968
catherine.thompson@tak.nz,Catherine,Thompson,5969
dennis.robinson@tak.nz,Dennis,Robinson,5970
virginia.torres@tak.nz,Virginia,Torres,5971
henry.baker@tak.nz,Henry,Baker,5972
lauren.gomez@tak.nz,Lauren,Gomez,5973
noah.edwards@tak.nz,Noah,Edwards,5974
hannah.cook@tak.nz,Hannah,Cook,5975
sean.bailey@tak.nz,Sean,Bailey,5976
marie.ward@tak.nz,Marie,Ward,5977
jordan.bennett@tak.nz,Jordan,Bennett,5978
denise.castillo@tak.nz,Denise,Castillo,5979
logan.jimenez@tak.nz,Logan,Jimenez,5980
abigail.coleman@tak.nz,Abigail,Coleman,5981
randy.simmons@tak.nz,Randy,Simmons,5982
alice.reynolds@tak.nz,Alice,Reynolds,5983
bradley.chapman@tak.nz,Bradley,Chapman,5984
renee.marshall@tak.nz,Renee,Marshall,5985
todd.warren@tak.nz,Todd,Warren,5986
tara.larsen@tak.nz,Tara,Larsen,5987
john.cameron@tak.nz,John,Cameron,5988
elizabeth.grant@tak.nz,Elizabeth,Grant,5989
thomas.chambers@tak.nz,Thomas,Chambers,5990
lisa.nolan@tak.nz,Lisa,Nolan,5991
donald.lawson@tak.nz,Donald,Lawson,5992
donna.blackwood@tak.nz,Donna,Blackwood,5993
brian.sutherland@tak.nz,Brian,Sutherland,5994
rebecca.jones@tak.nz,Rebecca,Jones,5995
ryan.lopez@tak.nz,Ryan,Lopez,5996
angela.jackson@tak.nz,Angela,Jackson,5997
larry.sanchez@tak.nz,Larry,Sanchez,5998
samantha.allen@tak.nz,Samantha,Allen,5999
alexander.flores@tak.nz,Alexander,Flores,6000
janet.campbell@tak.nz,Janet,Campbell,6001
tyler.turner@tak.nz,Tyler,Turner,6002
joyce.stewart@tak.nz,Joyce,Stewart,6003
douglas.ortiz@tak.nz,Douglas,Ortiz,6004
evelyn.howard@tak.nz,Evelyn,Howard,6005
christian.brooks@tak.nz,Christian,Brooks,6006
martha.ruiz@tak.nz,Martha,Ruiz,6007
carl.myers@tak.nz,Carl,Myers,6008
grace.perry@tak.nz,Grace,Perry,6009
bryan.barnes@tak.nz,Bryan,Barnes,6010
amber.patterson@tak.nz,Amber,Patterson,6011
juan.moreno@tak.nz,Juan,Moreno,6012
jane.ellis@tak.nz,Jane,Ellis,6013
mason.harrison@tak.nz,Mason,Harrison,6014
gina.simpson@tak.nz,Gina,Simpson,6015
eugene.pedersen@tak.nz,Eugene,Pedersen,6016
charlotte.ferguson@tak.nz,Charlotte,Ferguson,6017
alexis.marsh@tak.nz,Alexis,Marsh,6018
priscilla.boyd@tak.nz,Priscilla,Boyd,6019
michael.palmer@tak.nz,Michael,Palmer,6020
susan.burton@tak.nz,Susan,Burton,6021
christopher.radley@tak.nz,Christopher,Radley,6022
betty.smith@tak.nz,Betty,Smith,6023
paul.davis@tak.nz,Paul,Davis,6024
carol.anderson@tak.nz,Carol,Anderson,6025
timothy.perez@tak.nz,Timothy,Perez,6026
laura.lewis@tak.nz,Laura,Lewis,6027
gary.scott@tak.nz,Gary,Scott,6028
anna.nelson@tak.nz,Anna,Nelson,6029
scott.roberts@tak.nz,Scott,Roberts,6030
christine.cruz@tak.nz,Christine,Cruz,6031
patrick.murphy@tak.nz,Patrick,Murphy,6032
maria.peterson@tak.nz,Maria,Peterson,6033
jose.cox@tak.nz,Jose,Cox,6034
olivia.james@tak.nz,Olivia,James,6035
kyle.alvarez@tak.nz,Kyle,Alvarez,6036
megan.foster@tak.nz,Megan,Foster,6037
roger.bell@tak.nz,Roger,Bell,6038
teresa.vasquez@tak.nz,Teresa,Vasquez,6039
dylan.graham@tak.nz,Dylan,Graham,6040
theresa.hayes@tak.nz,Theresa,Hayes,6041
bruce.ford@tak.nz,Bruce,Ford,6042
rose.wells@tak.nz,Rose,Wells,6043
willie.berg@tak.nz,Willie,Berg,6044
alexis.fraser@tak.nz,Alexis,Fraser,6045
ralph.douglas@tak.nz,Ralph,Douglas,6046
isabella.harvey@tak.nz,Isabella,Harvey,6047
louis.hunt@tak.nz,Louis,Hunt,6048
jasmine.franklin@tak.nz,Jasmine,Franklin,6049
marcus.whitfield@tak.nz,Marcus,Whitfield,6050
patricia.redmond@tak.nz,Patricia,Redmond,6051
david.brown@tak.nz,David,Brown,6052
sarah.hernandez@tak.nz,Sarah,Hernandez,6053
matthew.moore@tak.nz,Matthew,Moore,6054
ashley.harris@tak.nz,Ashley,Harris,6055
joshua.young@tak.nz,Joshua,Young,6056
melissa.hill@tak.nz,Melissa,Hill,6057
edward.rivera@tak.nz,Edward,Rivera,6058
kathleen.evans@tak.nz,Kathleen,Evans,6059
eric.reyes@tak.nz,Eric,Reyes,6060
pamela.gutierrez@tak.nz,Pamela,Gutierrez,6061
benjamin.kelly@tak.nz,Benjamin,Kelly,6062
rachel.watson@tak.nz,Rachel,Watson,6063
jack.mendoza@tak.nz,Jack,Mendoza,6064
diane.patel@tak.nz,Diane,Patel,6065
nathan.jenkins@tak.nz,Nathan,Jenkins,6066
christina.henderson@tak.nz,Christina,Henderson,6067
walter.jordan@tak.nz,Walter,Jordan,6068
cheryl.wallace@tak.nz,Cheryl,Wallace,6069
austin.bryant@tak.nz,Austin,Bryant,6070
janice.mcdonald@tak.nz,Janice,McDonald,6071
lawrence.webb@tak.nz,Lawrence,Webb,6072
beverly.andersen@tak.nz,Beverly,Andersen,6073
joe.macdonald@tak.nz,Joe,MacDonald,6074
diana.bishop@tak.nz,Diana,Bishop,6075
wayne.holt@tak.nz,Wayne,Holt,6076
kayla.curtis@tak.nz,Kayla,Curtis,6077
russell.manning@tak.nz,Russell,Manning,6078
ava.kingsley@tak.nz,Ava,Kingsley,6079
lee.ashford@tak.nz,Lee,Ashford,6080
kylie.miller@tak.nz,Kylie,Miller,6081
james.wilson@tak.nz,James,Wilson,6082
linda.lee@tak.nz,Linda,Lee,6083
joseph.ramirez@tak.nz,Joseph,Ramirez,6084
nancy.wright@tak.nz,Nancy,Wright,6085
mark.adams@tak.nz,Mark,Adams,6086
emily.carter@tak.nz,Emily,Carter,6087
kevin.parker@tak.nz,Kevin,Parker,6088
stephanie.morales@tak.nz,Stephanie,Morales,6089
jeffrey.cooper@tak.nz,Jeffrey,Cooper,6090
shirley.kim@tak.nz,Shirley,Kim,6091
stephen.wood@tak.nz,Stephen,Wood,6092
emma.price@tak.nz,Emma,Price,6093
gregory.ross@tak.nz,Gregory,Ross,6094
carolyn.sullivan@tak.nz,Carolyn,Sullivan,6095
jerry.fisher@tak.nz,Jerry,Fisher,6096
julie.hamilton@tak.nz,Julie,Hamilton,6097
zachary.cole@tak.nz,Zachary,Cole,6098
joan.murray@tak.nz,Joan,Murray,6099
jeremy.kennedy@tak.nz,Jeremy,Kennedy,6100
jacqueline.christensen@tak.nz,Jacqueline,Christensen,6101
gerald.erikson@tak.nz,Gerald,Erikson,6102
julia.sinclair@tak.nz,Julia,Sinclair,6103
jesse.barker@tak.nz,Jesse,Barker,6104
marilyn.dixon@tak.nz,Marilyn,Dixon,6105
alan.gardner@tak.nz,Alan,Gardner,6106
natalie.chapman@tak.nz,Natalie,Chapman,6107
vincent.delaney@tak.nz,Vincent,Delaney,6108
doris.williams@tak.nz,Doris,Williams,6109
philip.martinez@tak.nz,Philip,Martinez,6110
chloe.taylor@tak.nz,Chloe,Taylor,6111
craig.white@tak.nz,Craig,White,6112
ellie.walker@tak.nz,Ellie,Walker,6113
robert.nguyen@tak.nz,Robert,Nguyen,6114
barbara.hall@tak.nz,Barbara,Hall,6115
charles.phillips@tak.nz,Charles,Phillips,6116
margaret.collins@tak.nz,Margaret,Collins,6117
steven.rogers@tak.nz,Steven,Rogers,6118
michelle.reed@tak.nz,Michelle,Reed,6119
george.richardson@tak.nz,George,Richardson,6120
sharon.gray@tak.nz,Sharon,Gray,6121
jacob.sanders@tak.nz,Jacob,Sanders,6122
helen.powell@tak.nz,Helen,Powell,6123
justin.butler@tak.nz,Justin,Butler,6124
katherine.romero@tak.nz,Katherine,Romero,6125
frank.griffin@tak.nz,Frank,Griffin,6126
ruth.gibson@tak.nz,Ruth,Gibson,6127
aaron.owens@tak.nz,Aaron,Owens,6128
victoria.fernandez@tak.nz,Victoria,Fernandez,6129
peter.hansen@tak.nz,Peter,Hansen,6130
judith.stewart@tak.nz,Judith,Stewart,6131
keith.henderson@tak.nz,Keith,Henderson,6132
gloria.newton@tak.nz,Gloria,Newton,6133
harold.barrett@tak.nz,Harold,Barrett,6134
judy.todd@tak.nz,Judy,Todd,6135
billy.ashworth@tak.nz,Billy,Ashworth,6136
danielle.blackburn@tak.nz,Danielle,Blackburn,6137
albert.garcia@tak.nz,Albert,Garcia,6138
lori.gonzalez@tak.nz,Lori,Gonzalez,6139
roy.martin@tak.nz,Roy,Martin,6140
erin.clark@tak.nz,Erin,Clark,6141
curtis.king@tak.nz,Curtis,King,6142
bethany.green@tak.nz,Bethany,Green,6143
fred.mitchell@tak.nz,Fred,Mitchell,6144
mary.diaz@tak.nz,Mary,Diaz,6145
william.morris@tak.nz,William,Morris,6146
jessica.morgan@tak.nz,Jessica,Morgan,6147
daniel.ramos@tak.nz,Daniel,Ramos,6148
sandra.chavez@tak.nz,Sandra,Chavez,6149
andrew.hughes@tak.nz,Andrew,Hughes,6150
amanda.long@tak.nz,Amanda,Long,6151
ronald.russell@tak.nz,Ronald,Russell,6152
cynthia.gonzales@tak.nz,Cynthia,Gonzales,6153
nicholas.alexander@tak.nz,Nicholas,Alexander,6154
brenda.west@tak.nz,Brenda,West,6155
brandon.stevens@tak.nz,Brandon,Stevens,6156
debra.ruiz@tak.nz,Debra,Ruiz,6157
raymond.stevenson@tak.nz,Raymond,Stevenson,6158
heather.olsen@tak.nz,Heather,Olsen,6159
adam.duncan@tak.nz,Adam,Duncan,6160
kelly.fletcher@tak.nz,Kelly,Fletcher,6161
ethan.pearce@tak.nz,Ethan,Pearce,6162
andrea.osborne@tak.nz,Andrea,Osborne,6163
terry.kirk@tak.nz,Terry,Kirk,6164
sara.winslow@tak.nz,Sara,Winslow,6165
arthur.johnson@tak.nz,Arthur,Johnson,6166
madison.rodriguez@tak.nz,Madison,Rodriguez,6167
gabriel.thomas@tak.nz,Gabriel,Thomas,6168
brittany.thompson@tak.nz,Brittany,Thompson,6169
elijah.robinson@tak.nz,Elijah,Robinson,6170
tiffany.torres@tak.nz,Tiffany,Torres,6171
bobby.baker@tak.nz,Bobby,Baker,6172
sophia.gomez@tak.nz,Sophia,Gomez,6173
jimmy.edwards@tak.nz,Jimmy,Edwards,6174
leah.cook@tak.nz,Leah,Cook,6175
chad.bailey@tak.nz,Chad,Bailey,6176
jennifer.ward@tak.nz,Jennifer,Ward,6177
richard.bennett@tak.nz,Richard,Bennett,6178
karen.castillo@tak.nz,Karen,Castillo,6179
anthony.jimenez@tak.nz,Anthony,Jimenez,6180
kimberly.coleman@tak.nz,Kimberly,Coleman,6181
kenneth.simmons@tak.nz,Kenneth,Simmons,6182
deborah.reynolds@tak.nz,Deborah,Reynolds,6183
jason.chapman@tak.nz,Jason,Chapman,6184
amy.marshall@tak.nz,Amy,Marshall,6185
jonathan.warren@tak.nz,Jonathan,Warren,6186
nicole.larsen@tak.nz,Nicole,Larsen,6187
samuel.cameron@tak.nz,Samuel,Cameron,6188
catherine.grant@tak.nz,Catherine,Grant,6189
dennis.chambers@tak.nz,Dennis,Chambers,6190
virginia.nolan@tak.nz,Virginia,Nolan,6191
henry.lawson@tak.nz,Henry,Lawson,6192
lauren.blackwood@tak.nz,Lauren,Blackwood,6193
noah.sutherland@tak.nz,Noah,Sutherland,6194
hannah.jones@tak.nz,Hannah,Jones,6195
sean.lopez@tak.nz,Sean,Lopez,6196
marie.jackson@tak.nz,Marie,Jackson,6197
jordan.sanchez@tak.nz,Jordan,Sanchez,6198
denise.allen@tak.nz,Denise,Allen,6199
logan.flores@tak.nz,Logan,Flores,6200
abigail.campbell@tak.nz,Abigail,Campbell,6201
randy.turner@tak.nz,Randy,Turner,6202
alice.stewart@tak.nz,Alice,Stewart,6203
bradley.ortiz@tak.nz,Bradley,Ortiz,6204
renee.howard@tak.nz,Renee,Howard,6205
todd.brooks@tak.nz,Todd,Brooks,6206
tara.ruiz@tak.nz,Tara,Ruiz,6207
john.myers@tak.nz,John,Myers,6208
elizabeth.perry@tak.nz,Elizabeth,Perry,6209
thomas.barnes@tak.nz,Thomas,Barnes,6210
lisa.patterson@tak.nz,Lisa,Patterson,6211
donald.moreno@tak.nz,Donald,Moreno,6212
donna.ellis@tak.nz,Donna,Ellis,6213
brian.harrison@tak.nz,Brian,Harrison,6214
rebecca.simpson@tak.nz,Rebecca,Simpson,6215
ryan.pedersen@tak.nz,Ryan,Pedersen,6216
angela.ferguson@tak.nz,Angela,Ferguson,6217
larry.marsh@tak.nz,Larry,Marsh,6218
samantha.boyd@tak.nz,Samantha,Boyd,6219
alexander.palmer@tak.nz,Alexander,Palmer,6220
janet.burton@tak.nz,Janet,Burton,6221
tyler.radley@tak.nz,Tyler,Radley,6222
joyce.smith@tak.nz,Joyce,Smith,6223
douglas.davis@tak.nz,Douglas,Davis,6224
evelyn.anderson@tak.nz,Evelyn,Anderson,6225
christian.perez@tak.nz,Christian,Perez,6226
martha.lewis@tak.nz,Martha,Lewis,6227
carl.scott@tak.nz,Carl,Scott,6228
grace.nelson@tak.nz,Grace,Nelson,6229
bryan.roberts@tak.nz,Bryan,Roberts,6230
amber.cruz@tak.nz,Amber,Cruz,6231
juan.murphy@tak.nz,Juan,Murphy,6232
jane.peterson@tak.nz,Jane,Peterson,6233
mason.cox@tak.nz,Mason,Cox,6234
gina.james@tak.nz,Gina,James,6235
eugene.alvarez@tak.nz,Eugene,Alvarez,6236
charlotte.foster@tak.nz,Charlotte,Foster,6237
alexis.bell@tak.nz,Alexis,Bell,6238
priscilla.vasquez@tak.nz,Priscilla,Vasquez,6239
michael.graham@tak.nz,Michael,Graham,6240
susan.hayes@tak.nz,Susan,Hayes,6241
christopher.ford@tak.nz,Christopher,Ford,6242
betty.wells@tak.nz,Betty,Wells,6243
paul.berg@tak.nz,Paul,Berg,6244
carol.fraser@tak.nz,Carol,Fraser,6245
timothy.douglas@tak.nz,Timothy,Douglas,6246
laura.harvey@tak.nz,Laura,Harvey,6247
gary.hunt@tak.nz,Gary,Hunt,6248
anna.franklin@tak.nz,Anna,Franklin,6249
scott.whitfield@tak.nz,Scott,Whitfield,6250
christine.redmond@tak.nz,Christine,Redmond,6251
patrick.brown@tak.nz,Patrick,Brown,6252
maria.hernandez@tak.nz,Maria,Hernandez,6253
jose.moore@tak.nz,Jose,Moore,6254
olivia.harris@tak.nz,Olivia,Harris,6255
kyle.young@tak.nz,Kyle,Young,6256
megan.hill@tak.nz,Megan,Hill,6257
roger.rivera@tak.nz,Roger,Rivera,6258
teresa.evans@tak.nz,Teresa,Evans,6259
dylan.reyes@tak.nz,Dylan,Reyes,6260
theresa.gutierrez@tak.nz,Theresa,Gutierrez,6261
bruce.kelly@tak.nz,Bruce,Kelly,6262
rose.watson@tak.nz,Rose,Watson,6263
willie.mendoza@tak.nz,Willie,Mendoza,6264
alexis.patel@tak.nz,Alexis,Patel,6265
ralph.jenkins@tak.nz,Ralph,Jenkins,6266
isabella.henderson@tak.nz,Isabella,Henderson,6267
louis.jordan@tak.nz,Louis,Jordan,6268
jasmine.wallace@tak.nz,Jasmine,Wallace,6269
marcus.bryant@tak.nz,Marcus,Bryant,6270
patricia.mcdonald@tak.nz,Patricia,McDonald,6271
david.webb@tak.nz,David,Webb,6272
sarah.andersen@tak.nz,Sarah,Andersen,6273
matthew.macdonald@tak.nz,Matthew,MacDonald,6274
ashley.bishop@tak.nz,Ashley,Bishop,6275
joshua.holt@tak.nz,Joshua,Holt,6276
melissa.curtis@tak.nz,Melissa,Curtis,6277
edward.manning@tak.nz,Edward,Manning,6278
kathleen.kingsley@tak.nz,Kathleen,Kingsley,6279
eric.ashford@tak.nz,Eric,Ashford,6280
pamela.miller@tak.nz,Pamela,Miller,6281
benjamin.wilson@tak.nz,Benjamin,Wilson,6282
rachel.lee@tak.nz,Rachel,Lee,6283
jack.ramirez@tak.nz,Jack,Ramirez,6284
diane.wright@tak.nz,Diane,Wright,6285
nathan.adams@tak.nz,Nathan,Adams,6286
christina.carter@tak.nz,Christina,Carter,6287
walter.parker@tak.nz,Walter,Parker,6288
cheryl.morales@tak.nz,Cheryl,Morales,6289
austin.cooper@tak.nz,Austin,Cooper,6290
janice.kim@tak.nz,Janice,Kim,6291
lawrence.wood@tak.nz,Lawrence,Wood,6292
beverly.price@tak.nz,Beverly,Price,6293
joe.ross@tak.nz,Joe,Ross,6294
diana.sullivan@tak.nz,Diana,Sullivan,6295
wayne.fisher@tak.nz,Wayne,Fisher,6296
kayla.hamilton@tak.nz,Kayla,Hamilton,6297
russell.cole@tak.nz,Russell,Cole,6298
ava.murray@tak.nz,Ava,Murray,6299
lee.kennedy@tak.nz,Lee,Kennedy,6300
kylie.christensen@tak.nz,Kylie,Christensen,6301
james.erikson@tak.nz,James,Erikson,6302
linda.sinclair@tak.nz,Linda,Sinclair,6303
joseph.barker@tak.nz,Joseph,Barker,6304
nancy.dixon@tak.nz,Nancy,Dixon,6305
mark.gardner@tak.nz,Mark,Gardner,6306
emily.chapman@tak.nz,Emily,Chapman,6307
kevin.delaney@tak.nz,Kevin,Delaney,6308
stephanie.williams@tak.nz,Stephanie,Williams,6309
jeffrey.martinez@tak.nz,Jeffrey,Martinez,6310
shirley.taylor@tak.nz,Shirley,Taylor,6311
stephen.white@tak.nz,Stephen,White,6312
emma.walker@tak.nz,Emma,Walker,6313
gregory.nguyen@tak.nz,Gregory,Nguyen,6314
carolyn.hall@tak.nz,Carolyn,Hall,6315
jerry.phillips@tak.nz,Jerry,Phillips,6316
julie.collins@tak.nz,Julie,Collins,6317
zachary.rogers@tak.nz,Zachary,Rogers,6318
joan.reed@tak.nz,Joan,Reed,6319
jeremy.richardson@tak.nz,Jeremy,Richardson,6320
jacqueline.gray@tak.nz,Jacqueline,Gray,6321
gerald.sanders@tak.nz,Gerald,Sanders,6322
julia.powell@tak.nz,Julia,Powell,6323
jesse.butler@tak.nz,Jesse,Butler,6324
marilyn.romero@tak.nz,Marilyn,Romero,6325
alan.griffin@tak.nz,Alan,Griffin,6326
natalie.gibson@tak.nz,Natalie,Gibson,6327
vincent.owens@tak.nz,Vincent,Owens,6328
doris.fernandez@tak.nz,Doris,Fernandez,6329
philip.hansen@tak.nz,Philip,Hansen,6330
chloe.stewart@tak.nz,Chloe,Stewart,6331
craig.henderson@tak.nz,Craig,Henderson,6332
ellie.newton@tak.nz,Ellie,Newton,6333
robert.barrett@tak.nz,Robert,Barrett,6334
barbara.todd@tak.nz,Barbara,Todd,6335
charles.ashworth@tak.nz,Charles,Ashworth,6336
margaret.blackburn@tak.nz,Margaret,Blackburn,6337
steven.garcia@tak.nz,Steven,Garcia,6338
michelle.gonzalez@tak.nz,Michelle,Gonzalez,6339
george.martin@tak.nz,George,Martin,6340
sharon.clark@tak.nz,Sharon,Clark,6341
jacob.king@tak.nz,Jacob,King,6342
helen.green@tak.nz,Helen,Green,6343
justin.mitchell@tak.nz,Justin,Mitchell,6344
katherine.diaz@tak.nz,Katherine,Diaz,6345
frank.morris@tak.nz,Frank,Morris,6346
ruth.morgan@tak.nz,Ruth,Morgan,6347
aaron.ramos@tak.nz,Aaron,Ramos,6348
victoria.chavez@tak.nz,Victoria,Chavez,6349
peter.hughes@tak.nz,Peter,Hughes,6350
judith.long@tak.nz,Judith,Long,6351
keith.russell@tak.nz,Keith,Russell,6352
gloria.gonzales@tak.nz,Gloria,Gonzales,6353
harold.alexander@tak.nz,Harold,Alexander,6354
judy.west@tak.nz,Judy,West,6355
billy.stevens@tak.nz,Billy,Stevens,6356
danielle.ruiz@tak.nz,Danielle,Ruiz,6357
albert.stevenson@tak.nz,Albert,Stevenson,6358
lori.olsen@tak.nz,Lori,Olsen,6359
roy.duncan@tak.nz,Roy,Duncan,6360
erin.fletcher@tak.nz,Erin,Fletcher,6361
curtis.pearce@tak.nz,Curtis,Pearce,6362
bethany.osborne@tak.nz,Bethany,Osborne,6363
fred.kirk@tak.nz,Fred,Kirk,6364
mary.winslow@tak.nz,Mary,Winslow,6365
william.johnson@tak.nz,William,Johnson,6366
jessica.rodriguez@tak.nz,Jessica,Rodriguez,6367
daniel.thomas@tak.nz,Daniel,Thomas,6368
sandra.thompson@tak.nz,Sandra,Thompson,6369
andrew.robinson@tak.nz,Andrew,Robinson,6370
amanda.torres@tak.nz,Amanda,Torres,6371
ronald.baker@tak.nz,Ronald,Baker,6372
cynthia.gomez@tak.nz,Cynthia,Gomez,6373
nicholas.edwards@tak.nz,Nicholas,Edwards,6374
brenda.cook@tak.nz,Brenda,Cook,6375
brandon.bailey@tak.nz,Brandon,Bailey,6376
debra.ward@tak.nz,Debra,Ward,6377
raymond.bennett@tak.nz,Raymond,Bennett,6378
heather.castillo@tak.nz,Heather,Castillo,6379
adam.jimenez@tak.nz,Adam,Jimenez,6380
kelly.coleman@tak.nz,Kelly,Coleman,6381
ethan.simmons@tak.nz,Ethan,Simmons,6382
andrea.reynolds@tak.nz,Andrea,Reynolds,6383
terry.chapman@tak.nz,Terry,Chapman,6384
sara.marshall@tak.nz,Sara,Marshall,6385
arthur.warren@tak.nz,Arthur,Warren,6386
madison.larsen@tak.nz,Madison,Larsen,6387
gabriel.cameron@tak.nz,Gabriel,Cameron,6388
brittany.grant@tak.nz,Brittany,Grant,6389
elijah.chambers@tak.nz,Elijah,Chambers,6390
tiffany.nolan@tak.nz,Tiffany,Nolan,6391
bobby.lawson@tak.nz,Bobby,Lawson,6392
sophia.blackwood@tak.nz,Sophia,Blackwood,6393
jimmy.sutherland@tak.nz,Jimmy,Sutherland,6394
leah.jones@tak.nz,Leah,Jones,6395
chad.lopez@tak.nz,Chad,Lopez,6396
jennifer.jackson@tak.nz,Jennifer,Jackson,6397
richard.sanchez@tak.nz,Richard,Sanchez,6398
karen.allen@tak.nz,Karen,Allen,6399
anthony.flores@tak.nz,Anthony,Flores,6400
kimberly.campbell@tak.nz,Kimberly,Campbell,6401
kenneth.turner@tak.nz,Kenneth,Turner,6402
deborah.stewart@tak.nz,Deborah,Stewart,6403
jason.ortiz@tak.nz,Jason,Ortiz,6404
amy.howard@tak.nz,Amy,Howard,6405
jonathan.brooks@tak.nz,Jonathan,Brooks,6406
nicole.ruiz@tak.nz,Nicole,Ruiz,6407
samuel.myers@tak.nz,Samuel,Myers,6408
catherine.perry@tak.nz,Catherine,Perry,6409
dennis.barnes@tak.nz,Dennis,Barnes,6410
virginia.patterson@tak.nz,Virginia,Patterson,6411
henry.moreno@tak.nz,Henry,Moreno,6412
lauren.ellis@tak.nz,Lauren,Ellis,6413
noah.harrison@tak.nz,Noah,Harrison,6414
hannah.simpson@tak.nz,Hannah,Simpson,6415
sean.pedersen@tak.nz,Sean,Pedersen,6416
marie.ferguson@tak.nz,Marie,Ferguson,6417
jordan.marsh@tak.nz,Jordan,Marsh,6418
denise.boyd@tak.nz,Denise,Boyd,6419
logan.palmer@tak.nz,Logan,Palmer,6420
abigail.burton@tak.nz,Abigail,Burton,5781
randy.radley@tak.nz,Randy,Radley,5782
alice.smith@tak.nz,Alice,Smith,5783
bradley.davis@tak.nz,Bradley,Davis,5784
renee.anderson@tak.nz,Renee,Anderson,5785
todd.perez@tak.nz,Todd,Perez,5786
tara.lewis@tak.nz,Tara,Lewis,5787
john.scott@tak.nz,John,Scott,5788
elizabeth.nelson@tak.nz,Elizabeth,Nelson,5789
thomas.roberts@tak.nz,Thomas,Roberts,5790
lisa.cruz@tak.nz,Lisa,Cruz,5791
donald.murphy@tak.nz,Donald,Murphy,5792
donna.peterson@tak.nz,Donna,Peterson,5793
brian.cox@tak.nz,Brian,Cox,5794
rebecca.james@tak.nz,Rebecca,James,5795
ryan.alvarez@tak.nz,Ryan,Alvarez,5796
angela.foster@tak.nz,Angela,Foster,5797
larry.bell@tak.nz,Larry,Bell,5798
samantha.vasquez@tak.nz,Samantha,Vasquez,5799
alexander.graham@tak.nz,Alexander,Graham,5800
janet.hayes@tak.nz,Janet,Hayes,5801
tyler.ford@tak.nz,Tyler,Ford,5802
joyce.wells@tak.nz,Joyce,Wells,5803
douglas.berg@tak.nz,Douglas,Berg,5804
evelyn.fraser@tak.nz,Evelyn,Fraser,5805
christian.douglas@tak.nz,Christian,Douglas,5806
martha.harvey@tak.nz,Martha,Harvey,5807
carl.hunt@tak.nz,Carl,Hunt,5808
grace.franklin@tak.nz,Grace,Franklin,5809
bryan.whitfield@tak.nz,Bryan,Whitfield,5810
amber.redmond@tak.nz,Amber,Redmond,5811
juan.brown@tak.nz,Juan,Brown,5812
jane.hernandez@tak.nz,Jane,Hernandez,5813
mason.moore@tak.nz,Mason,Moore,5814
gina.harris@tak.nz,Gina,Harris,5815
eugene.young@tak.nz,Eugene,Young,5816
charlotte.hill@tak.nz,Charlotte,Hill,5817
alexis.rivera@tak.nz,Alexis,Rivera,5818
priscilla.evans@tak.nz,Priscilla,Evans,5819
michael.reyes@tak.nz,Michael,Reyes,5820
susan.gutierrez@tak.nz,Susan,Gutierrez,5821
christopher.kelly@tak.nz,Christopher,Kelly,5822
betty.watson@tak.nz,Betty,Watson,5823
paul.mendoza@tak.nz,Paul,Mendoza,5824
carol.patel@tak.nz,Carol,Patel,5825
timothy.jenkins@tak.nz,Timothy,Jenkins,5826
laura.henderson@tak.nz,Laura,Henderson,5827
gary.jordan@tak.nz,Gary,Jordan,5828
anna.wallace@tak.nz,Anna,Wallace,5829
scott.bryant@tak.nz,Scott,Bryant,5830
christine.mcdonald@tak.nz,Christine,McDonald,5831
patrick.webb@tak.nz,Patrick,Webb,5832
maria.andersen@tak.nz,Maria,Andersen,5833
jose.macdonald@tak.nz,Jose,MacDonald,5834
olivia.bishop@tak.nz,Olivia,Bishop,5835
kyle.holt@tak.nz,Kyle,Holt,5836
megan.curtis@tak.nz,Megan,Curtis,5837
roger.manning@tak.nz,Roger,Manning,5838
teresa.kingsley@tak.nz,Teresa,Kingsley,5839
dylan.ashford@tak.nz,Dylan,Ashford,5840
theresa.miller@tak.nz,Theresa,Miller,5841
bruce.wilson@tak.nz,Bruce,Wilson,5842
rose.lee@tak.nz,Rose,Lee,5843
willie.ramirez@tak.nz,Willie,Ramirez,5844
alexis.wright@tak.nz,Alexis,Wright,5845
ralph.adams@tak.nz,Ralph,Adams,5846
isabella.carter@tak.nz,Isabella,Carter,5847
louis.parker@tak.nz,Louis,Parker,5848
jasmine.morales@tak.nz,Jasmine,Morales,5849
marcus.cooper@tak.nz,Marcus,Cooper,5850
patricia.kim@tak.nz,Patricia,Kim,5851
david.wood@tak.nz,David,Wood,5852
sarah.price@tak.nz,Sarah,Price,5853
matthew.ross@tak.nz,Matthew,Ross,5854
ashley.sullivan@tak.nz,Ashley,Sullivan,5855
joshua.fisher@tak.nz,Joshua,Fisher,5856
melissa.hamilton@tak.nz,Melissa,Hamilton,5857
edward.cole@tak.nz,Edward,Cole,5858
kathleen.murray@tak.nz,Kathleen,Murray,5859
eric.kennedy@tak.nz,Eric,Kennedy,5860
pamela.christensen@tak.nz,Pamela,Christensen,5861
benjamin.erikson@tak.nz,Benjamin,Erikson,5862
rachel.sinclair@tak.nz,Rachel,Sinclair,5863
jack.barker@tak.nz,Jack,Barker,5864
diane.dixon@tak.nz,Diane,Dixon,5865
nathan.gardner@tak.nz,Nathan,Gardner,5866
christina.chapman@tak.nz,Christina,Chapman,5867
walter.delaney@tak.nz,Walter,Delaney,5868
cheryl.williams@tak.nz,Cheryl,Williams,5869
austin.martinez@tak.nz,Austin,Martinez,5870
janice.taylor@tak.nz,Janice,Taylor,5871
lawrence.white@tak.nz,Lawrence,White,5872
beverly.walker@tak.nz,Beverly,Walker,5873
joe.nguyen@tak.nz,Joe,Nguyen,5874
diana.hall@tak.nz,Diana,Hall,5875
wayne.phillips@tak.nz,Wayne,Phillips,5876
kayla.collins@tak.nz,Kayla,Collins,5877
russell.rogers@tak.nz,Russell,Rogers,5878
ava.reed@tak.nz,Ava,Reed,5879
lee.richardson@tak.nz,Lee,Richardson,5880
kylie.gray@tak.nz,Kylie,Gray,5881
james.sanders@tak.nz,James,Sanders,5882
linda.powell@tak.nz,Linda,Powell,5883
joseph.butler@tak.nz,Joseph,Butler,5884
nancy.romero@tak.nz,Nancy,Romero,5885
mark.griffin@tak.nz,Mark,Griffin,5886
emily.gibson@tak.nz,Emily,Gibson,5887
kevin.owens@tak.nz,Kevin,Owens,5888
stephanie.fernandez@tak.nz,Stephanie,Fernandez,5889
jeffrey.hansen@tak.nz,Jeffrey,Hansen,5890
shirley.stewart@tak.nz,Shirley,Stewart,5891
stephen.henderson@tak.nz,Stephen,Henderson,5892
emma.newton@tak.nz,Emma,Newton,5893
gregory.barrett@tak.nz,Gregory,Barrett,5894
carolyn.todd@tak.nz,Carolyn,Todd,5895
jerry.ashworth@tak.nz,Jerry,Ashworth,5896
julie.blackburn@tak.nz,Julie,Blackburn,5897
zachary.garcia@tak.nz,Zachary,Garcia,5898
joan.gonzalez@tak.nz,Joan,Gonzalez,5899
jeremy.martin@tak.nz,Jeremy,Martin,5900
jacqueline.clark@tak.nz,Jacqueline,Clark,5901
gerald.king@tak.nz,Gerald,King,5902
julia.green@tak.nz,Julia,Green,5903
jesse.mitchell@tak.nz,Jesse,Mitchell,5904
marilyn.diaz@tak.nz,Marilyn,Diaz,5905
alan.morris@tak.nz,Alan,Morris,5906
natalie.morgan@tak.nz,Natalie,Morgan,5907
vincent.ramos@tak.nz,Vincent,Ramos,5908
doris.chavez@tak.nz,Doris,Chavez,5909
philip.hughes@tak.nz,Philip,Hughes,5910
chloe.long@tak.nz,Chloe,Long,5911
craig.russell@tak.nz,Craig,Russell,5912
ellie.gonzales@tak.nz,Ellie,Gonzales,5913
robert.alexander@tak.nz,Robert,Alexander,5914
barbara.west@tak.nz,Barbara,West,5915
charles.stevens@tak.nz,Charles,Stevens,5916
margaret.ruiz@tak.nz,Margaret,Ruiz,5917
steven.stevenson@tak.nz,Steven,Stevenson,5918
michelle.olsen@tak.nz,Michelle,Olsen,5919
george.duncan@tak.nz,George,Duncan,5920
sharon.fletcher@tak.nz,Sharon,Fletcher,5921
jacob.pearce@tak.nz,Jacob,Pearce,5922
helen.osborne@tak.nz,Helen,Osborne,5923
justin.kirk@tak.nz,Justin,Kirk,5924
katherine.winslow@tak.nz,Katherine,Winslow,5925
frank.johnson@tak.nz,Frank,Johnson,5926
ruth.rodriguez@tak.nz,Ruth,Rodriguez,5927
aaron.thomas@tak.nz,Aaron,Thomas,5928
victoria.thompson@tak.nz,Victoria,Thompson,5929
peter.robinson@tak.nz,Peter,Robinson,5930
judith.torres@tak.nz,Judith,Torres,5931
keith.baker@tak.nz,Keith,Baker,5932
gloria.gomez@tak.nz,Gloria,Gomez,5933
harold.edwards@tak.nz,Harold,Edwards,5934
judy.cook@tak.nz,Judy,Cook,5935
billy.bailey@tak.nz,Billy,Bailey,5936
danielle.ward@tak.nz,Danielle,Ward,5937
albert.bennett@tak.nz,Albert,Bennett,5938
lori.castillo@tak.nz,Lori,Castillo,5939
roy.jimenez@tak.nz,Roy,Jimenez,5940
erin.coleman@tak.nz,Erin,Coleman,5941
curtis.simmons@tak.nz,Curtis,Simmons,5942
bethany.reynolds@tak.nz,Bethany,Reynolds,5943
fred.chapman@tak.nz,Fred,Chapman,5944
mary.marshall@tak.nz,Mary,Marshall,5945
william.warren@tak.nz,William,Warren,5946
jessica.larsen@tak.nz,Jessica,Larsen,5947
daniel.cameron@tak.nz,Daniel,Cameron,5948
sandra.grant@tak.nz,Sandra,Grant,5949
andrew.chambers@tak.nz,Andrew,Chambers,5950
amanda.nolan@tak.nz,Amanda,Nolan,5951
ronald.lawson@tak.nz,Ronald,Lawson,5952
cynthia.blackwood@tak.nz,Cynthia,Blackwood,5953
nicholas.sutherland@tak.nz,Nicholas,Sutherland,5954
brenda.jones@tak.nz,Brenda,Jones,5955
brandon.lopez@tak.nz,Brandon,Lopez,5956
debra.jackson@tak.nz,Debra,Jackson,5957
raymond.sanchez@tak.nz,Raymond,Sanchez,5958
heather.allen@tak.nz,Heather,Allen,5959
adam.flores@tak.nz,Adam,Flores,5960
kelly.campbell@tak.nz,Kelly,Campbell,5961
ethan.turner@tak.nz,Ethan,Turner,5962
andrea.stewart@tak.nz,Andrea,Stewart,5963
terry.ortiz@tak.nz,Terry,Ortiz,5964
sara.howard@tak.nz,Sara,Howard,5965
arthur.brooks@tak.nz,Arthur,Brooks,5966
madison.ruiz@tak.nz,Madison,Ruiz,5967
gabriel.myers@tak.nz,Gabriel,Myers,5968
brittany.perry@tak.nz,Brittany,Perry,5969
elijah.barnes@tak.nz,Elijah,Barnes,5970
tiffany.patterson@tak.nz,Tiffany,Patterson,5971
bobby.moreno@tak.nz,Bobby,Moreno,5972
sophia.ellis@tak.nz,Sophia,Ellis,5973
jimmy.harrison@tak.nz,Jimmy,Harrison,5974
leah.simpson@tak.nz,Leah,Simpson,5975
chad.pedersen@tak.nz,Chad,Pedersen,5976
jennifer.ferguson@tak.nz,Jennifer,Ferguson,5977
richard.marsh@tak.nz,Richard,Marsh,5978
karen.boyd@tak.nz,Karen,Boyd,5979
anthony.palmer@tak.nz,Anthony,Palmer,5980
kimberly.burton@tak.nz,Kimberly,Burton,5981
kenneth.radley@tak.nz,Kenneth,Radley,5982
deborah.smith@tak.nz,Deborah,Smith,5983
jason.davis@tak.nz,Jason,Davis,5984
amy.anderson@tak.nz,Amy,Anderson,5985
jonathan.perez@tak.nz,Jonathan,Perez,5986
nicole.lewis@tak.nz,Nicole,Lewis,5987
samuel.scott@tak.nz,Samuel,Scott,5988
catherine.nelson@tak.nz,Catherine,Nelson,5989
dennis.roberts@tak.nz,Dennis,Roberts,5990
virginia.cruz@tak.nz,Virginia,Cruz,5991
henry.murphy@tak.nz,Henry,Murphy,5992
lauren.peterson@tak.nz,Lauren,Peterson,5993
noah.cox@tak.nz,Noah,Cox,5994
hannah.james@tak.nz,Hannah,James,5995
sean.alvarez@tak.nz,Sean,Alvarez,5996
marie.foster@tak.nz,Marie,Foster,5997
jordan.bell@tak.nz,Jordan,Bell,5998
denise.vasquez@tak.nz,Denise,Vasquez,5999
logan.graham@tak.nz,Logan,Graham,6000
abigail.hayes@tak.nz,Abigail,Hayes,6001
randy.ford@tak.nz,Randy,Ford,6002
alice.wells@tak.nz,Alice,Wells,6003
bradley.berg@tak.nz,Bradley,Berg,6004
renee.fraser@tak.nz,Renee,Fraser,6005
todd.douglas@tak.nz,Todd,Douglas,6006
tara.harvey@tak.nz,Tara,Harvey,6007
john.hunt@tak.nz,John,Hunt,6008
elizabeth.franklin@tak.nz,Elizabeth,Franklin,6009
thomas.whitfield@tak.nz,Thomas,Whitfield,6010
lisa.redmond@tak.nz,Lisa,Redmond,6011
donald.brown@tak.nz,Donald,Brown,6012
donna.hernandez@tak.nz,Donna,Hernandez,6013
brian.moore@tak.nz,Brian,Moore,6014
rebecca.harris@tak.nz,Rebecca,Harris,6015
ryan.young@tak.nz,Ryan,Young,6016
angela.hill@tak.nz,Angela,Hill,6017
larry.rivera@tak.nz,Larry,Rivera,6018
samantha.evans@tak.nz,Samantha,Evans,6019
alexander.reyes@tak.nz,Alexander,Reyes,6020
janet.gutierrez@tak.nz,Janet,Gutierrez,6021
tyler.kelly@tak.nz,Tyler,Kelly,6022
joyce.watson@tak.nz,Joyce,Watson,6023
douglas.mendoza@tak.nz,Douglas,Mendoza,6024
evelyn.patel@tak.nz,Evelyn,Patel,6025
christian.jenkins@tak.nz,Christian,Jenkins,6026
martha.henderson@tak.nz,Martha,Henderson,6027
carl.jordan@tak.nz,Carl,Jordan,6028
grace.wallace@tak.nz,Grace,Wallace,6029
bryan.bryant@tak.nz,Bryan,Bryant,6030
amber.mcdonald@tak.nz,Amber,McDonald,6031
juan.webb@tak.nz,Juan,Webb,6032
jane.andersen@tak.nz,Jane,Andersen,6033
mason.macdonald@tak.nz,Mason,MacDonald,6034
gina.bishop@tak.nz,Gina,Bishop,6035
eugene.holt@tak.nz,Eugene,Holt,6036
charlotte.curtis@tak.nz,Charlotte,Curtis,6037
alexis.manning@tak.nz,Alexis,Manning,6038
priscilla.kingsley@tak.nz,Priscilla,Kingsley,6039
michael.ashford@tak.nz,Michael,Ashford,6040
susan.miller@tak.nz,Susan,Miller,6041
christopher.wilson@tak.nz,Christopher,Wilson,6042
betty.lee@tak.nz,Betty,Lee,6043
paul.ramirez@tak.nz,Paul,Ramirez,6044
carol.wright@tak.nz,Carol,Wright,6045
timothy.adams@tak.nz,Timothy,Adams,6046
laura.carter@tak.nz,Laura,Carter,6047
gary.parker@tak.nz,Gary,Parker,6048
anna.morales@tak.nz,Anna,Morales,6049
scott.cooper@tak.nz,Scott,Cooper,6050
christine.kim@tak.nz,Christine,Kim,6051
patrick.wood@tak.nz,Patrick,Wood,6052
maria.price@tak.nz,Maria,Price,6053
jose.ross@tak.nz,Jose,Ross,6054
olivia.sullivan@tak.nz,Olivia,Sullivan,6055
kyle.fisher@tak.nz,Kyle,Fisher,6056
megan.hamilton@tak.nz,Megan,Hamilton,6057
roger.cole@tak.nz,Roger,Cole,6058
teresa.murray@tak.nz,Teresa,Murray,6059
dylan.kennedy@tak.nz,Dylan,Kennedy,6060
theresa.christensen@tak.nz,Theresa,Christensen,6061
bruce.erikson@tak.nz,Bruce,Erikson,6062
rose.sinclair@tak.nz,Rose,Sinclair,6063
willie.barker@tak.nz,Willie,Barker,6064
alexis.dixon@tak.nz,Alexis,Dixon,6065
ralph.gardner@tak.nz,Ralph,Gardner,6066
isabella.chapman@tak.nz,Isabella,Chapman,6067
louis.delaney@tak.nz,Louis,Delaney,6068
jasmine.williams@tak.nz,Jasmine,Williams,6069
marcus.martinez@tak.nz,Marcus,Martinez,6070
patricia.taylor@tak.nz,Patricia,Taylor,6071
david.white@tak.nz,David,White,6072
sarah.walker@tak.nz,Sarah,Walker,6073
matthew.nguyen@tak.nz,Matthew,Nguyen,6074
ashley.hall@tak.nz,Ashley,Hall,6075
joshua.phillips@tak.nz,Joshua,Phillips,6076
melissa.collins@tak.nz,Melissa,Collins,6077
edward.rogers@tak.nz,Edward,Rogers,6078
kathleen.reed@tak.nz,Kathleen,Reed,6079
eric.richardson@tak.nz,Eric,Richardson,6080
pamela.gray@tak.nz,Pamela,Gray,6081
benjamin.sanders@tak.nz,Benjamin,Sanders,6082
rachel.powell@tak.nz,Rachel,Powell,6083
jack.butler@tak.nz,Jack,Butler,6084
diane.romero@tak.nz,Diane,Romero,6085
nathan.griffin@tak.nz,Nathan,Griffin,6086
christina.gibson@tak.nz,Christina,Gibson,6087
walter.owens@tak.nz,Walter,Owens,6088
cheryl.fernandez@tak.nz,Cheryl,Fernandez,6089
austin.hansen@tak.nz,Austin,Hansen,6090
janice.stewart@tak.nz,Janice,Stewart,6091
lawrence.henderson@tak.nz,Lawrence,Henderson,6092
beverly.newton@tak.nz,Beverly,Newton,6093
joe.barrett@tak.nz,Joe,Barrett,6094
diana.todd@tak.nz,Diana,Todd,6095
wayne.ashworth@tak.nz,Wayne,Ashworth,6096
kayla.blackburn@tak.nz,Kayla,Blackburn,6097
russell.garcia@tak.nz,Russell,Garcia,6098
ava.gonzalez@tak.nz,Ava,Gonzalez,6099
lee.martin@tak.nz,Lee,Martin,6100
kylie.clark@tak.nz,Kylie,Clark,6101
james.king@tak.nz,James,King,6102
linda.green@tak.nz,Linda,Green,6103
joseph.mitchell@tak.nz,Joseph,Mitchell,6104
nancy.diaz@tak.nz,Nancy,Diaz,6105
mark.morris@tak.nz,Mark,Morris,6106
emily.morgan@tak.nz,Emily,Morgan,6107
kevin.ramos@tak.nz,Kevin,Ramos,6108
stephanie.chavez@tak.nz,Stephanie,Chavez,6109
jeffrey.hughes@tak.nz,Jeffrey,Hughes,6110
shirley.long@tak.nz,Shirley,Long,6111
stephen.russell@tak.nz,Stephen,Russell,6112
emma.gonzales@tak.nz,Emma,Gonzales,6113
gregory.alexander@tak.nz,Gregory,Alexander,6114
carolyn.west@tak.nz,Carolyn,West,6115
jerry.stevens@tak.nz,Jerry,Stevens,6116
julie.ruiz@tak.nz,Julie,Ruiz,6117
zachary.stevenson@tak.nz,Zachary,Stevenson,6118
joan.olsen@tak.nz,Joan,Olsen,6119
jeremy.duncan@tak.nz,Jeremy,Duncan,6120
jacqueline.fletcher@tak.nz,Jacqueline,Fletcher,6121
gerald.pearce@tak.nz,Gerald,Pearce,6122
julia.osborne@tak.nz,Julia,Osborne,6123
jesse.kirk@tak.nz,Jesse,Kirk,6124
marilyn.winslow@tak.nz,Marilyn,Winslow,6125
alan.johnson@tak.nz,Alan,Johnson,6126
natalie.rodriguez@tak.nz,Natalie,Rodriguez,6127
vincent.thomas@tak.nz,Vincent,Thomas,6128
doris.thompson@tak.nz,Doris,Thompson,6129
philip.robinson@tak.nz,Philip,Robinson,6130
chloe.torres@tak.nz,Chloe,Torres,6131
craig.baker@tak.nz,Craig,Baker,6132
ellie.gomez@tak.nz,Ellie,Gomez,6133
robert.edwards@tak.nz,Robert,Edwards,6134
barbara.cook@tak.nz,Barbara,Cook,6135
charles.bailey@tak.nz,Charles,Bailey,6136
margaret.ward@tak.nz,Margaret,Ward,6137
steven.bennett@tak.nz,Steven,Bennett,6138
michelle.castillo@tak.nz,Michelle,Castillo,6139
george.jimenez@tak.nz,George,Jimenez,6140
sharon.coleman@tak.nz,Sharon,Coleman,6141
jacob.simmons@tak.nz,Jacob,Simmons,6142
helen.reynolds@tak.nz,Helen,Reynolds,6143
justin.chapman@tak.nz,Justin,Chapman,6144
katherine.marshall@tak.nz,Katherine,Marshall,6145
frank.warren@tak.nz,Frank,Warren,6146
ruth.larsen@tak.nz,Ruth,Larsen,6147
aaron.cameron@tak.nz,Aaron,Cameron,6148
victoria.grant@tak.nz,Victoria,Grant,6149
peter.chambers@tak.nz,Peter,Chambers,6150
judith.nolan@tak.nz,Judith,Nolan,6151
keith.lawson@tak.nz,Keith,Lawson,6152
gloria.blackwood@tak.nz,Gloria,Blackwood,6153
harold.sutherland@tak.nz,Harold,Sutherland,6154
judy.jones@tak.nz,Judy,Jones,6155
billy.lopez@tak.nz,Billy,Lopez,6156
danielle.jackson@tak.nz,Danielle,Jackson,6157
albert.sanchez@tak.nz,Albert,Sanchez,6158
lori.allen@tak.nz,Lori,Allen,6159
roy.flores@tak.nz,Roy,Flores,6160
erin.campbell@tak.nz,Erin,Campbell,6161
curtis.turner@tak.nz,Curtis,Turner,6162
bethany.stewart@tak.nz,Bethany,Stewart,6163
fred.ortiz@tak.nz,Fred,Ortiz,6164
mary.howard@tak.nz,Mary,Howard,6165
william.brooks@tak.nz,William,Brooks,6166
jessica.ruiz@tak.nz,Jessica,Ruiz,6167
daniel.myers@tak.nz,Daniel,Myers,6168
sandra.perry@tak.nz,Sandra,Perry,6169
andrew.barnes@tak.nz,Andrew,Barnes,6170
amanda.patterson@tak.nz,Amanda,Patterson,6171
ronald.moreno@tak.nz,Ronald,Moreno,6172
cynthia.ellis@tak.nz,Cynthia,Ellis,6173
nicholas.harrison@tak.nz,Nicholas,Harrison,6174
brenda.simpson@tak.nz,Brenda,Simpson,6175
brandon.pedersen@tak.nz,Brandon,Pedersen,6176
debra.ferguson@tak.nz,Debra,Ferguson,6177
raymond.marsh@tak.nz,Raymond,Marsh,6178
heather.boyd@tak.nz,Heather,Boyd,6179
adam.palmer@tak.nz,Adam,Palmer,6180
kelly.burton@tak.nz,Kelly,Burton,6181
ethan.radley@tak.nz,Ethan,Radley,6182
andrea.smith@tak.nz,Andrea,Smith,6183
terry.davis@tak.nz,Terry,Davis,6184
sara.anderson@tak.nz,Sara,Anderson,6185
arthur.perez@tak.nz,Arthur,Perez,6186
madison.lewis@tak.nz,Madison,Lewis,6187
gabriel.scott@tak.nz,Gabriel,Scott,6188
brittany.nelson@tak.nz,Brittany,Nelson,6189
elijah.roberts@tak.nz,Elijah,Roberts,6190
tiffany.cruz@tak.nz,Tiffany,Cruz,6191
bobby.murphy@tak.nz,Bobby,Murphy,6192
sophia.peterson@tak.nz,Sophia,Peterson,6193
jimmy.cox@tak.nz,Jimmy,Cox,6194
leah.james@tak.nz,Leah,James,6195
chad.alvarez@tak.nz,Chad,Alvarez,6196
jennifer.foster@tak.nz,Jennifer,Foster,6197
richard.bell@tak.nz,Richard,Bell,6198
karen.vasquez@tak.nz,Karen,Vasquez,6199
anthony.graham@tak.nz,Anthony,Graham,6200
kimberly.hayes@tak.nz,Kimberly,Hayes,6201
kenneth.ford@tak.nz,Kenneth,Ford,6202
deborah.wells@tak.nz,Deborah,Wells,6203
jason.berg@tak.nz,Jason,Berg,6204
amy.fraser@tak.nz,Amy,Fraser,6205
jonathan.douglas@tak.nz,Jonathan,Douglas,6206
nicole.harvey@tak.nz,Nicole,Harvey,6207
samuel.hunt@tak.nz,Samuel,Hunt,6208
catherine.franklin@tak.nz,Catherine,Franklin,6209
dennis.whitfield@tak.nz,Dennis,Whitfield,6210
virginia.redmond@tak.nz,Virginia,Redmond,6211
henry.brown@tak.nz,Henry,Brown,6212
lauren.hernandez@tak.nz,Lauren,Hernandez,6213
noah.moore@tak.nz,Noah,Moore,6214
hannah.harris@tak.nz,Hannah,Harris,6215
sean.young@tak.nz,Sean,Young,6216
marie.hill@tak.nz,Marie,Hill,6217
jordan.rivera@tak.nz,Jordan,Rivera,6218
denise.evans@tak.nz,Denise,Evans,6219
logan.reyes@tak.nz,Logan,Reyes,6220
abigail.gutierrez@tak.nz,Abigail,Gutierrez,6221
randy.kelly@tak.nz,Randy,Kelly,6222
alice.watson@tak.nz,Alice,Watson,6223
bradley.mendoza@tak.nz,Bradley,Mendoza,6224
renee.patel@tak.nz,Renee,Patel,6225
todd.jenkins@tak.nz,Todd,Jenkins,6226
tara.henderson@tak.nz,Tara,Henderson,6227
john.jordan@tak.nz,John,Jordan,6228
elizabeth.wallace@tak.nz,Elizabeth,Wallace,6229
thomas.bryant@tak.nz,Thomas,Bryant,6230
lisa.mcdonald@tak.nz,Lisa,McDonald,6231
donald.webb@tak.nz,Donald,Webb,6232
donna.andersen@tak.nz,Donna,Andersen,6233
brian.macdonald@tak.nz,Brian,MacDonald,6234
rebecca.bishop@tak.nz,Rebecca,Bishop,6235
ryan.holt@tak.nz,Ryan,Holt,6236
angela.curtis@tak.nz,Angela,Curtis,6237
larry.manning@tak.nz,Larry,Manning,6238
samantha.kingsley@tak.nz,Samantha,Kingsley,6239
alexander.ashford@tak.nz,Alexander,Ashford,6240
janet.miller@tak.nz,Janet,Miller,6241
tyler.wilson@tak.nz,Tyler,Wilson,6242
joyce.lee@tak.nz,Joyce,Lee,6243
douglas.ramirez@tak.nz,Douglas,Ramirez,6244
evelyn.wright@tak.nz,Evelyn,Wright,6245
christian.adams@tak.nz,Christian,Adams,6246
martha.carter@tak.nz,Martha,Carter,6247
carl.parker@tak.nz,Carl,Parker,6248
grace.morales@tak.nz,Grace,Morales,6249
bryan.cooper@tak.nz,Bryan,Cooper,6250
amber.kim@tak.nz,Amber,Kim,6251
juan.wood@tak.nz,Juan,Wood,6252
jane.price@tak.nz,Jane,Price,6253
mason.ross@tak.nz,Mason,Ross,6254
gina.sullivan@tak.nz,Gina,Sullivan,6255
eugene.fisher@tak.nz,Eugene,Fisher,6256
charlotte.hamilton@tak.nz,Charlotte,Hamilton,6257
alexis.cole@tak.nz,Alexis,Cole,6258
priscilla.murray@tak.nz,Priscilla,Murray,6259
michael.kennedy@tak.nz,Michael,Kennedy,6260
susan.christensen@tak.nz,Susan,Christensen,6261
christopher.erikson@tak.nz,Christopher,Erikson,6262
betty.sinclair@tak.nz,Betty,Sinclair,6263
paul.barker@tak.nz,Paul,Barker,6264
carol.dixon@tak.nz,Carol,Dixon,6265
timothy.gardner@tak.nz,Timothy,Gardner,6266
laura.chapman@tak.nz,Laura,Chapman,6267
gary.delaney@tak.nz,Gary,Delaney,6268
anna.williams@tak.nz,Anna,Williams,6269
scott.martinez@tak.nz,Scott,Martinez,6270
christine.taylor@tak.nz,Christine,Taylor,6271
patrick.white@tak.nz,Patrick,White,6272
maria.walker@tak.nz,Maria,Walker,6273
jose.nguyen@tak.nz,Jose,Nguyen,6274
olivia.hall@tak.nz,Olivia,Hall,6275
kyle.phillips@tak.nz,Kyle,Phillips,6276
megan.collins@tak.nz,Megan,Collins,6277
roger.rogers@tak.nz,Roger,Rogers,6278
teresa.reed@tak.nz,Teresa,Reed,6279
dylan.richardson@tak.nz,Dylan,Richardson,6280
theresa.gray@tak.nz,Theresa,Gray,6281
bruce.sanders@tak.nz,Bruce,Sanders,6282
rose.powell@tak.nz,Rose,Powell,6283
willie.butler@tak.nz,Willie,Butler,6284
alexis.romero@tak.nz,Alexis,Romero,6285
ralph.griffin@tak.nz,Ralph,Griffin,6286
isabella.gibson@tak.nz,Isabella,Gibson,6287
louis.owens@tak.nz,Louis,Owens,6288
jasmine.fernandez@tak.nz,Jasmine,Fernandez,6289
marcus.hansen@tak.nz,Marcus,Hansen,6290
patricia.stewart@tak.nz,Patricia,Stewart,6291
david.henderson@tak.nz,David,Henderson,6292
sarah.newton@tak.nz,Sarah,Newton,6293
matthew.barrett@tak.nz,Matthew,Barrett,6294
ashley.todd@tak.nz,Ashley,Todd,6295
joshua.ashworth@tak.nz,Joshua,Ashworth,6296
melissa.blackburn@tak.nz,Melissa,Blackburn,6297
edward.garcia@tak.nz,Edward,Garcia,6298
kathleen.gonzalez@tak.nz,Kathleen,Gonzalez,6299
eric.martin@tak.nz,Eric,Martin,6300
pamela.clark@tak.nz,Pamela,Clark,6301
benjamin.king@tak.nz,Benjamin,King,6302
rachel.green@tak.nz,Rachel,Green,6303
jack.mitchell@tak.nz,Jack,Mitchell,6304
diane.diaz@tak.nz,Diane,Diaz,6305
nathan.morris@tak.nz,Nathan,Morris,6306
christina.morgan@tak.nz,Christina,Morgan,6307
walter.ramos@tak.nz,Walter,Ramos,6308
cheryl.chavez@tak.nz,Cheryl,Chavez,6309
austin.hughes@tak.nz,Austin,Hughes,6310
janice.long@tak.nz,Janice,Long,6311
lawrence.russell@tak.nz,Lawrence,Russell,6312
beverly.gonzales@tak.nz,Beverly,Gonzales,6313
joe.alexander@tak.nz,Joe,Alexander,6314
diana.west@tak.nz,Diana,West,6315
wayne.stevens@tak.nz,Wayne,Stevens,6316
kayla.ruiz@tak.nz,Kayla,Ruiz,6317
russell.stevenson@tak.nz,Russell,Stevenson,6318
ava.olsen@tak.nz,Ava,Olsen,6319
lee.duncan@tak.nz,Lee,Duncan,6320
kylie.fletcher@tak.nz,Kylie,Fletcher,6321
james.pearce@tak.nz,James,Pearce,6322
linda.osborne@tak.nz,Linda,Osborne,6323
joseph.kirk@tak.nz,Joseph,Kirk,6324
nancy.winslow@tak.nz,Nancy,Winslow,6325
mark.johnson@tak.nz,Mark,Johnson,6326
emily.rodriguez@tak.nz,Emily,Rodriguez,6327
kevin.thomas@tak.nz,Kevin,Thomas,6328
stephanie.thompson@tak.nz,Stephanie,Thompson,6329
jeffrey.robinson@tak.nz,Jeffrey,Robinson,6330
shirley.torres@tak.nz,Shirley,Torres,6331
stephen.baker@tak.nz,Stephen,Baker,6332
emma.gomez@tak.nz,Emma,Gomez,6333
gregory.edwards@tak.nz,Gregory,Edwards,6334
carolyn.cook@tak.nz,Carolyn,Cook,6335
jerry.bailey@tak.nz,Jerry,Bailey,6336
julie.ward@tak.nz,Julie,Ward,6337
zachary.bennett@tak.nz,Zachary,Bennett,6338
joan.castillo@tak.nz,Joan,Castillo,6339
jeremy.jimenez@tak.nz,Jeremy,Jimenez,6340
jacqueline.coleman@tak.nz,Jacqueline,Coleman,6341
gerald.simmons@tak.nz,Gerald,Simmons,6342
julia.reynolds@tak.nz,Julia,Reynolds,6343
jesse.chapman@tak.nz,Jesse,Chapman,6344
marilyn.marshall@tak.nz,Marilyn,Marshall,6345
alan.warren@tak.nz,Alan,Warren,6346
natalie.larsen@tak.nz,Natalie,Larsen,6347
vincent.cameron@tak.nz,Vincent,Cameron,6348
doris.grant@tak.nz,Doris,Grant,6349
philip.chambers@tak.nz,Philip,Chambers,6350
chloe.nolan@tak.nz,Chloe,Nolan,6351
craig.lawson@tak.nz,Craig,Lawson,6352
ellie.blackwood@tak.nz,Ellie,Blackwood,6353
robert.sutherland@tak.nz,Robert,Sutherland,6354
barbara.jones@tak.nz,Barbara,Jones,6355
charles.lopez@tak.nz,Charles,Lopez,6356
margaret.jackson@tak.nz,Margaret,Jackson,6357
steven.sanchez@tak.nz,Steven,Sanchez,6358
michelle.allen@tak.nz,Michelle,Allen,6359
george.flores@tak.nz,George,Flores,6360
sharon.campbell@tak.nz,Sharon,Campbell,6361
jacob.turner@tak.nz,Jacob,Turner,6362
helen.stewart@tak.nz,Helen,Stewart,6363
justin.ortiz@tak.nz,Justin,Ortiz,6364
katherine.howard@tak.nz,Katherine,Howard,6365
frank.brooks@tak.nz,Frank,Brooks,6366
ruth.ruiz@tak.nz,Ruth,Ruiz,6367
aaron.myers@tak.nz,Aaron,Myers,6368
victoria.perry@tak.nz,Victoria,Perry,6369
peter.barnes@tak.nz,Peter,Barnes,6370
judith.patterson@tak.nz,Judith,Patterson,6371
keith.moreno@tak.nz,Keith,Moreno,6372
gloria.ellis@tak.nz,Gloria,Ellis,6373
harold.harrison@tak.nz,Harold,Harrison,6374
judy.simpson@tak.nz,Judy,Simpson,6375
billy.pedersen@tak.nz,Billy,Pedersen,6376
danielle.ferguson@tak.nz,Danielle,Ferguson,6377
albert.marsh@tak.nz,Albert,Marsh,6378
lori.boyd@tak.nz,Lori,Boyd,6379
roy.palmer@tak.nz,Roy,Palmer,6380
erin.burton@tak.nz,Erin,Burton,6381
curtis.radley@tak.nz,Curtis,Radley,6382
bethany.smith@tak.nz,Bethany,Smith,6383
fred.davis@tak.nz,Fred,Davis,6384
mary.anderson@tak.nz,Mary,Anderson,6385
william.perez@tak.nz,William,Perez,6386
jessica.lewis@tak.nz,Jessica,Lewis,6387
daniel.scott@tak.nz,Daniel,Scott,6388
sandra.nelson@tak.nz,Sandra,Nelson,6389
andrew.roberts@tak.nz,Andrew,Roberts,6390
amanda.cruz@tak.nz,Amanda,Cruz,6391
ronald.murphy@tak.nz,Ronald,Murphy,6392
cynthia.peterson@tak.nz,Cynthia,Peterson,6393
nicholas.cox@tak.nz,Nicholas,Cox,6394
brenda.james@tak.nz,Brenda,James,6395
brandon.alvarez@tak.nz,Brandon,Alvarez,6396
debra.foster@tak.nz,Debra,Foster,6397
raymond.bell@tak.nz,Raymond,Bell,6398
heather.vasquez@tak.nz,Heather,Vasquez,6399
adam.graham@tak.nz,Adam,Graham,6400
kelly.hayes@tak.nz,Kelly,Hayes,6401
ethan.ford@tak.nz,Ethan,Ford,6402
andrea.wells@tak.nz,Andrea,Wells,6403
terry.berg@tak.nz,Terry,Berg,6404
sara.fraser@tak.nz,Sara,Fraser,6405
arthur.douglas@tak.nz,Arthur,Douglas,6406
madison.harvey@tak.nz,Madison,Harvey,6407
gabriel.hunt@tak.nz,Gabriel,Hunt,6408
brittany.franklin@tak.nz,Brittany,Franklin,6409
elijah.whitfield@tak.nz,Elijah,Whitfield,6410
tiffany.redmond@tak.nz,Tiffany,Redmond,6411
bobby.brown@tak.nz,Bobby,Brown,6412
sophia.hernandez@tak.nz,Sophia,Hernandez,6413
jimmy.moore@tak.nz,Jimmy,Moore,6414
leah.harris@tak.nz,Leah,Harris,6415
chad.young@tak.nz,Chad,Young,6416
jennifer.hill@tak.nz,Jennifer,Hill,6417
richard.rivera@tak.nz,Richard,Rivera,6418
karen.evans@tak.nz,Karen,Evans,6419
anthony.reyes@tak.nz,Anthony,Reyes,6420
kimberly.gutierrez@tak.nz,Kimberly,Gutierrez,5781
kenneth.kelly@tak.nz,Kenneth,Kelly,5782
deborah.watson@tak.nz,Deborah,Watson,5783
jason.mendoza@tak.nz,Jason,Mendoza,5784
amy.patel@tak.nz,Amy,Patel,5785
jonathan.jenkins@tak.nz,Jonathan,Jenkins,5786
nicole.henderson@tak.nz,Nicole,Henderson,5787
samuel.jordan@tak.nz,Samuel,Jordan,5788
catherine.wallace@tak.nz,Catherine,Wallace,5789
dennis.bryant@tak.nz,Dennis,Bryant,5790
virginia.mcdonald@tak.nz,Virginia,McDonald,5791
henry.webb@tak.nz,Henry,Webb,5792
lauren.andersen@tak.nz,Lauren,Andersen,5793
noah.macdonald@tak.nz,Noah,MacDonald,5794
hannah.bishop@tak.nz,Hannah,Bishop,5795
sean.holt@tak.nz,Sean,Holt,5796
marie.curtis@tak.nz,Marie,Curtis,5797
jordan.manning@tak.nz,Jordan,Manning,5798
denise.kingsley@tak.nz,Denise,Kingsley,5799
logan.ashford@tak.nz,Logan,Ashford,5800
abigail.miller@tak.nz,Abigail,Miller,5801
randy.wilson@tak.nz,Randy,Wilson,5802
alice.lee@tak.nz,Alice,Lee,5803
bradley.ramirez@tak.nz,Bradley,Ramirez,5804
renee.wright@tak.nz,Renee,Wright,5805
todd.adams@tak.nz,Todd,Adams,5806
tara.carter@tak.nz,Tara,Carter,5807
john.parker@tak.nz,John,Parker,5808
elizabeth.morales@tak.nz,Elizabeth,Morales,5809
thomas.cooper@tak.nz,Thomas,Cooper,5810
lisa.kim@tak.nz,Lisa,Kim,5811
donald.wood@tak.nz,Donald,Wood,5812
donna.price@tak.nz,Donna,Price,5813
brian.ross@tak.nz,Brian,Ross,5814
rebecca.sullivan@tak.nz,Rebecca,Sullivan,5815
ryan.fisher@tak.nz,Ryan,Fisher,5816
angela.hamilton@tak.nz,Angela,Hamilton,5817
larry.cole@tak.nz,Larry,Cole,5818
samantha.murray@tak.nz,Samantha,Murray,5819
alexander.kennedy@tak.nz,Alexander,Kennedy,5820
janet.christensen@tak.nz,Janet,Christensen,5821
tyler.erikson@tak.nz,Tyler,Erikson,5822
joyce.sinclair@tak.nz,Joyce,Sinclair,5823
douglas.barker@tak.nz,Douglas,Barker,5824
evelyn.dixon@tak.nz,Evelyn,Dixon,5825
christian.gardner@tak.nz,Christian,Gardner,5826
martha.chapman@tak.nz,Martha,Chapman,5827
carl.delaney@tak.nz,Carl,Delaney,5828
grace.williams@tak.nz,Grace,Williams,5829
bryan.martinez@tak.nz,Bryan,Martinez,5830
amber.taylor@tak.nz,Amber,Taylor,5831
juan.white@tak.nz,Juan,White,5832
jane.walker@tak.nz,Jane,Walker,5833
mason.nguyen@tak.nz,Mason,Nguyen,5834
gina.hall@tak.nz,Gina,Hall,5835
eugene.phillips@tak.nz,Eugene,Phillips,5836
charlotte.collins@tak.nz,Charlotte,Collins,5837
alexis.rogers@tak.nz,Alexis,Rogers,5838
priscilla.reed@tak.nz,Priscilla,Reed,5839
michael.richardson@tak.nz,Michael,Richardson,5840
susan.gray@tak.nz,Susan,Gray,5841
christopher.sanders@tak.nz,Christopher,Sanders,5842
betty.powell@tak.nz,Betty,Powell,5843
paul.butler@tak.nz,Paul,Butler,5844
carol.romero@tak.nz,Carol,Romero,5845
timothy.griffin@tak.nz,Timothy,Griffin,5846
laura.gibson@tak.nz,Laura,Gibson,5847
gary.owens@tak.nz,Gary,Owens,5848
anna.fernandez@tak.nz,Anna,Fernandez,5849
scott.hansen@tak.nz,Scott,Hansen,5850
christine.stewart@tak.nz,Christine,Stewart,5851
patrick.henderson@tak.nz,Patrick,Henderson,5852
maria.newton@tak.nz,Maria,Newton,5853
jose.barrett@tak.nz,Jose,Barrett,5854
olivia.todd@tak.nz,Olivia,Todd,5855
kyle.ashworth@tak.nz,Kyle,Ashworth,5856
megan.blackburn@tak.nz,Megan,Blackburn,5857
roger.garcia@tak.nz,Roger,Garcia,5858
teresa.gonzalez@tak.nz,Teresa,Gonzalez,5859
dylan.martin@tak.nz,Dylan,Martin,5860
theresa.clark@tak.nz,Theresa,Clark,5861
bruce.king@tak.nz,Bruce,King,5862
rose.green@tak.nz,Rose,Green,5863
willie.mitchell@tak.nz,Willie,Mitchell,5864
alexis.diaz@tak.nz,Alexis,Diaz,5865
ralph.morris@tak.nz,Ralph,Morris,5866
isabella.morgan@tak.nz,Isabella,Morgan,5867
louis.ramos@tak.nz,Louis,Ramos,5868
jasmine.chavez@tak.nz,Jasmine,Chavez,5869
marcus.hughes@tak.nz,Marcus,Hughes,5870
patricia.long@tak.nz,Patricia,Long,5871
david.russell@tak.nz,David,Russell,5872
sarah.gonzales@tak.nz,Sarah,Gonzales,5873
matthew.alexander@tak.nz,Matthew,Alexander,5874
ashley.west@tak.nz,Ashley,West,5875
joshua.stevens@tak.nz,Joshua,Stevens,5876
melissa.ruiz@tak.nz,Melissa,Ruiz,5877
edward.stevenson@tak.nz,Edward,Stevenson,5878
kathleen.olsen@tak.nz,Kathleen,Olsen,5879
eric.duncan@tak.nz,Eric,Duncan,5880
pamela.fletcher@tak.nz,Pamela,Fletcher,5881
benjamin.pearce@tak.nz,Benjamin,Pearce,5882
rachel.osborne@tak.nz,Rachel,Osborne,5883
jack.kirk@tak.nz,Jack,Kirk,5884
diane.winslow@tak.nz,Diane,Winslow,5885
nathan.johnson@tak.nz,Nathan,Johnson,5886
christina.rodriguez@tak.nz,Christina,Rodriguez,5887
walter.thomas@tak.nz,Walter,Thomas,5888
cheryl.thompson@tak.nz,Cheryl,Thompson,5889
austin.robinson@tak.nz,Austin,Robinson,5890
janice.torres@tak.nz,Janice,Torres,5891
lawrence.baker@tak.nz,Lawrence,Baker,5892
beverly.gomez@tak.nz,Beverly,Gomez,5893
joe.edwards@tak.nz,Joe,Edwards,5894
diana.cook@tak.nz,Diana,Cook,5895
wayne.bailey@tak.nz,Wayne,Bailey,5896
kayla.ward@tak.nz,Kayla,Ward,5897
russell.bennett@tak.nz,Russell,Bennett,5898
ava.castillo@tak.nz,Ava,Castillo,5899
lee.jimenez@tak.nz,Lee,Jimenez,5900
kylie.coleman@tak.nz,Kylie,Coleman,5901
james.simmons@tak.nz,James,Simmons,5902
linda.reynolds@tak.nz,Linda,Reynolds,5903
joseph.chapman@tak.nz,Joseph,Chapman,5904
nancy.marshall@tak.nz,Nancy,Marshall,5905
mark.warren@tak.nz,Mark,Warren,5906
emily.larsen@tak.nz,Emily,Larsen,5907
kevin.cameron@tak.nz,Kevin,Cameron,5908
stephanie.grant@tak.nz,Stephanie,Grant,5909
jeffrey.chambers@tak.nz,Jeffrey,Chambers,5910
shirley.nolan@tak.nz,Shirley,Nolan,5911
stephen.lawson@tak.nz,Stephen,Lawson,5912
emma.blackwood@tak.nz,Emma,Blackwood,5913
gregory.sutherland@tak.nz,Gregory,Sutherland,5914
carolyn.jones@tak.nz,Carolyn,Jones,5915
jerry.lopez@tak.nz,Jerry,Lopez,5916
julie.jackson@tak.nz,Julie,Jackson,5917
zachary.sanchez@tak.nz,Zachary,Sanchez,5918
joan.allen@tak.nz,Joan,Allen,5919
jeremy.flores@tak.nz,Jeremy,Flores,5920
jacqueline.campbell@tak.nz,Jacqueline,Campbell,5921
gerald.turner@tak.nz,Gerald,Turner,5922
julia.stewart@tak.nz,Julia,Stewart,5923
jesse.ortiz@tak.nz,Jesse,Ortiz,5924
marilyn.howard@tak.nz,Marilyn,Howard,5925
alan.brooks@tak.nz,Alan,Brooks,5926
natalie.ruiz@tak.nz,Natalie,Ruiz,5927
vincent.myers@tak.nz,Vincent,Myers,5928
doris.perry@tak.nz,Doris,Perry,5929
philip.barnes@tak.nz,Philip,Barnes,5930
chloe.patterson@tak.nz,Chloe,Patterson,5931
craig.moreno@tak.nz,Craig,Moreno,5932
ellie.ellis@tak.nz,Ellie,Ellis,5933
robert.harrison@tak.nz,Robert,Harrison,5934
barbara.simpson@tak.nz,Barbara,Simpson,5935
charles.pedersen@tak.nz,Charles,Pedersen,5936
margaret.ferguson@tak.nz,Margaret,Ferguson,5937
steven.marsh@tak.nz,Steven,Marsh,5938
michelle.boyd@tak.nz,Michelle,Boyd,5939
george.palmer@tak.nz,George,Palmer,5940
sharon.burton@tak.nz,Sharon,Burton,5941
jacob.radley@tak.nz,Jacob,Radley,5942
helen.smith@tak.nz,Helen,Smith,5943
justin.davis@tak.nz,Justin,Davis,5944
katherine.anderson@tak.nz,Katherine,Anderson,5945
frank.perez@tak.nz,Frank,Perez,5946
ruth.lewis@tak.nz,Ruth,Lewis,5947
aaron.scott@tak.nz,Aaron,Scott,5948
victoria.nelson@tak.nz,Victoria,Nelson,5949
peter.roberts@tak.nz,Peter,Roberts,5950
judith.cruz@tak.nz,Judith,Cruz,5951
keith.murphy@tak.nz,Keith,Murphy,5952
gloria.peterson@tak.nz,Gloria,Peterson,5953
harold.cox@tak.nz,Harold,Cox,5954
judy.james@tak.nz,Judy,James,5955
billy.alvarez@tak.nz,Billy,Alvarez,5956
danielle.foster@tak.nz,Danielle,Foster,5957
albert.bell@tak.nz,Albert,Bell,5958
lori.vasquez@tak.nz,Lori,Vasquez,5959
roy.graham@tak.nz,Roy,Graham,5960
erin.hayes@tak.nz,Erin,Hayes,5961
curtis.ford@tak.nz,Curtis,Ford,5962
bethany.wells@tak.nz,Bethany,Wells,5963
fred.berg@tak.nz,Fred,Berg,5964
mary.fraser@tak.nz,Mary,Fraser,5965
william.douglas@tak.nz,William,Douglas,5966
jessica.harvey@tak.nz,Jessica,Harvey,5967
daniel.hunt@tak.nz,Daniel,Hunt,5968
sandra.franklin@tak.nz,Sandra,Franklin,5969
andrew.whitfield@tak.nz,Andrew,Whitfield,5970
amanda.redmond@tak.nz,Amanda,Redmond,5971
ronald.brown@tak.nz,Ronald,Brown,5972
cynthia.hernandez@tak.nz,Cynthia,Hernandez,5973
nicholas.moore@tak.nz,Nicholas,Moore,5974
brenda.harris@tak.nz,Brenda,Harris,5975
brandon.young@tak.nz,Brandon,Young,5976
debra.hill@tak.nz,Debra,Hill,5977
raymond.rivera@tak.nz,Raymond,Rivera,5978
heather.evans@tak.nz,Heather,Evans,5979
adam.reyes@tak.nz,Adam,Reyes,5980
kelly.gutierrez@tak.nz,Kelly,Gutierrez,5981
ethan.kelly@tak.nz,Ethan,Kelly,5982
andrea.watson@tak.nz,Andrea,Watson,5983
terry.mendoza@tak.nz,Terry,Mendoza,5984
sara.patel@tak.nz,Sara,Patel,5985
arthur.jenkins@tak.nz,Arthur,Jenkins,5986
madison.henderson@tak.nz,Madison,Henderson,5987
gabriel.jordan@tak.nz,Gabriel,Jordan,5988
brittany.wallace@tak.nz,Brittany,Wallace,5989
elijah.bryant@tak.nz,Elijah,Bryant,5990
tiffany.mcdonald@tak.nz,Tiffany,McDonald,5991
bobby.webb@tak.nz,Bobby,Webb,5992
sophia.andersen@tak.nz,Sophia,Andersen,5993
jimmy.macdonald@tak.nz,Jimmy,MacDonald,5994
leah.bishop@tak.nz,Leah,Bishop,5995
chad.holt@tak.nz,Chad,Holt,5996
jennifer.curtis@tak.nz,Jennifer,Curtis,5997
richard.manning@tak.nz,Richard,Manning,5998
karen.kingsley@tak.nz,Karen,Kingsley,5999
anthony.ashford@tak.nz,Anthony,Ashford,6000
kimberly.miller@tak.nz,Kimberly,Miller,6001
kenneth.wilson@tak.nz,Kenneth,Wilson,6002
deborah.lee@tak.nz,Deborah,Lee,6003
jason.ramirez@tak.nz,Jason,Ramirez,6004
amy.wright@tak.nz,Amy,Wright,6005
jonathan.adams@tak.nz,Jonathan,Adams,6006
nicole.carter@tak.nz,Nicole,Carter,6007
samuel.parker@tak.nz,Samuel,Parker,6008
catherine.morales@tak.nz,Catherine,Morales,6009
dennis.cooper@tak.nz,Dennis,Cooper,6010
virginia.kim@tak.nz,Virginia,Kim,6011
henry.wood@tak.nz,Henry,Wood,6012
lauren.price@tak.nz,Lauren,Price,6013
noah.ross@tak.nz,Noah,Ross,6014
hannah.sullivan@tak.nz,Hannah,Sullivan,6015
sean.fisher@tak.nz,Sean,Fisher,6016
marie.hamilton@tak.nz,Marie,Hamilton,6017
jordan.cole@tak.nz,Jordan,Cole,6018
denise.murray@tak.nz,Denise,Murray,6019
logan.kennedy@tak.nz,Logan,Kennedy,6020
abigail.christensen@tak.nz,Abigail,Christensen,6021
randy.erikson@tak.nz,Randy,Erikson,6022
alice.sinclair@tak.nz,Alice,Sinclair,6023
bradley.barker@tak.nz,Bradley,Barker,6024
renee.dixon@tak.nz,Renee,Dixon,6025
todd.gardner@tak.nz,Todd,Gardner,6026
tara.chapman@tak.nz,Tara,Chapman,6027
john.delaney@tak.nz,John,Delaney,6028
elizabeth.williams@tak.nz,Elizabeth,Williams,6029
thomas.martinez@tak.nz,Thomas,Martinez,6030
lisa.taylor@tak.nz,Lisa,Taylor,6031
donald.white@tak.nz,Donald,White,6032
donna.walker@tak.nz,Donna,Walker,6033
brian.nguyen@tak.nz,Brian,Nguyen,6034
rebecca.hall@tak.nz,Rebecca,Hall,6035
ryan.phillips@tak.nz,Ryan,Phillips,6036
angela.collins@tak.nz,Angela,Collins,6037
larry.rogers@tak.nz,Larry,Rogers,6038
samantha.reed@tak.nz,Samantha,Reed,6039
alexander.richardson@tak.nz,Alexander,Richardson,6040
janet.gray@tak.nz,Janet,Gray,6041
tyler.sanders@tak.nz,Tyler,Sanders,6042
joyce.powell@tak.nz,Joyce,Powell,6043
douglas.butler@tak.nz,Douglas,Butler,6044
evelyn.romero@tak.nz,Evelyn,Romero,6045
christian.griffin@tak.nz,Christian,Griffin,6046
martha.gibson@tak.nz,Martha,Gibson,6047
carl.owens@tak.nz,Carl,Owens,6048
grace.fernandez@tak.nz,Grace,Fernandez,6049
bryan.hansen@tak.nz,Bryan,Hansen,6050
amber.stewart@tak.nz,Amber,Stewart,6051
juan.henderson@tak.nz,Juan,Henderson,6052
jane.newton@tak.nz,Jane,Newton,6053
mason.barrett@tak.nz,Mason,Barrett,6054
gina.todd@tak.nz,Gina,Todd,6055
eugene.ashworth@tak.nz,Eugene,Ashworth,6056
charlotte.blackburn@tak.nz,Charlotte,Blackburn,6057
alexis.garcia@tak.nz,Alexis,Garcia,6058
priscilla.gonzalez@tak.nz,Priscilla,Gonzalez,6059
michael.martin@tak.nz,Michael,Martin,6060
susan.clark2@tak.nz,Susan,Clark,6061
christopher.king2@tak.nz,Christopher,King,6062
betty.green2@tak.nz,Betty,Green,6063
paul.mitchell2@tak.nz,Paul,Mitchell,6064
carol.diaz2@tak.nz,Carol,Diaz,6065
timothy.morris2@tak.nz,Timothy,Morris,6066
laura.morgan2@tak.nz,Laura,Morgan,6067
gary.ramos2@tak.nz,Gary,Ramos,6068
anna.chavez2@tak.nz,Anna,Chavez,6069
scott.hughes2@tak.nz,Scott,Hughes,6070
christine.long2@tak.nz,Christine,Long,6071
patrick.russell2@tak.nz,Patrick,Russell,6072
maria.gonzales2@tak.nz,Maria,Gonzales,6073
jose.alexander2@tak.nz,Jose,Alexander,6074
olivia.west2@tak.nz,Olivia,West,6075
kyle.stevens2@tak.nz,Kyle,Stevens,6076
megan.ruiz2@tak.nz,Megan,Ruiz,6077
roger.stevenson2@tak.nz,Roger,Stevenson,6078
teresa.olsen2@tak.nz,Teresa,Olsen,6079
dylan.duncan2@tak.nz,Dylan,Duncan,6080
theresa.fletcher2@tak.nz,Theresa,Fletcher,6081
bruce.pearce2@tak.nz,Bruce,Pearce,6082
rose.osborne2@tak.nz,Rose,Osborne,6083
willie.kirk2@tak.nz,Willie,Kirk,6084
alexis.winslow2@tak.nz,Alexis,Winslow,6085
ralph.johnson2@tak.nz,Ralph,Johnson,6086
isabella.rodriguez2@tak.nz,Isabella,Rodriguez,6087
louis.thomas2@tak.nz,Louis,Thomas,6088
jasmine.thompson2@tak.nz,Jasmine,Thompson,6089
marcus.robinson2@tak.nz,Marcus,Robinson,6090
patricia.torres2@tak.nz,Patricia,Torres,6091
david.baker2@tak.nz,David,Baker,6092
sarah.gomez2@tak.nz,Sarah,Gomez,6093
matthew.edwards2@tak.nz,Matthew,Edwards,6094
ashley.cook2@tak.nz,Ashley,Cook,6095
joshua.bailey2@tak.nz,Joshua,Bailey,6096
melissa.ward2@tak.nz,Melissa,Ward,6097
edward.bennett2@tak.nz,Edward,Bennett,6098
kathleen.castillo2@tak.nz,Kathleen,Castillo,6099
eric.jimenez2@tak.nz,Eric,Jimenez,6100
pamela.coleman2@tak.nz,Pamela,Coleman,6101
benjamin.simmons2@tak.nz,Benjamin,Simmons,6102
rachel.reynolds2@tak.nz,Rachel,Reynolds,6103
jack.chapman2@tak.nz,Jack,Chapman,6104
diane.marshall2@tak.nz,Diane,Marshall,6105
nathan.warren2@tak.nz,Nathan,Warren,6106
christina.larsen2@tak.nz,Christina,Larsen,6107
walter.cameron2@tak.nz,Walter,Cameron,6108
cheryl.grant2@tak.nz,Cheryl,Grant,6109
austin.chambers2@tak.nz,Austin,Chambers,6110
janice.nolan2@tak.nz,Janice,Nolan,6111
lawrence.lawson2@tak.nz,Lawrence,Lawson,6112
beverly.blackwood2@tak.nz,Beverly,Blackwood,6113
joe.sutherland2@tak.nz,Joe,Sutherland,6114
diana.jones2@tak.nz,Diana,Jones,6115
wayne.lopez2@tak.nz,Wayne,Lopez,6116
kayla.jackson2@tak.nz,Kayla,Jackson,6117
russell.sanchez2@tak.nz,Russell,Sanchez,6118
ava.allen2@tak.nz,Ava,Allen,6119
lee.flores2@tak.nz,Lee,Flores,6120
kylie.campbell2@tak.nz,Kylie,Campbell,6121
james.turner2@tak.nz,James,Turner,6122
linda.stewart2@tak.nz,Linda,Stewart,6123
joseph.ortiz2@tak.nz,Joseph,Ortiz,6124
nancy.howard2@tak.nz,Nancy,Howard,6125
mark.brooks2@tak.nz,Mark,Brooks,6126
emily.ruiz2@tak.nz,Emily,Ruiz,6127
kevin.myers2@tak.nz,Kevin,Myers,6128
stephanie.perry2@tak.nz,Stephanie,Perry,6129
jeffrey.barnes2@tak.nz,Jeffrey,Barnes,6130
shirley.patterson2@tak.nz,Shirley,Patterson,6131
stephen.moreno2@tak.nz,Stephen,Moreno,6132
emma.ellis2@tak.nz,Emma,Ellis,6133
gregory.harrison2@tak.nz,Gregory,Harrison,6134
carolyn.simpson2@tak.nz,Carolyn,Simpson,6135
jerry.pedersen2@tak.nz,Jerry,Pedersen,6136
julie.ferguson2@tak.nz,Julie,Ferguson,6137
zachary.marsh2@tak.nz,Zachary,Marsh,6138
joan.boyd2@tak.nz,Joan,Boyd,6139
jeremy.palmer2@tak.nz,Jeremy,Palmer,6140
jacqueline.burton2@tak.nz,Jacqueline,Burton,6141
gerald.radley2@tak.nz,Gerald,Radley,6142
julia.smith2@tak.nz,Julia,Smith,6143
jesse.davis2@tak.nz,Jesse,Davis,6144
marilyn.anderson2@tak.nz,Marilyn,Anderson,6145
alan.perez2@tak.nz,Alan,Perez,6146
natalie.lewis2@tak.nz,Natalie,Lewis,6147
vincent.scott2@tak.nz,Vincent,Scott,6148
doris.nelson2@tak.nz,Doris,Nelson,6149
philip.roberts2@tak.nz,Philip,Roberts,6150
chloe.cruz2@tak.nz,Chloe,Cruz,6151
craig.murphy2@tak.nz,Craig,Murphy,6152
ellie.peterson2@tak.nz,Ellie,Peterson,6153
robert.cox2@tak.nz,Robert,Cox,6154
barbara.james2@tak.nz,Barbara,James,6155
charles.alvarez2@tak.nz,Charles,Alvarez,6156
margaret.foster2@tak.nz,Margaret,Foster,6157
steven.bell2@tak.nz,Steven,Bell,6158
michelle.vasquez2@tak.nz,Michelle,Vasquez,6159
george.graham2@tak.nz,George,Graham,6160
sharon.hayes2@tak.nz,Sharon,Hayes,6161
jacob.ford2@tak.nz,Jacob,Ford,6162
helen.wells2@tak.nz,Helen,Wells,6163
justin.berg2@tak.nz,Justin,Berg,6164
katherine.fraser2@tak.nz,Katherine,Fraser,6165
frank.douglas2@tak.nz,Frank,Douglas,6166
ruth.harvey2@tak.nz,Ruth,Harvey,6167
aaron.hunt2@tak.nz,Aaron,Hunt,6168
victoria.franklin2@tak.nz,Victoria,Franklin,6169
peter.whitfield2@tak.nz,Peter,Whitfield,6170
judith.redmond2@tak.nz,Judith,Redmond,6171
keith.brown2@tak.nz,Keith,Brown,6172
gloria.hernandez2@tak.nz,Gloria,Hernandez,6173
harold.moore2@tak.nz,Harold,Moore,6174
judy.harris2@tak.nz,Judy,Harris,6175
billy.young2@tak.nz,Billy,Young,6176
danielle.hill2@tak.nz,Danielle,Hill,6177
albert.rivera2@tak.nz,Albert,Rivera,6178
lori.evans2@tak.nz,Lori,Evans,6179
roy.reyes2@tak.nz,Roy,Reyes,6180
erin.gutierrez2@tak.nz,Erin,Gutierrez,6181
curtis.kelly2@tak.nz,Curtis,Kelly,6182
bethany.watson2@tak.nz,Bethany,Watson,6183
fred.mendoza2@tak.nz,Fred,Mendoza,6184
mary.patel2@tak.nz,Mary,Patel,6185
william.jenkins2@tak.nz,William,Jenkins,6186
jessica.henderson2@tak.nz,Jessica,Henderson,6187
daniel.jordan2@tak.nz,Daniel,Jordan,6188
sandra.wallace2@tak.nz,Sandra,Wallace,6189
andrew.bryant2@tak.nz,Andrew,Bryant,6190
amanda.mcdonald2@tak.nz,Amanda,McDonald,6191
ronald.webb2@tak.nz,Ronald,Webb,6192
cynthia.andersen2@tak.nz,Cynthia,Andersen,6193
nicholas.macdonald2@tak.nz,Nicholas,MacDonald,6194
brenda.bishop2@tak.nz,Brenda,Bishop,6195
brandon.holt2@tak.nz,Brandon,Holt,6196
debra.curtis2@tak.nz,Debra,Curtis,6197
raymond.manning2@tak.nz,Raymond,Manning,6198
heather.kingsley2@tak.nz,Heather,Kingsley,6199
adam.ashford2@tak.nz,Adam,Ashford,6200
kelly.miller2@tak.nz,Kelly,Miller,6201
ethan.wilson2@tak.nz,Ethan,Wilson,6202
andrea.lee2@tak.nz,Andrea,Lee,6203
terry.ramirez2@tak.nz,Terry,Ramirez,6204
sara.wright2@tak.nz,Sara,Wright,6205
arthur.adams2@tak.nz,Arthur,Adams,6206
madison.carter2@tak.nz,Madison,Carter,6207
gabriel.parker2@tak.nz,Gabriel,Parker,6208
brittany.morales2@tak.nz,Brittany,Morales,6209
elijah.cooper2@tak.nz,Elijah,Cooper,6210
tiffany.kim2@tak.nz,Tiffany,Kim,6211
bobby.wood2@tak.nz,Bobby,Wood,6212
sophia.price2@tak.nz,Sophia,Price,6213
jimmy.ross2@tak.nz,Jimmy,Ross,6214
leah.sullivan2@tak.nz,Leah,Sullivan,6215
chad.fisher2@tak.nz,Chad,Fisher,6216
jennifer.hamilton2@tak.nz,Jennifer,Hamilton,6217
richard.cole2@tak.nz,Richard,Cole,6218
karen.murray2@tak.nz,Karen,Murray,6219
anthony.kennedy2@tak.nz,Anthony,Kennedy,6220
kimberly.christensen2@tak.nz,Kimberly,Christensen,6221
kenneth.erikson2@tak.nz,Kenneth,Erikson,6222
deborah.sinclair2@tak.nz,Deborah,Sinclair,6223
jason.barker2@tak.nz,Jason,Barker,6224
amy.dixon2@tak.nz,Amy,Dixon,6225
jonathan.gardner2@tak.nz,Jonathan,Gardner,6226
nicole.chapman2@tak.nz,Nicole,Chapman,6227
samuel.delaney2@tak.nz,Samuel,Delaney,6228
catherine.williams2@tak.nz,Catherine,Williams,6229
dennis.martinez2@tak.nz,Dennis,Martinez,6230
virginia.taylor2@tak.nz,Virginia,Taylor,6231
henry.white2@tak.nz,Henry,White,6232
lauren.walker2@tak.nz,Lauren,Walker,6233
noah.nguyen2@tak.nz,Noah,Nguyen,6234
hannah.hall2@tak.nz,Hannah,Hall,6235
sean.phillips2@tak.nz,Sean,Phillips,6236
marie.collins2@tak.nz,Marie,Collins,6237
jordan.rogers2@tak.nz,Jordan,Rogers,6238
denise.reed2@tak.nz,Denise,Reed,6239
logan.richardson2@tak.nz,Logan,Richardson,6240
abigail.gray2@tak.nz,Abigail,Gray,6241
randy.sanders2@tak.nz,Randy,Sanders,6242
alice.powell2@tak.nz,Alice,Powell,6243
bradley.butler2@tak.nz,Bradley,Butler,6244
renee.romero2@tak.nz,Renee,Romero,6245
todd.griffin2@tak.nz,Todd,Griffin,6246
tara.gibson2@tak.nz,Tara,Gibson,6247
john.owens2@tak.nz,John,Owens,6248
elizabeth.fernandez2@tak.nz,Elizabeth,Fernandez,6249
thomas.hansen2@tak.nz,Thomas,Hansen,6250
lisa.stewart2@tak.nz,Lisa,Stewart,6251
donald.henderson2@tak.nz,Donald,Henderson,6252
donna.newton2@tak.nz,Donna,Newton,6253
brian.barrett2@tak.nz,Brian,Barrett,6254
rebecca.todd2@tak.nz,Rebecca,Todd,6255
ryan.ashworth2@tak.nz,Ryan,Ashworth,6256
angela.blackburn2@tak.nz,Angela,Blackburn,6257
larry.garcia2@tak.nz,Larry,Garcia,6258
samantha.gonzalez2@tak.nz,Samantha,Gonzalez,6259
alexander.martin2@tak.nz,Alexander,Martin,6260
janet.clark2@tak.nz,Janet,Clark,6261
tyler.king2@tak.nz,Tyler,King,6262
joyce.green2@tak.nz,Joyce,Green,6263
douglas.mitchell2@tak.nz,Douglas,Mitchell,6264
evelyn.diaz2@tak.nz,Evelyn,Diaz,6265
christian.morris2@tak.nz,Christian,Morris,6266
martha.morgan2@tak.nz,Martha,Morgan,6267
carl.ramos2@tak.nz,Carl,Ramos,6268
grace.chavez2@tak.nz,Grace,Chavez,6269
bryan.hughes2@tak.nz,Bryan,Hughes,6270
amber.long2@tak.nz,Amber,Long,6271
juan.russell2@tak.nz,Juan,Russell,6272
jane.gonzales2@tak.nz,Jane,Gonzales,6273
mason.alexander2@tak.nz,Mason,Alexander,6274
gina.west2@tak.nz,Gina,West,6275
eugene.stevens2@tak.nz,Eugene,Stevens,6276
charlotte.ruiz2@tak.nz,Charlotte,Ruiz,6277
alexis.stevenson2@tak.nz,Alexis,Stevenson,6278
priscilla.olsen2@tak.nz,Priscilla,Olsen,6279
michael.duncan2@tak.nz,Michael,Duncan,6280
susan.fletcher2@tak.nz,Susan,Fletcher,6281
christopher.pearce2@tak.nz,Christopher,Pearce,6282
betty.osborne2@tak.nz,Betty,Osborne,6283
paul.kirk2@tak.nz,Paul,Kirk,6284
carol.winslow2@tak.nz,Carol,Winslow,6285
timothy.johnson2@tak.nz,Timothy,Johnson,6286
laura.rodriguez2@tak.nz,Laura,Rodriguez,6287
gary.thomas2@tak.nz,Gary,Thomas,6288
anna.thompson2@tak.nz,Anna,Thompson,6289
scott.robinson2@tak.nz,Scott,Robinson,6290
christine.torres2@tak.nz,Christine,Torres,6291
patrick.baker2@tak.nz,Patrick,Baker,6292
maria.gomez2@tak.nz,Maria,Gomez,6293
jose.edwards2@tak.nz,Jose,Edwards,6294
olivia.cook2@tak.nz,Olivia,Cook,6295
kyle.bailey2@tak.nz,Kyle,Bailey,6296
megan.ward2@tak.nz,Megan,Ward,6297
roger.bennett2@tak.nz,Roger,Bennett,6298
teresa.castillo2@tak.nz,Teresa,Castillo,6299
dylan.jimenez2@tak.nz,Dylan,Jimenez,6300
theresa.coleman2@tak.nz,Theresa,Coleman,6301
bruce.simmons2@tak.nz,Bruce,Simmons,6302
rose.reynolds2@tak.nz,Rose,Reynolds,6303
willie.chapman2@tak.nz,Willie,Chapman,6304
alexis.marshall2@tak.nz,Alexis,Marshall,6305
ralph.warren2@tak.nz,Ralph,Warren,6306
isabella.larsen2@tak.nz,Isabella,Larsen,6307
louis.cameron2@tak.nz,Louis,Cameron,6308
jasmine.grant2@tak.nz,Jasmine,Grant,6309
marcus.chambers2@tak.nz,Marcus,Chambers,6310
patricia.nolan2@tak.nz,Patricia,Nolan,6311
david.lawson2@tak.nz,David,Lawson,6312
sarah.blackwood2@tak.nz,Sarah,Blackwood,6313
matthew.sutherland2@tak.nz,Matthew,Sutherland,6314
ashley.jones2@tak.nz,Ashley,Jones,6315
joshua.lopez2@tak.nz,Joshua,Lopez,6316
melissa.jackson2@tak.nz,Melissa,Jackson,6317
edward.sanchez2@tak.nz,Edward,Sanchez,6318
kathleen.allen2@tak.nz,Kathleen,Allen,6319
eric.flores2@tak.nz,Eric,Flores,6320
pamela.campbell2@tak.nz,Pamela,Campbell,6321
benjamin.turner2@tak.nz,Benjamin,Turner,6322
rachel.stewart2@tak.nz,Rachel,Stewart,6323
jack.ortiz2@tak.nz,Jack,Ortiz,6324
diane.howard2@tak.nz,Diane,Howard,6325
nathan.brooks2@tak.nz,Nathan,Brooks,6326
christina.ruiz2@tak.nz,Christina,Ruiz,6327
walter.myers2@tak.nz,Walter,Myers,6328
cheryl.perry2@tak.nz,Cheryl,Perry,6329
austin.barnes2@tak.nz,Austin,Barnes,6330
janice.patterson2@tak.nz,Janice,Patterson,6331
lawrence.moreno2@tak.nz,Lawrence,Moreno,6332
beverly.ellis2@tak.nz,Beverly,Ellis,6333
joe.harrison2@tak.nz,Joe,Harrison,6334
diana.simpson2@tak.nz,Diana,Simpson,6335
wayne.pedersen2@tak.nz,Wayne,Pedersen,6336
kayla.ferguson2@tak.nz,Kayla,Ferguson,6337
russell.marsh2@tak.nz,Russell,Marsh,6338
ava.boyd2@tak.nz,Ava,Boyd,6339
lee.palmer2@tak.nz,Lee,Palmer,6340
kylie.burton2@tak.nz,Kylie,Burton,6341
james.radley2@tak.nz,James,Radley,6342
linda.smith2@tak.nz,Linda,Smith,6343
joseph.davis2@tak.nz,Joseph,Davis,6344
nancy.anderson2@tak.nz,Nancy,Anderson,6345
mark.perez2@tak.nz,Mark,Perez,6346
emily.lewis2@tak.nz,Emily,Lewis,6347
kevin.scott2@tak.nz,Kevin,Scott,6348
stephanie.nelson2@tak.nz,Stephanie,Nelson,6349
jeffrey.roberts2@tak.nz,Jeffrey,Roberts,6350
shirley.cruz2@tak.nz,Shirley,Cruz,6351
stephen.murphy2@tak.nz,Stephen,Murphy,6352
emma.peterson2@tak.nz,Emma,Peterson,6353
gregory.cox2@tak.nz,Gregory,Cox,6354
carolyn.james2@tak.nz,Carolyn,James,6355
jerry.alvarez2@tak.nz,Jerry,Alvarez,6356
julie.foster2@tak.nz,Julie,Foster,6357
zachary.bell2@tak.nz,Zachary,Bell,6358
joan.vasquez2@tak.nz,Joan,Vasquez,6359
jeremy.graham2@tak.nz,Jeremy,Graham,6360
jacqueline.hayes2@tak.nz,Jacqueline,Hayes,6361
gerald.ford2@tak.nz,Gerald,Ford,6362
julia.wells2@tak.nz,Julia,Wells,6363
jesse.berg2@tak.nz,Jesse,Berg,6364
marilyn.fraser2@tak.nz,Marilyn,Fraser,6365
alan.douglas2@tak.nz,Alan,Douglas,6366
natalie.harvey2@tak.nz,Natalie,Harvey,6367
vincent.hunt2@tak.nz,Vincent,Hunt,6368
doris.franklin2@tak.nz,Doris,Franklin,6369
philip.whitfield2@tak.nz,Philip,Whitfield,6370
chloe.redmond2@tak.nz,Chloe,Redmond,6371
craig.brown2@tak.nz,Craig,Brown,6372
ellie.hernandez2@tak.nz,Ellie,Hernandez,6373
robert.moore2@tak.nz,Robert,Moore,6374
barbara.harris2@tak.nz,Barbara,Harris,6375
charles.young2@tak.nz,Charles,Young,6376
margaret.hill2@tak.nz,Margaret,Hill,6377
steven.rivera2@tak.nz,Steven,Rivera,6378
michelle.evans2@tak.nz,Michelle,Evans,6379
george.reyes2@tak.nz,George,Reyes,6380
sharon.gutierrez2@tak.nz,Sharon,Gutierrez,6381
jacob.kelly2@tak.nz,Jacob,Kelly,6382
helen.watson2@tak.nz,Helen,Watson,6383
justin.mendoza2@tak.nz,Justin,Mendoza,6384
katherine.patel2@tak.nz,Katherine,Patel,6385
frank.jenkins2@tak.nz,Frank,Jenkins,6386
ruth.henderson2@tak.nz,Ruth,Henderson,6387
aaron.jordan2@tak.nz,Aaron,Jordan,6388
victoria.wallace2@tak.nz,Victoria,Wallace,6389
peter.bryant2@tak.nz,Peter,Bryant,6390
judith.mcdonald2@tak.nz,Judith,McDonald,6391
keith.webb2@tak.nz,Keith,Webb,6392
gloria.andersen2@tak.nz,Gloria,Andersen,6393
harold.macdonald2@tak.nz,Harold,MacDonald,6394
judy.bishop2@tak.nz,Judy,Bishop,6395
billy.holt2@tak.nz,Billy,Holt,6396
danielle.curtis2@tak.nz,Danielle,Curtis,6397
albert.manning2@tak.nz,Albert,Manning,6398
lori.kingsley2@tak.nz,Lori,Kingsley,6399
roy.ashford2@tak.nz,Roy,Ashford,6400
erin.miller2@tak.nz,Erin,Miller,6401
curtis.wilson2@tak.nz,Curtis,Wilson,6402
bethany.lee2@tak.nz,Bethany,Lee,6403
fred.ramirez2@tak.nz,Fred,Ramirez,6404
mary.wright2@tak.nz,Mary,Wright,6405
william.adams2@tak.nz,William,Adams,6406
jessica.carter2@tak.nz,Jessica,Carter,6407
daniel.parker2@tak.nz,Daniel,Parker,6408
sandra.morales2@tak.nz,Sandra,Morales,6409
andrew.cooper2@tak.nz,Andrew,Cooper,6410
amanda.kim2@tak.nz,Amanda,Kim,6411
ronald.wood2@tak.nz,Ronald,Wood,6412
cynthia.price2@tak.nz,Cynthia,Price,6413
nicholas.ross2@tak.nz,Nicholas,Ross,6414
brenda.sullivan2@tak.nz,Brenda,Sullivan,6415
brandon.fisher2@tak.nz,Brandon,Fisher,6416
debra.hamilton2@tak.nz,Debra,Hamilton,6417
raymond.cole2@tak.nz,Raymond,Cole,6418
heather.murray2@tak.nz,Heather,Murray,6419
adam.kennedy2@tak.nz,Adam,Kennedy,6420
kelly.christensen2@tak.nz,Kelly,Christensen,5781
ethan.erikson2@tak.nz,Ethan,Erikson,5782
andrea.sinclair2@tak.nz,Andrea,Sinclair,5783
terry.barker2@tak.nz,Terry,Barker,5784
sara.dixon2@tak.nz,Sara,Dixon,5785
arthur.gardner2@tak.nz,Arthur,Gardner,5786
madison.chapman2@tak.nz,Madison,Chapman,5787
gabriel.delaney2@tak.nz,Gabriel,Delaney,5788
brittany.williams2@tak.nz,Brittany,Williams,5789
elijah.martinez2@tak.nz,Elijah,Martinez,5790
tiffany.taylor2@tak.nz,Tiffany,Taylor,5791
bobby.white2@tak.nz,Bobby,White,5792
sophia.walker2@tak.nz,Sophia,Walker,5793
jimmy.nguyen2@tak.nz,Jimmy,Nguyen,5794
leah.hall2@tak.nz,Leah,Hall,5795
chad.phillips2@tak.nz,Chad,Phillips,5796
jennifer.collins2@tak.nz,Jennifer,Collins,5797
richard.rogers2@tak.nz,Richard,Rogers,5798
karen.reed2@tak.nz,Karen,Reed,5799
anthony.richardson2@tak.nz,Anthony,Richardson,5800
kimberly.gray2@tak.nz,Kimberly,Gray,5801
kenneth.sanders2@tak.nz,Kenneth,Sanders,5802
deborah.powell2@tak.nz,Deborah,Powell,5803
jason.butler2@tak.nz,Jason,Butler,5804
amy.romero2@tak.nz,Amy,Romero,5805
jonathan.griffin2@tak.nz,Jonathan,Griffin,5806
nicole.gibson2@tak.nz,Nicole,Gibson,5807
samuel.owens2@tak.nz,Samuel,Owens,5808
catherine.fernandez2@tak.nz,Catherine,Fernandez,5809
dennis.hansen2@tak.nz,Dennis,Hansen,5810
virginia.stewart2@tak.nz,Virginia,Stewart,5811
henry.henderson2@tak.nz,Henry,Henderson,5812
lauren.newton2@tak.nz,Lauren,Newton,5813
noah.barrett2@tak.nz,Noah,Barrett,5814
hannah.todd2@tak.nz,Hannah,Todd,5815
sean.ashworth2@tak.nz,Sean,Ashworth,5816
marie.blackburn2@tak.nz,Marie,Blackburn,5817
jordan.garcia2@tak.nz,Jordan,Garcia,5818
denise.gonzalez2@tak.nz,Denise,Gonzalez,5819
logan.martin2@tak.nz,Logan,Martin,5820
abigail.clark2@tak.nz,Abigail,Clark,5821
randy.king2@tak.nz,Randy,King,5822
alice.green2@tak.nz,Alice,Green,5823
bradley.mitchell2@tak.nz,Bradley,Mitchell,5824
renee.diaz2@tak.nz,Renee,Diaz,5825
todd.morris2@tak.nz,Todd,Morris,5826
tara.morgan2@tak.nz,Tara,Morgan,5827
john.ramos2@tak.nz,John,Ramos,5828
elizabeth.chavez2@tak.nz,Elizabeth,Chavez,5829
thomas.hughes2@tak.nz,Thomas,Hughes,5830
lisa.long2@tak.nz,Lisa,Long,5831
donald.russell2@tak.nz,Donald,Russell,5832
donna.gonzales2@tak.nz,Donna,Gonzales,5833
brian.alexander2@tak.nz,Brian,Alexander,5834
rebecca.west2@tak.nz,Rebecca,West,5835
ryan.stevens2@tak.nz,Ryan,Stevens,5836
angela.ruiz2@tak.nz,Angela,Ruiz,5837
larry.stevenson2@tak.nz,Larry,Stevenson,5838
samantha.olsen2@tak.nz,Samantha,Olsen,5839
alexander.duncan2@tak.nz,Alexander,Duncan,5840
janet.fletcher2@tak.nz,Janet,Fletcher,5841
tyler.pearce2@tak.nz,Tyler,Pearce,5842
joyce.osborne2@tak.nz,Joyce,Osborne,5843
douglas.kirk2@tak.nz,Douglas,Kirk,5844
evelyn.winslow2@tak.nz,Evelyn,Winslow,5845
christian.johnson2@tak.nz,Christian,Johnson,5846
martha.rodriguez2@tak.nz,Martha,Rodriguez,5847
carl.thomas2@tak.nz,Carl,Thomas,5848
grace.thompson2@tak.nz,Grace,Thompson,5849
bryan.robinson2@tak.nz,Bryan,Robinson,5850
amber.torres2@tak.nz,Amber,Torres,5851
juan.baker2@tak.nz,Juan,Baker,5852
jane.gomez2@tak.nz,Jane,Gomez,5853
mason.edwards2@tak.nz,Mason,Edwards,5854
gina.cook2@tak.nz,Gina,Cook,5855
eugene.bailey2@tak.nz,Eugene,Bailey,5856
charlotte.ward2@tak.nz,Charlotte,Ward,5857
alexis.bennett2@tak.nz,Alexis,Bennett,5858
priscilla.castillo2@tak.nz,Priscilla,Castillo,5859
michael.jimenez2@tak.nz,Michael,Jimenez,5860
susan.coleman2@tak.nz,Susan,Coleman,5861
christopher.simmons2@tak.nz,Christopher,Simmons,5862
betty.reynolds2@tak.nz,Betty,Reynolds,5863
paul.chapman2@tak.nz,Paul,Chapman,5864
carol.marshall2@tak.nz,Carol,Marshall,5865
timothy.warren2@tak.nz,Timothy,Warren,5866
laura.larsen2@tak.nz,Laura,Larsen,5867
gary.cameron2@tak.nz,Gary,Cameron,5868
anna.grant2@tak.nz,Anna,Grant,5869
scott.chambers2@tak.nz,Scott,Chambers,5870
christine.nolan2@tak.nz,Christine,Nolan,5871
patrick.lawson2@tak.nz,Patrick,Lawson,5872
maria.blackwood2@tak.nz,Maria,Blackwood,5873
jose.sutherland2@tak.nz,Jose,Sutherland,5874
olivia.jones2@tak.nz,Olivia,Jones,5875
kyle.lopez2@tak.nz,Kyle,Lopez,5876
megan.jackson2@tak.nz,Megan,Jackson,5877
roger.sanchez2@tak.nz,Roger,Sanchez,5878
teresa.allen2@tak.nz,Teresa,Allen,5879
dylan.flores2@tak.nz,Dylan,Flores,5880
theresa.campbell2@tak.nz,Theresa,Campbell,5881
bruce.turner2@tak.nz,Bruce,Turner,5882
rose.stewart2@tak.nz,Rose,Stewart,5883
willie.ortiz2@tak.nz,Willie,Ortiz,5884
alexis.howard2@tak.nz,Alexis,Howard,5885
ralph.brooks2@tak.nz,Ralph,Brooks,5886
isabella.ruiz2@tak.nz,Isabella,Ruiz,5887
louis.myers2@tak.nz,Louis,Myers,5888
jasmine.perry2@tak.nz,Jasmine,Perry,5889
marcus.barnes2@tak.nz,Marcus,Barnes,5890
patricia.patterson2@tak.nz,Patricia,Patterson,5891
david.moreno2@tak.nz,David,Moreno,5892
sarah.ellis2@tak.nz,Sarah,Ellis,5893
matthew.harrison2@tak.nz,Matthew,Harrison,5894
ashley.simpson2@tak.nz,Ashley,Simpson,5895
joshua.pedersen2@tak.nz,Joshua,Pedersen,5896
melissa.ferguson2@tak.nz,Melissa,Ferguson,5897
edward.marsh2@tak.nz,Edward,Marsh,5898
kathleen.boyd2@tak.nz,Kathleen,Boyd,5899
eric.palmer2@tak.nz,Eric,Palmer,5900
pamela.burton2@tak.nz,Pamela,Burton,5901
benjamin.radley2@tak.nz,Benjamin,Radley,5902
rachel.smith2@tak.nz,Rachel,Smith,5903
jack.davis2@tak.nz,Jack,Davis,5904
diane.anderson2@tak.nz,Diane,Anderson,5905
nathan.perez2@tak.nz,Nathan,Perez,5906
christina.lewis2@tak.nz,Christina,Lewis,5907
walter.scott2@tak.nz,Walter,Scott,5908
cheryl.nelson2@tak.nz,Cheryl,Nelson,5909
austin.roberts2@tak.nz,Austin,Roberts,5910
janice.cruz2@tak.nz,Janice,Cruz,5911
lawrence.murphy2@tak.nz,Lawrence,Murphy,5912
beverly.peterson2@tak.nz,Beverly,Peterson,5913
joe.cox2@tak.nz,Joe,Cox,5914
diana.james2@tak.nz,Diana,James,5915
wayne.alvarez2@tak.nz,Wayne,Alvarez,5916
kayla.foster2@tak.nz,Kayla,Foster,5917
russell.bell2@tak.nz,Russell,Bell,5918
ava.vasquez2@tak.nz,Ava,Vasquez,5919
lee.graham2@tak.nz,Lee,Graham,5920
kylie.hayes2@tak.nz,Kylie,Hayes,5921
james.ford2@tak.nz,James,Ford,5922
linda.wells2@tak.nz,Linda,Wells,5923
joseph.berg2@tak.nz,Joseph,Berg,5924
nancy.fraser2@tak.nz,Nancy,Fraser,5925
mark.douglas2@tak.nz,Mark,Douglas,5926
emily.harvey2@tak.nz,Emily,Harvey,5927
kevin.hunt2@tak.nz,Kevin,Hunt,5928
stephanie.franklin2@tak.nz,Stephanie,Franklin,5929
jeffrey.whitfield2@tak.nz,Jeffrey,Whitfield,5930
shirley.redmond2@tak.nz,Shirley,Redmond,5931
stephen.brown2@tak.nz,Stephen,Brown,5932
emma.hernandez2@tak.nz,Emma,Hernandez,5933
gregory.moore2@tak.nz,Gregory,Moore,5934
carolyn.harris2@tak.nz,Carolyn,Harris,5935
jerry.young2@tak.nz,Jerry,Young,5936
julie.hill2@tak.nz,Julie,Hill,5937
zachary.rivera2@tak.nz,Zachary,Rivera,5938
joan.evans2@tak.nz,Joan,Evans,5939
jeremy.reyes2@tak.nz,Jeremy,Reyes,5940
jacqueline.gutierrez2@tak.nz,Jacqueline,Gutierrez,5941
gerald.kelly2@tak.nz,Gerald,Kelly,5942
julia.watson2@tak.nz,Julia,Watson,5943
jesse.mendoza2@tak.nz,Jesse,Mendoza,5944
marilyn.patel2@tak.nz,Marilyn,Patel,5945
alan.jenkins2@tak.nz,Alan,Jenkins,5946
natalie.henderson2@tak.nz,Natalie,Henderson,5947
vincent.jordan2@tak.nz,Vincent,Jordan,5948
doris.wallace2@tak.nz,Doris,Wallace,5949
philip.bryant2@tak.nz,Philip,Bryant,5950
chloe.mcdonald2@tak.nz,Chloe,McDonald,5951
craig.webb2@tak.nz,Craig,Webb,5952
ellie.andersen2@tak.nz,Ellie,Andersen,5953
robert.macdonald2@tak.nz,Robert,MacDonald,5954
barbara.bishop2@tak.nz,Barbara,Bishop,5955
charles.holt2@tak.nz,Charles,Holt,5956
margaret.curtis2@tak.nz,Margaret,Curtis,5957
steven.manning2@tak.nz,Steven,Manning,5958
michelle.kingsley2@tak.nz,Michelle,Kingsley,5959
george.ashford2@tak.nz,George,Ashford,5960
sharon.miller2@tak.nz,Sharon,Miller,5961
jacob.wilson2@tak.nz,Jacob,Wilson,5962
helen.lee2@tak.nz,Helen,Lee,5963
justin.ramirez2@tak.nz,Justin,Ramirez,5964
katherine.wright2@tak.nz,Katherine,Wright,5965
frank.adams2@tak.nz,Frank,Adams,5966
ruth.carter2@tak.nz,Ruth,Carter,5967
aaron.parker2@tak.nz,Aaron,Parker,5968
victoria.morales2@tak.nz,Victoria,Morales,5969
peter.cooper2@tak.nz,Peter,Cooper,5970
judith.kim2@tak.nz,Judith,Kim,5971
keith.wood2@tak.nz,Keith,Wood,5972
gloria.price2@tak.nz,Gloria,Price,5973
harold.ross2@tak.nz,Harold,Ross,5974
judy.sullivan2@tak.nz,Judy,Sullivan,5975
billy.fisher2@tak.nz,Billy,Fisher,5976
danielle.hamilton2@tak.nz,Danielle,Hamilton,5977
albert.cole2@tak.nz,Albert,Cole,5978
lori.murray2@tak.nz,Lori,Murray,5979
roy.kennedy2@tak.nz,Roy,Kennedy,5980
erin.christensen2@tak.nz,Erin,Christensen,5981
curtis.erikson2@tak.nz,Curtis,Erikson,5982
bethany.sinclair2@tak.nz,Bethany,Sinclair,5983
fred.barker2@tak.nz,Fred,Barker,5984
mary.dixon2@tak.nz,Mary,Dixon,5985
william.gardner2@tak.nz,William,Gardner,5986
jessica.chapman2@tak.nz,Jessica,Chapman,5987
daniel.delaney2@tak.nz,Daniel,Delaney,5988
sandra.williams2@tak.nz,Sandra,Williams,5989
andrew.martinez2@tak.nz,Andrew,Martinez,5990
amanda.taylor2@tak.nz,Amanda,Taylor,5991
ronald.white2@tak.nz,Ronald,White,5992
cynthia.walker2@tak.nz,Cynthia,Walker,5993
nicholas.nguyen2@tak.nz,Nicholas,Nguyen,5994
brenda.hall2@tak.nz,Brenda,Hall,5995
brandon.phillips2@tak.nz,Brandon,Phillips,5996
debra.collins2@tak.nz,Debra,Collins,5997
raymond.rogers2@tak.nz,Raymond,Rogers,5998
heather.reed2@tak.nz,Heather,Reed,5999
adam.richardson2@tak.nz,Adam,Richardson,6000
kelly.gray2@tak.nz,Kelly,Gray,6001
ethan.sanders2@tak.nz,Ethan,Sanders,6002
andrea.powell2@tak.nz,Andrea,Powell,6003
terry.butler2@tak.nz,Terry,Butler,6004
sara.romero2@tak.nz,Sara,Romero,6005
arthur.griffin2@tak.nz,Arthur,Griffin,6006
madison.gibson2@tak.nz,Madison,Gibson,6007
gabriel.owens2@tak.nz,Gabriel,Owens,6008
brittany.fernandez2@tak.nz,Brittany,Fernandez,6009
elijah.hansen2@tak.nz,Elijah,Hansen,6010
tiffany.stewart2@tak.nz,Tiffany,Stewart,6011
bobby.henderson2@tak.nz,Bobby,Henderson,6012
sophia.newton2@tak.nz,Sophia,Newton,6013
jimmy.barrett2@tak.nz,Jimmy,Barrett,6014
leah.todd2@tak.nz,Leah,Todd,6015
chad.ashworth2@tak.nz,Chad,Ashworth,6016
jennifer.blackburn2@tak.nz,Jennifer,Blackburn,6017
richard.garcia2@tak.nz,Richard,Garcia,6018
karen.gonzalez2@tak.nz,Karen,Gonzalez,6019
anthony.martin2@tak.nz,Anthony,Martin,6020
kimberly.clark2@tak.nz,Kimberly,Clark,6021
kenneth.king2@tak.nz,Kenneth,King,6022
deborah.green2@tak.nz,Deborah,Green,6023
jason.mitchell2@tak.nz,Jason,Mitchell,6024
amy.diaz2@tak.nz,Amy,Diaz,6025
jonathan.morris2@tak.nz,Jonathan,Morris,6026
nicole.morgan2@tak.nz,Nicole,Morgan,6027
samuel.ramos2@tak.nz,Samuel,Ramos,6028
catherine.chavez2@tak.nz,Catherine,Chavez,6029
dennis.hughes2@tak.nz,Dennis,Hughes,6030
virginia.long2@tak.nz,Virginia,Long,6031
henry.russell2@tak.nz,Henry,Russell,6032
lauren.gonzales2@tak.nz,Lauren,Gonzales,6033
noah.alexander2@tak.nz,Noah,Alexander,6034
hannah.west2@tak.nz,Hannah,West,6035
sean.stevens2@tak.nz,Sean,Stevens,6036
marie.ruiz2@tak.nz,Marie,Ruiz,6037
jordan.stevenson2@tak.nz,Jordan,Stevenson,6038
denise.olsen2@tak.nz,Denise,Olsen,6039
logan.duncan2@tak.nz,Logan,Duncan,6040
abigail.fletcher2@tak.nz,Abigail,Fletcher,6041
randy.pearce2@tak.nz,Randy,Pearce,6042
alice.osborne2@tak.nz,Alice,Osborne,6043
bradley.kirk2@tak.nz,Bradley,Kirk,6044
renee.winslow2@tak.nz,Renee,Winslow,6045
todd.johnson2@tak.nz,Todd,Johnson,6046
tara.rodriguez2@tak.nz,Tara,Rodriguez,6047
john.thomas2@tak.nz,John,Thomas,6048
elizabeth.thompson2@tak.nz,Elizabeth,Thompson,6049
thomas.robinson2@tak.nz,Thomas,Robinson,6050
lisa.torres2@tak.nz,Lisa,Torres,6051
donald.baker2@tak.nz,Donald,Baker,6052
donna.gomez2@tak.nz,Donna,Gomez,6053
brian.edwards2@tak.nz,Brian,Edwards,6054
rebecca.cook2@tak.nz,Rebecca,Cook,6055
ryan.bailey2@tak.nz,Ryan,Bailey,6056
angela.ward2@tak.nz,Angela,Ward,6057
larry.bennett2@tak.nz,Larry,Bennett,6058
samantha.castillo2@tak.nz,Samantha,Castillo,6059
alexander.jimenez2@tak.nz,Alexander,Jimenez,6060
janet.coleman2@tak.nz,Janet,Coleman,6061
tyler.simmons2@tak.nz,Tyler,Simmons,6062
joyce.reynolds2@tak.nz,Joyce,Reynolds,6063
douglas.chapman2@tak.nz,Douglas,Chapman,6064
evelyn.marshall2@tak.nz,Evelyn,Marshall,6065
christian.warren2@tak.nz,Christian,Warren,6066
martha.larsen2@tak.nz,Martha,Larsen,6067
carl.cameron2@tak.nz,Carl,Cameron,6068
grace.grant2@tak.nz,Grace,Grant,6069
bryan.chambers2@tak.nz,Bryan,Chambers,6070
amber.nolan2@tak.nz,Amber,Nolan,6071
juan.lawson2@tak.nz,Juan,Lawson,6072
jane.blackwood2@tak.nz,Jane,Blackwood,6073
mason.sutherland2@tak.nz,Mason,Sutherland,6074
gina.jones2@tak.nz,Gina,Jones,6075
eugene.lopez2@tak.nz,Eugene,Lopez,6076
charlotte.jackson2@tak.nz,Charlotte,Jackson,6077
alexis.sanchez2@tak.nz,Alexis,Sanchez,6078
priscilla.allen2@tak.nz,Priscilla,Allen,6079
michael.flores2@tak.nz,Michael,Flores,6080
susan.campbell2@tak.nz,Susan,Campbell,6081
christopher.turner2@tak.nz,Christopher,Turner,6082
betty.stewart2@tak.nz,Betty,Stewart,6083
paul.ortiz2@tak.nz,Paul,Ortiz,6084
carol.howard2@tak.nz,Carol,Howard,6085
timothy.brooks2@tak.nz,Timothy,Brooks,6086
laura.ruiz2@tak.nz,Laura,Ruiz,6087
gary.myers2@tak.nz,Gary,Myers,6088
anna.perry2@tak.nz,Anna,Perry,6089
scott.barnes2@tak.nz,Scott,Barnes,6090
christine.patterson2@tak.nz,Christine,Patterson,6091
patrick.moreno2@tak.nz,Patrick,Moreno,6092
maria.ellis2@tak.nz,Maria,Ellis,6093
jose.harrison2@tak.nz,Jose,Harrison,6094
olivia.simpson2@tak.nz,Olivia,Simpson,6095
kyle.pedersen2@tak.nz,Kyle,Pedersen,6096
megan.ferguson2@tak.nz,Megan,Ferguson,6097
roger.marsh2@tak.nz,Roger,Marsh,6098
teresa.boyd2@tak.nz,Teresa,Boyd,6099
dylan.palmer2@tak.nz,Dylan,Palmer,6100
theresa.burton2@tak.nz,Theresa,Burton,6101
bruce.radley2@tak.nz,Bruce,Radley,6102
rose.smith2@tak.nz,Rose,Smith,6103
willie.davis2@tak.nz,Willie,Davis,6104
alexis.anderson2@tak.nz,Alexis,Anderson,6105
ralph.perez2@tak.nz,Ralph,Perez,6106
isabella.lewis2@tak.nz,Isabella,Lewis,6107
louis.scott2@tak.nz,Louis,Scott,6108
jasmine.nelson2@tak.nz,Jasmine,Nelson,6109
marcus.roberts2@tak.nz,Marcus,Roberts,6110
patricia.cruz2@tak.nz,Patricia,Cruz,6111
david.murphy2@tak.nz,David,Murphy,6112
sarah.peterson2@tak.nz,Sarah,Peterson,6113
matthew.cox2@tak.nz,Matthew,Cox,6114
ashley.james2@tak.nz,Ashley,James,6115
joshua.alvarez2@tak.nz,Joshua,Alvarez,6116
melissa.foster2@tak.nz,Melissa,Foster,6117
edward.bell2@tak.nz,Edward,Bell,6118
kathleen.vasquez2@tak.nz,Kathleen,Vasquez,6119
eric.graham2@tak.nz,Eric,Graham,6120
pamela.hayes2@tak.nz,Pamela,Hayes,6121
benjamin.ford2@tak.nz,Benjamin,Ford,6122
rachel.wells2@tak.nz,Rachel,Wells,6123
jack.berg2@tak.nz,Jack,Berg,6124
diane.fraser2@tak.nz,Diane,Fraser,6125
nathan.douglas2@tak.nz,Nathan,Douglas,6126
christina.harvey2@tak.nz,Christina,Harvey,6127
walter.hunt2@tak.nz,Walter,Hunt,6128
cheryl.franklin2@tak.nz,Cheryl,Franklin,6129
austin.whitfield2@tak.nz,Austin,Whitfield,6130
janice.redmond2@tak.nz,Janice,Redmond,6131
lawrence.brown2@tak.nz,Lawrence,Brown,6132
beverly.hernandez2@tak.nz,Beverly,Hernandez,6133
joe.moore2@tak.nz,Joe,Moore,6134
diana.harris2@tak.nz,Diana,Harris,6135
wayne.young2@tak.nz,Wayne,Young,6136
kayla.hill2@tak.nz,Kayla,Hill,6137
russell.rivera2@tak.nz,Russell,Rivera,6138
ava.evans2@tak.nz,Ava,Evans,6139
lee.reyes2@tak.nz,Lee,Reyes,6140
kylie.gutierrez2@tak.nz,Kylie,Gutierrez,6141
james.kelly2@tak.nz,James,Kelly,6142
linda.watson2@tak.nz,Linda,Watson,6143
joseph.mendoza2@tak.nz,Joseph,Mendoza,6144
nancy.patel2@tak.nz,Nancy,Patel,6145
mark.jenkins2@tak.nz,Mark,Jenkins,6146
emily.henderson2@tak.nz,Emily,Henderson,6147
kevin.jordan2@tak.nz,Kevin,Jordan,6148
stephanie.wallace2@tak.nz,Stephanie,Wallace,6149
jeffrey.bryant2@tak.nz,Jeffrey,Bryant,6150
shirley.mcdonald2@tak.nz,Shirley,McDonald,6151
stephen.webb2@tak.nz,Stephen,Webb,6152
emma.andersen2@tak.nz,Emma,Andersen,6153
gregory.macdonald2@tak.nz,Gregory,MacDonald,6154
carolyn.bishop2@tak.nz,Carolyn,Bishop,6155
jerry.holt2@tak.nz,Jerry,Holt,6156
julie.curtis2@tak.nz,Julie,Curtis,6157
zachary.manning2@tak.nz,Zachary,Manning,6158
joan.kingsley2@tak.nz,Joan,Kingsley,6159
jeremy.ashford2@tak.nz,Jeremy,Ashford,6160
jacqueline.miller2@tak.nz,Jacqueline,Miller,6161
gerald.wilson2@tak.nz,Gerald,Wilson,6162
julia.lee2@tak.nz,Julia,Lee,6163
jesse.ramirez2@tak.nz,Jesse,Ramirez,6164
marilyn.wright2@tak.nz,Marilyn,Wright,6165
alan.adams2@tak.nz,Alan,Adams,6166
natalie.carter2@tak.nz,Natalie,Carter,6167
vincent.parker2@tak.nz,Vincent,Parker,6168
doris.morales2@tak.nz,Doris,Morales,6169
philip.cooper2@tak.nz,Philip,Cooper,6170
chloe.kim2@tak.nz,Chloe,Kim,6171
craig.wood2@tak.nz,Craig,Wood,6172
ellie.price2@tak.nz,Ellie,Price,6173
robert.ross2@tak.nz,Robert,Ross,6174
barbara.sullivan2@tak.nz,Barbara,Sullivan,6175
charles.fisher2@tak.nz,Charles,Fisher,6176
margaret.hamilton2@tak.nz,Margaret,Hamilton,6177
steven.cole2@tak.nz,Steven,Cole,6178
michelle.murray2@tak.nz,Michelle,Murray,6179
george.kennedy2@tak.nz,George,Kennedy,6180
sharon.christensen2@tak.nz,Sharon,Christensen,6181
jacob.erikson2@tak.nz,Jacob,Erikson,6182
helen.sinclair2@tak.nz,Helen,Sinclair,6183
justin.barker2@tak.nz,Justin,Barker,6184
katherine.dixon2@tak.nz,Katherine,Dixon,6185
frank.gardner2@tak.nz,Frank,Gardner,6186
ruth.chapman2@tak.nz,Ruth,Chapman,6187
aaron.delaney2@tak.nz,Aaron,Delaney,6188
victoria.williams2@tak.nz,Victoria,Williams,6189
peter.martinez2@tak.nz,Peter,Martinez,6190
judith.taylor2@tak.nz,Judith,Taylor,6191
keith.white2@tak.nz,Keith,White,6192
gloria.walker2@tak.nz,Gloria,Walker,6193
harold.nguyen2@tak.nz,Harold,Nguyen,6194
judy.hall2@tak.nz,Judy,Hall,6195
billy.phillips2@tak.nz,Billy,Phillips,6196
danielle.collins2@tak.nz,Danielle,Collins,6197
albert.rogers2@tak.nz,Albert,Rogers,6198
lori.reed2@tak.nz,Lori,Reed,6199
roy.richardson2@tak.nz,Roy,Richardson,6200
erin.gray2@tak.nz,Erin,Gray,6201
curtis.sanders2@tak.nz,Curtis,Sanders,6202
bethany.powell2@tak.nz,Bethany,Powell,6203
fred.butler2@tak.nz,Fred,Butler,6204
mary.romero2@tak.nz,Mary,Romero,6205
william.griffin2@tak.nz,William,Griffin,6206
jessica.gibson2@tak.nz,Jessica,Gibson,6207
daniel.owens2@tak.nz,Daniel,Owens,6208
sandra.fernandez2@tak.nz,Sandra,Fernandez,6209
andrew.hansen2@tak.nz,Andrew,Hansen,6210
amanda.stewart2@tak.nz,Amanda,Stewart,6211
ronald.henderson2@tak.nz,Ronald,Henderson,6212
cynthia.newton2@tak.nz,Cynthia,Newton,6213
nicholas.barrett2@tak.nz,Nicholas,Barrett,6214
brenda.todd2@tak.nz,Brenda,Todd,6215
brandon.ashworth2@tak.nz,Brandon,Ashworth,6216
debra.blackburn2@tak.nz,Debra,Blackburn,6217
raymond.garcia2@tak.nz,Raymond,Garcia,6218
heather.gonzalez2@tak.nz,Heather,Gonzalez,6219
adam.martin2@tak.nz,Adam,Martin,6220
kelly.clark2@tak.nz,Kelly,Clark,6221
ethan.king2@tak.nz,Ethan,King,6222
andrea.green2@tak.nz,Andrea,Green,6223
terry.mitchell2@tak.nz,Terry,Mitchell,6224
sara.diaz2@tak.nz,Sara,Diaz,6225
arthur.morris2@tak.nz,Arthur,Morris,6226
madison.morgan2@tak.nz,Madison,Morgan,6227
gabriel.ramos2@tak.nz,Gabriel,Ramos,6228
brittany.chavez2@tak.nz,Brittany,Chavez,6229
elijah.hughes2@tak.nz,Elijah,Hughes,6230
tiffany.long2@tak.nz,Tiffany,Long,6231
bobby.russell2@tak.nz,Bobby,Russell,6232
sophia.gonzales2@tak.nz,Sophia,Gonzales,6233
jimmy.alexander2@tak.nz,Jimmy,Alexander,6234
leah.west2@tak.nz,Leah,West,6235
chad.stevens2@tak.nz,Chad,Stevens,6236
jennifer.ruiz2@tak.nz,Jennifer,Ruiz,6237
richard.stevenson2@tak.nz,Richard,Stevenson,6238
karen.olsen2@tak.nz,Karen,Olsen,6239
anthony.duncan2@tak.nz,Anthony,Duncan,6240
kimberly.fletcher2@tak.nz,Kimberly,Fletcher,6241
kenneth.pearce2@tak.nz,Kenneth,Pearce,6242
deborah.osborne2@tak.nz,Deborah,Osborne,6243
jason.kirk2@tak.nz,Jason,Kirk,6244
amy.winslow2@tak.nz,Amy,Winslow,6245
jonathan.johnson2@tak.nz,Jonathan,Johnson,6246
nicole.rodriguez2@tak.nz,Nicole,Rodriguez,6247
samuel.thomas2@tak.nz,Samuel,Thomas,6248
catherine.thompson2@tak.nz,Catherine,Thompson,6249
dennis.robinson2@tak.nz,Dennis,Robinson,6250
virginia.torres2@tak.nz,Virginia,Torres,6251
henry.baker2@tak.nz,Henry,Baker,6252
lauren.gomez2@tak.nz,Lauren,Gomez,6253
noah.edwards2@tak.nz,Noah,Edwards,6254
hannah.cook2@tak.nz,Hannah,Cook,6255
sean.bailey2@tak.nz,Sean,Bailey,6256
marie.ward2@tak.nz,Marie,Ward,6257
jordan.bennett2@tak.nz,Jordan,Bennett,6258
denise.castillo2@tak.nz,Denise,Castillo,6259
logan.jimenez2@tak.nz,Logan,Jimenez,6260
abigail.coleman2@tak.nz,Abigail,Coleman,6261
randy.simmons2@tak.nz,Randy,Simmons,6262
alice.reynolds2@tak.nz,Alice,Reynolds,6263
bradley.chapman2@tak.nz,Bradley,Chapman,6264
renee.marshall2@tak.nz,Renee,Marshall,6265
todd.warren2@tak.nz,Todd,Warren,6266
tara.larsen2@tak.nz,Tara,Larsen,6267
john.cameron2@tak.nz,John,Cameron,6268
elizabeth.grant2@tak.nz,Elizabeth,Grant,6269
thomas.chambers2@tak.nz,Thomas,Chambers,6270
lisa.nolan2@tak.nz,Lisa,Nolan,6271
donald.lawson2@tak.nz,Donald,Lawson,6272
donna.blackwood2@tak.nz,Donna,Blackwood,6273
brian.sutherland2@tak.nz,Brian,Sutherland,6274
rebecca.jones2@tak.nz,Rebecca,Jones,6275
ryan.lopez2@tak.nz,Ryan,Lopez,6276
angela.jackson2@tak.nz,Angela,Jackson,6277
larry.sanchez2@tak.nz,Larry,Sanchez,6278
samantha.allen2@tak.nz,Samantha,Allen,6279
alexander.flores2@tak.nz,Alexander,Flores,6280
janet.campbell2@tak.nz,Janet,Campbell,6281
tyler.turner2@tak.nz,Tyler,Turner,6282
joyce.stewart2@tak.nz,Joyce,Stewart,6283
douglas.ortiz2@tak.nz,Douglas,Ortiz,6284
evelyn.howard2@tak.nz,Evelyn,Howard,6285
christian.brooks2@tak.nz,Christian,Brooks,6286
martha.ruiz2@tak.nz,Martha,Ruiz,6287
carl.myers2@tak.nz,Carl,Myers,6288
grace.perry2@tak.nz,Grace,Perry,6289
bryan.barnes2@tak.nz,Bryan,Barnes,6290
amber.patterson2@tak.nz,Amber,Patterson,6291
juan.moreno2@tak.nz,Juan,Moreno,6292
jane.ellis2@tak.nz,Jane,Ellis,6293
mason.harrison2@tak.nz,Mason,Harrison,6294
gina.simpson2@tak.nz,Gina,Simpson,6295
eugene.pedersen2@tak.nz,Eugene,Pedersen,6296
charlotte.ferguson2@tak.nz,Charlotte,Ferguson,6297
alexis.marsh2@tak.nz,Alexis,Marsh,6298
priscilla.boyd2@tak.nz,Priscilla,Boyd,6299
michael.palmer2@tak.nz,Michael,Palmer,6300
susan.burton2@tak.nz,Susan,Burton,6301
christopher.radley2@tak.nz,Christopher,Radley,6302
betty.smith2@tak.nz,Betty,Smith,6303
paul.davis2@tak.nz,Paul,Davis,6304
carol.anderson2@tak.nz,Carol,Anderson,6305
timothy.perez2@tak.nz,Timothy,Perez,6306
laura.lewis2@tak.nz,Laura,Lewis,6307
gary.scott2@tak.nz,Gary,Scott,6308
anna.nelson2@tak.nz,Anna,Nelson,6309
scott.roberts2@tak.nz,Scott,Roberts,6310
christine.cruz2@tak.nz,Christine,Cruz,6311
patrick.murphy2@tak.nz,Patrick,Murphy,6312
maria.peterson2@tak.nz,Maria,Peterson,6313
jose.cox2@tak.nz,Jose,Cox,6314
olivia.james2@tak.nz,Olivia,James,6315
kyle.alvarez2@tak.nz,Kyle,Alvarez,6316
megan.foster2@tak.nz,Megan,Foster,6317
roger.bell2@tak.nz,Roger,Bell,6318
teresa.vasquez2@tak.nz,Teresa,Vasquez,6319
dylan.graham2@tak.nz,Dylan,Graham,6320
theresa.hayes2@tak.nz,Theresa,Hayes,6321
bruce.ford2@tak.nz,Bruce,Ford,6322
rose.wells2@tak.nz,Rose,Wells,6323
willie.berg2@tak.nz,Willie,Berg,6324
alexis.fraser2@tak.nz,Alexis,Fraser,6325
ralph.douglas2@tak.nz,Ralph,Douglas,6326
isabella.harvey2@tak.nz,Isabella,Harvey,6327
louis.hunt2@tak.nz,Louis,Hunt,6328
jasmine.franklin2@tak.nz,Jasmine,Franklin,6329
marcus.whitfield2@tak.nz,Marcus,Whitfield,6330
patricia.redmond2@tak.nz,Patricia,Redmond,6331
david.brown2@tak.nz,David,Brown,6332
sarah.hernandez2@tak.nz,Sarah,Hernandez,6333
matthew.moore2@tak.nz,Matthew,Moore,6334
ashley.harris2@tak.nz,Ashley,Harris,6335
joshua.young2@tak.nz,Joshua,Young,6336
melissa.hill2@tak.nz,Melissa,Hill,6337
edward.rivera2@tak.nz,Edward,Rivera,6338
kathleen.evans2@tak.nz,Kathleen,Evans,6339
eric.reyes2@tak.nz,Eric,Reyes,6340
pamela.gutierrez2@tak.nz,Pamela,Gutierrez,6341
benjamin.kelly2@tak.nz,Benjamin,Kelly,6342
rachel.watson2@tak.nz,Rachel,Watson,6343
jack.mendoza2@tak.nz,Jack,Mendoza,6344
diane.patel2@tak.nz,Diane,Patel,6345
nathan.jenkins2@tak.nz,Nathan,Jenkins,6346
christina.henderson2@tak.nz,Christina,Henderson,6347
walter.jordan2@tak.nz,Walter,Jordan,6348
cheryl.wallace2@tak.nz,Cheryl,Wallace,6349
austin.bryant2@tak.nz,Austin,Bryant,6350
janice.mcdonald2@tak.nz,Janice,McDonald,6351
lawrence.webb2@tak.nz,Lawrence,Webb,6352
beverly.andersen2@tak.nz,Beverly,Andersen,6353
joe.macdonald2@tak.nz,Joe,MacDonald,6354
diana.bishop2@tak.nz,Diana,Bishop,6355
wayne.holt2@tak.nz,Wayne,Holt,6356
kayla.curtis2@tak.nz,Kayla,Curtis,6357
russell.manning2@tak.nz,Russell,Manning,6358
ava.kingsley2@tak.nz,Ava,Kingsley,6359
lee.ashford2@tak.nz,Lee,Ashford,6360
kylie.miller2@tak.nz,Kylie,Miller,6361
james.wilson2@tak.nz,James,Wilson,6362
linda.lee2@tak.nz,Linda,Lee,6363
joseph.ramirez2@tak.nz,Joseph,Ramirez,6364
nancy.wright2@tak.nz,Nancy,Wright,6365
mark.adams2@tak.nz,Mark,Adams,6366
emily.carter2@tak.nz,Emily,Carter,6367
kevin.parker2@tak.nz,Kevin,Parker,6368
stephanie.morales2@tak.nz,Stephanie,Morales,6369
jeffrey.cooper2@tak.nz,Jeffrey,Cooper,6370
shirley.kim2@tak.nz,Shirley,Kim,6371
stephen.wood2@tak.nz,Stephen,Wood,6372
emma.price2@tak.nz,Emma,Price,6373
gregory.ross2@tak.nz,Gregory,Ross,6374
carolyn.sullivan2@tak.nz,Carolyn,Sullivan,6375
jerry.fisher2@tak.nz,Jerry,Fisher,6376
julie.hamilton2@tak.nz,Julie,Hamilton,6377
zachary.cole2@tak.nz,Zachary,Cole,6378
joan.murray2@tak.nz,Joan,Murray,6379
jeremy.kennedy2@tak.nz,Jeremy,Kennedy,6380
jacqueline.christensen2@tak.nz,Jacqueline,Christensen,6381
gerald.erikson2@tak.nz,Gerald,Erikson,6382
julia.sinclair2@tak.nz,Julia,Sinclair,6383
jesse.barker2@tak.nz,Jesse,Barker,6384
marilyn.dixon2@tak.nz,Marilyn,Dixon,6385
alan.gardner2@tak.nz,Alan,Gardner,6386
natalie.chapman2@tak.nz,Natalie,Chapman,6387
vincent.delaney2@tak.nz,Vincent,Delaney,6388
doris.williams2@tak.nz,Doris,Williams,6389
philip.martinez2@tak.nz,Philip,Martinez,6390
chloe.taylor2@tak.nz,Chloe,Taylor,6391
craig.white2@tak.nz,Craig,White,6392
ellie.walker2@tak.nz,Ellie,Walker,6393
robert.nguyen2@tak.nz,Robert,Nguyen,6394
barbara.hall2@tak.nz,Barbara,Hall,6395
charles.phillips2@tak.nz,Charles,Phillips,6396
margaret.collins2@tak.nz,Margaret,Collins,6397
steven.rogers2@tak.nz,Steven,Rogers,6398
michelle.reed2@tak.nz,Michelle,Reed,6399
george.richardson2@tak.nz,George,Richardson,6400
sharon.gray2@tak.nz,Sharon,Gray,6401
jacob.sanders2@tak.nz,Jacob,Sanders,6402
helen.powell2@tak.nz,Helen,Powell,6403
justin.butler2@tak.nz,Justin,Butler,6404
katherine.romero2@tak.nz,Katherine,Romero,6405
frank.griffin2@tak.nz,Frank,Griffin,6406
ruth.gibson2@tak.nz,Ruth,Gibson,6407
aaron.owens2@tak.nz,Aaron,Owens,6408
victoria.fernandez2@tak.nz,Victoria,Fernandez,6409
peter.hansen2@tak.nz,Peter,Hansen,6410
judith.stewart2@tak.nz,Judith,Stewart,6411
keith.henderson2@tak.nz,Keith,Henderson,6412
gloria.newton2@tak.nz,Gloria,Newton,6413
harold.barrett2@tak.nz,Harold,Barrett,6414
judy.todd2@tak.nz,Judy,Todd,6415
billy.ashworth2@tak.nz,Billy,Ashworth,6416
danielle.blackburn2@tak.nz,Danielle,Blackburn,6417
albert.garcia2@tak.nz,Albert,Garcia,6418
lori.gonzalez2@tak.nz,Lori,Gonzalez,6419
roy.martin2@tak.nz,Roy,Martin,6420
erin.clark2@tak.nz,Erin,Clark,5781
curtis.king2@tak.nz,Curtis,King,5782
bethany.green2@tak.nz,Bethany,Green,5783
fred.mitchell2@tak.nz,Fred,Mitchell,5784
mary.diaz2@tak.nz,Mary,Diaz,5785
william.morris2@tak.nz,William,Morris,5786
jessica.morgan2@tak.nz,Jessica,Morgan,5787
daniel.ramos2@tak.nz,Daniel,Ramos,5788
sandra.chavez2@tak.nz,Sandra,Chavez,5789
andrew.hughes2@tak.nz,Andrew,Hughes,5790
amanda.long2@tak.nz,Amanda,Long,5791
ronald.russell2@tak.nz,Ronald,Russell,5792
cynthia.gonzales2@tak.nz,Cynthia,Gonzales,5793
nicholas.alexander2@tak.nz,Nicholas,Alexander,5794
brenda.west2@tak.nz,Brenda,West,5795
brandon.stevens2@tak.nz,Brandon,Stevens,5796
debra.ruiz2@tak.nz,Debra,Ruiz,5797
raymond.stevenson2@tak.nz,Raymond,Stevenson,5798
heather.olsen2@tak.nz,Heather,Olsen,5799
adam.duncan2@tak.nz,Adam,Duncan,5800
kelly.fletcher2@tak.nz,Kelly,Fletcher,5801
ethan.pearce2@tak.nz,Ethan,Pearce,5802
andrea.osborne2@tak.nz,Andrea,Osborne,5803
terry.kirk2@tak.nz,Terry,Kirk,5804
sara.winslow2@tak.nz,Sara,Winslow,5805
arthur.johnson2@tak.nz,Arthur,Johnson,5806
madison.rodriguez2@tak.nz,Madison,Rodriguez,5807
gabriel.thomas2@tak.nz,Gabriel,Thomas,5808
brittany.thompson2@tak.nz,Brittany,Thompson,5809
elijah.robinson2@tak.nz,Elijah,Robinson,5810
tiffany.torres2@tak.nz,Tiffany,Torres,5811
bobby.baker2@tak.nz,Bobby,Baker,5812
sophia.gomez2@tak.nz,Sophia,Gomez,5813
jimmy.edwards2@tak.nz,Jimmy,Edwards,5814
leah.cook2@tak.nz,Leah,Cook,5815
chad.bailey2@tak.nz,Chad,Bailey,5816
jennifer.ward2@tak.nz,Jennifer,Ward,5817
richard.bennett2@tak.nz,Richard,Bennett,5818
karen.castillo2@tak.nz,Karen,Castillo,5819
anthony.jimenez2@tak.nz,Anthony,Jimenez,5820
kimberly.coleman2@tak.nz,Kimberly,Coleman,5821
kenneth.simmons2@tak.nz,Kenneth,Simmons,5822
deborah.reynolds2@tak.nz,Deborah,Reynolds,5823
jason.chapman2@tak.nz,Jason,Chapman,5824
amy.marshall2@tak.nz,Amy,Marshall,5825
jonathan.warren2@tak.nz,Jonathan,Warren,5826
nicole.larsen2@tak.nz,Nicole,Larsen,5827
samuel.cameron2@tak.nz,Samuel,Cameron,5828
catherine.grant2@tak.nz,Catherine,Grant,5829
dennis.chambers2@tak.nz,Dennis,Chambers,5830
virginia.nolan2@tak.nz,Virginia,Nolan,5831
henry.lawson2@tak.nz,Henry,Lawson,5832
lauren.blackwood2@tak.nz,Lauren,Blackwood,5833
noah.sutherland2@tak.nz,Noah,Sutherland,5834
hannah.jones2@tak.nz,Hannah,Jones,5835
sean.lopez2@tak.nz,Sean,Lopez,5836
marie.jackson2@tak.nz,Marie,Jackson,5837
jordan.sanchez2@tak.nz,Jordan,Sanchez,5838
denise.allen2@tak.nz,Denise,Allen,5839
logan.flores2@tak.nz,Logan,Flores,5840
abigail.campbell2@tak.nz,Abigail,Campbell,5841
randy.turner2@tak.nz,Randy,Turner,5842
alice.stewart2@tak.nz,Alice,Stewart,5843
bradley.ortiz2@tak.nz,Bradley,Ortiz,5844
renee.howard2@tak.nz,Renee,Howard,5845
todd.brooks2@tak.nz,Todd,Brooks,5846
tara.ruiz2@tak.nz,Tara,Ruiz,5847
john.myers2@tak.nz,John,Myers,5848
elizabeth.perry2@tak.nz,Elizabeth,Perry,5849
thomas.barnes2@tak.nz,Thomas,Barnes,5850
lisa.patterson2@tak.nz,Lisa,Patterson,5851
donald.moreno2@tak.nz,Donald,Moreno,5852
donna.ellis2@tak.nz,Donna,Ellis,5853
brian.harrison2@tak.nz,Brian,Harrison,5854
rebecca.simpson2@tak.nz,Rebecca,Simpson,5855
ryan.pedersen2@tak.nz,Ryan,Pedersen,5856
angela.ferguson2@tak.nz,Angela,Ferguson,5857
larry.marsh2@tak.nz,Larry,Marsh,5858
samantha.boyd2@tak.nz,Samantha,Boyd,5859
alexander.palmer2@tak.nz,Alexander,Palmer,5860
janet.burton2@tak.nz,Janet,Burton,5861
tyler.radley2@tak.nz,Tyler,Radley,5862
joyce.smith2@tak.nz,Joyce,Smith,5863
douglas.davis2@tak.nz,Douglas,Davis,5864
evelyn.anderson2@tak.nz,Evelyn,Anderson,5865
christian.perez2@tak.nz,Christian,Perez,5866
martha.lewis2@tak.nz,Martha,Lewis,5867
carl.scott2@tak.nz,Carl,Scott,5868
grace.nelson2@tak.nz,Grace,Nelson,5869
bryan.roberts2@tak.nz,Bryan,Roberts,5870
amber.cruz2@tak.nz,Amber,Cruz,5871
juan.murphy2@tak.nz,Juan,Murphy,5872
jane.peterson2@tak.nz,Jane,Peterson,5873
mason.cox2@tak.nz,Mason,Cox,5874
gina.james2@tak.nz,Gina,James,5875
eugene.alvarez2@tak.nz,Eugene,Alvarez,5876
charlotte.foster2@tak.nz,Charlotte,Foster,5877
alexis.bell2@tak.nz,Alexis,Bell,5878
priscilla.vasquez2@tak.nz,Priscilla,Vasquez,5879
michael.graham2@tak.nz,Michael,Graham,5880
susan.hayes2@tak.nz,Susan,Hayes,5881
christopher.ford2@tak.nz,Christopher,Ford,5882
betty.wells2@tak.nz,Betty,Wells,5883
paul.berg2@tak.nz,Paul,Berg,5884
carol.fraser2@tak.nz,Carol,Fraser,5885
timothy.douglas2@tak.nz,Timothy,Douglas,5886
laura.harvey2@tak.nz,Laura,Harvey,5887
gary.hunt2@tak.nz,Gary,Hunt,5888
anna.franklin2@tak.nz,Anna,Franklin,5889
scott.whitfield2@tak.nz,Scott,Whitfield,5890
christine.redmond2@tak.nz,Christine,Redmond,5891
patrick.brown2@tak.nz,Patrick,Brown,5892
maria.hernandez2@tak.nz,Maria,Hernandez,5893
jose.moore2@tak.nz,Jose,Moore,5894
olivia.harris2@tak.nz,Olivia,Harris,5895
kyle.young2@tak.nz,Kyle,Young,5896
megan.hill2@tak.nz,Megan,Hill,5897
roger.rivera2@tak.nz,Roger,Rivera,5898
teresa.evans2@tak.nz,Teresa,Evans,5899
dylan.reyes2@tak.nz,Dylan,Reyes,5900
theresa.gutierrez2@tak.nz,Theresa,Gutierrez,5901
bruce.kelly2@tak.nz,Bruce,Kelly,5902
rose.watson2@tak.nz,Rose,Watson,5903
willie.mendoza2@tak.nz,Willie,Mendoza,5904
alexis.patel2@tak.nz,Alexis,Patel,5905
ralph.jenkins2@tak.nz,Ralph,Jenkins,5906
isabella.henderson2@tak.nz,Isabella,Henderson,5907
louis.jordan2@tak.nz,Louis,Jordan,5908
jasmine.wallace2@tak.nz,Jasmine,Wallace,5909
marcus.bryant2@tak.nz,Marcus,Bryant,5910
patricia.mcdonald2@tak.nz,Patricia,McDonald,5911
david.webb2@tak.nz,David,Webb,5912
sarah.andersen2@tak.nz,Sarah,Andersen,5913
matthew.macdonald2@tak.nz,Matthew,MacDonald,5914
ashley.bishop2@tak.nz,Ashley,Bishop,5915
joshua.holt2@tak.nz,Joshua,Holt,5916
melissa.curtis2@tak.nz,Melissa,Curtis,5917
edward.manning2@tak.nz,Edward,Manning,5918
kathleen.kingsley2@tak.nz,Kathleen,Kingsley,5919
eric.ashford2@tak.nz,Eric,Ashford,5920
pamela.miller2@tak.nz,Pamela,Miller,5921
benjamin.wilson2@tak.nz,Benjamin,Wilson,5922
rachel.lee2@tak.nz,Rachel,Lee,5923
jack.ramirez2@tak.nz,Jack,Ramirez,5924
diane.wright2@tak.nz,Diane,Wright,5925
nathan.adams2@tak.nz,Nathan,Adams,5926
christina.carter2@tak.nz,Christina,Carter,5927
walter.parker2@tak.nz,Walter,Parker,5928
cheryl.morales2@tak.nz,Cheryl,Morales,5929
austin.cooper2@tak.nz,Austin,Cooper,5930
janice.kim2@tak.nz,Janice,Kim,5931
lawrence.wood2@tak.nz,Lawrence,Wood,5932
beverly.price2@tak.nz,Beverly,Price,5933
joe.ross2@tak.nz,Joe,Ross,5934
diana.sullivan2@tak.nz,Diana,Sullivan,5935
wayne.fisher2@tak.nz,Wayne,Fisher,5936
kayla.hamilton2@tak.nz,Kayla,Hamilton,5937
russell.cole2@tak.nz,Russell,Cole,5938
ava.murray2@tak.nz,Ava,Murray,5939
lee.kennedy2@tak.nz,Lee,Kennedy,5940
kylie.christensen2@tak.nz,Kylie,Christensen,5941
james.erikson2@tak.nz,James,Erikson,5942
linda.sinclair2@tak.nz,Linda,Sinclair,5943
joseph.barker2@tak.nz,Joseph,Barker,5944
nancy.dixon2@tak.nz,Nancy,Dixon,5945
mark.gardner2@tak.nz,Mark,Gardner,5946
emily.chapman2@tak.nz,Emily,Chapman,5947
kevin.delaney2@tak.nz,Kevin,Delaney,5948
stephanie.williams2@tak.nz,Stephanie,Williams,5949
jeffrey.martinez2@tak.nz,Jeffrey,Martinez,5950
shirley.taylor2@tak.nz,Shirley,Taylor,5951
stephen.white2@tak.nz,Stephen,White,5952
emma.walker2@tak.nz,Emma,Walker,5953
gregory.nguyen2@tak.nz,Gregory,Nguyen,5954
carolyn.hall2@tak.nz,Carolyn,Hall,5955
jerry.phillips2@tak.nz,Jerry,Phillips,5956
julie.collins2@tak.nz,Julie,Collins,5957
zachary.rogers2@tak.nz,Zachary,Rogers,5958
joan.reed2@tak.nz,Joan,Reed,5959
jeremy.richardson2@tak.nz,Jeremy,Richardson,5960
jacqueline.gray2@tak.nz,Jacqueline,Gray,5961
gerald.sanders2@tak.nz,Gerald,Sanders,5962
julia.powell2@tak.nz,Julia,Powell,5963
jesse.butler2@tak.nz,Jesse,Butler,5964
marilyn.romero2@tak.nz,Marilyn,Romero,5965
alan.griffin2@tak.nz,Alan,Griffin,5966
natalie.gibson2@tak.nz,Natalie,Gibson,5967
vincent.owens2@tak.nz,Vincent,Owens,5968
doris.fernandez2@tak.nz,Doris,Fernandez,5969
philip.hansen2@tak.nz,Philip,Hansen,5970
chloe.stewart2@tak.nz,Chloe,Stewart,5971
craig.henderson2@tak.nz,Craig,Henderson,5972
ellie.newton2@tak.nz,Ellie,Newton,5973
robert.barrett2@tak.nz,Robert,Barrett,5974
barbara.todd2@tak.nz,Barbara,Todd,5975
charles.ashworth2@tak.nz,Charles,Ashworth,5976
margaret.blackburn2@tak.nz,Margaret,Blackburn,5977
steven.garcia2@tak.nz,Steven,Garcia,5978
michelle.gonzalez2@tak.nz,Michelle,Gonzalez,5979
george.martin2@tak.nz,George,Martin,5980
sharon.clark2@tak.nz,Sharon,Clark,5981
jacob.king2@tak.nz,Jacob,King,5982
helen.green2@tak.nz,Helen,Green,5983
justin.mitchell2@tak.nz,Justin,Mitchell,5984
katherine.diaz2@tak.nz,Katherine,Diaz,5985
frank.morris2@tak.nz,Frank,Morris,5986
ruth.morgan2@tak.nz,Ruth,Morgan,5987
aaron.ramos2@tak.nz,Aaron,Ramos,5988
victoria.chavez2@tak.nz,Victoria,Chavez,5989
peter.hughes2@tak.nz,Peter,Hughes,5990
judith.long2@tak.nz,Judith,Long,5991
keith.russell2@tak.nz,Keith,Russell,5992
gloria.gonzales2@tak.nz,Gloria,Gonzales,5993
harold.alexander2@tak.nz,Harold,Alexander,5994
judy.west2@tak.nz,Judy,West,5995
billy.stevens2@tak.nz,Billy,Stevens,5996
danielle.ruiz2@tak.nz,Danielle,Ruiz,5997
albert.stevenson2@tak.nz,Albert,Stevenson,5998
lori.olsen2@tak.nz,Lori,Olsen,5999
roy.duncan2@tak.nz,Roy,Duncan,6000
erin.fletcher2@tak.nz,Erin,Fletcher,6001
curtis.pearce2@tak.nz,Curtis,Pearce,6002
bethany.osborne2@tak.nz,Bethany,Osborne,6003
fred.kirk2@tak.nz,Fred,Kirk,6004
mary.winslow2@tak.nz,Mary,Winslow,6005
william.johnson2@tak.nz,William,Johnson,6006
jessica.rodriguez2@tak.nz,Jessica,Rodriguez,6007
daniel.thomas2@tak.nz,Daniel,Thomas,6008
sandra.thompson2@tak.nz,Sandra,Thompson,6009
andrew.robinson2@tak.nz,Andrew,Robinson,6010
amanda.torres2@tak.nz,Amanda,Torres,6011
ronald.baker2@tak.nz,Ronald,Baker,6012
cynthia.gomez2@tak.nz,Cynthia,Gomez,6013
nicholas.edwards2@tak.nz,Nicholas,Edwards,6014
brenda.cook2@tak.nz,Brenda,Cook,6015
brandon.bailey2@tak.nz,Brandon,Bailey,6016
debra.ward2@tak.nz,Debra,Ward,6017
raymond.bennett2@tak.nz,Raymond,Bennett,6018
heather.castillo2@tak.nz,Heather,Castillo,6019
adam.jimenez2@tak.nz,Adam,Jimenez,6020
kelly.coleman2@tak.nz,Kelly,Coleman,6021
ethan.simmons2@tak.nz,Ethan,Simmons,6022
andrea.reynolds2@tak.nz,Andrea,Reynolds,6023
terry.chapman2@tak.nz,Terry,Chapman,6024
sara.marshall2@tak.nz,Sara,Marshall,6025
arthur.warren2@tak.nz,Arthur,Warren,6026
madison.larsen2@tak.nz,Madison,Larsen,6027
gabriel.cameron2@tak.nz,Gabriel,Cameron,6028
brittany.grant2@tak.nz,Brittany,Grant,6029
elijah.chambers2@tak.nz,Elijah,Chambers,6030
tiffany.nolan2@tak.nz,Tiffany,Nolan,6031
bobby.lawson2@tak.nz,Bobby,Lawson,6032
sophia.blackwood2@tak.nz,Sophia,Blackwood,6033
jimmy.sutherland2@tak.nz,Jimmy,Sutherland,6034
leah.jones2@tak.nz,Leah,Jones,6035
chad.lopez2@tak.nz,Chad,Lopez,6036
jennifer.jackson2@tak.nz,Jennifer,Jackson,6037
richard.sanchez2@tak.nz,Richard,Sanchez,6038
karen.allen2@tak.nz,Karen,Allen,6039
anthony.flores2@tak.nz,Anthony,Flores,6040
kimberly.campbell2@tak.nz,Kimberly,Campbell,6041
kenneth.turner2@tak.nz,Kenneth,Turner,6042
deborah.stewart2@tak.nz,Deborah,Stewart,6043
jason.ortiz2@tak.nz,Jason,Ortiz,6044
amy.howard2@tak.nz,Amy,Howard,6045
jonathan.brooks2@tak.nz,Jonathan,Brooks,6046
nicole.ruiz2@tak.nz,Nicole,Ruiz,6047
samuel.myers2@tak.nz,Samuel,Myers,6048
catherine.perry2@tak.nz,Catherine,Perry,6049
dennis.barnes2@tak.nz,Dennis,Barnes,6050
virginia.patterson2@tak.nz,Virginia,Patterson,6051
henry.moreno2@tak.nz,Henry,Moreno,6052
lauren.ellis2@tak.nz,Lauren,Ellis,6053
noah.harrison2@tak.nz,Noah,Harrison,6054
hannah.simpson2@tak.nz,Hannah,Simpson,6055
sean.pedersen2@tak.nz,Sean,Pedersen,6056
marie.ferguson2@tak.nz,Marie,Ferguson,6057
jordan.marsh2@tak.nz,Jordan,Marsh,6058
denise.boyd2@tak.nz,Denise,Boyd,6059
logan.palmer2@tak.nz,Logan,Palmer,6060
abigail.burton2@tak.nz,Abigail,Burton,6061
randy.radley2@tak.nz,Randy,Radley,6062
alice.smith2@tak.nz,Alice,Smith,6063
bradley.davis2@tak.nz,Bradley,Davis,6064
renee.anderson2@tak.nz,Renee,Anderson,6065
todd.perez2@tak.nz,Todd,Perez,6066
tara.lewis2@tak.nz,Tara,Lewis,6067
john.scott2@tak.nz,John,Scott,6068
elizabeth.nelson2@tak.nz,Elizabeth,Nelson,6069
thomas.roberts2@tak.nz,Thomas,Roberts,6070
lisa.cruz2@tak.nz,Lisa,Cruz,6071
donald.murphy2@tak.nz,Donald,Murphy,6072
donna.peterson2@tak.nz,Donna,Peterson,6073
brian.cox2@tak.nz,Brian,Cox,6074
rebecca.james2@tak.nz,Rebecca,James,6075
ryan.alvarez2@tak.nz,Ryan,Alvarez,6076
angela.foster2@tak.nz,Angela,Foster,6077
larry.bell2@tak.nz,Larry,Bell,6078
samantha.vasquez2@tak.nz,Samantha,Vasquez,6079
alexander.graham2@tak.nz,Alexander,Graham,6080
janet.hayes2@tak.nz,Janet,Hayes,6081
tyler.ford2@tak.nz,Tyler,Ford,6082
joyce.wells2@tak.nz,Joyce,Wells,6083
douglas.berg2@tak.nz,Douglas,Berg,6084
evelyn.fraser2@tak.nz,Evelyn,Fraser,6085
christian.douglas2@tak.nz,Christian,Douglas,6086
martha.harvey2@tak.nz,Martha,Harvey,6087
carl.hunt2@tak.nz,Carl,Hunt,6088
grace.franklin2@tak.nz,Grace,Franklin,6089
bryan.whitfield2@tak.nz,Bryan,Whitfield,6090
amber.redmond2@tak.nz,Amber,Redmond,6091
juan.brown2@tak.nz,Juan,Brown,6092
jane.hernandez2@tak.nz,Jane,Hernandez,6093
mason.moore2@tak.nz,Mason,Moore,6094
gina.harris2@tak.nz,Gina,Harris,6095
eugene.young2@tak.nz,Eugene,Young,6096
charlotte.hill2@tak.nz,Charlotte,Hill,6097
alexis.rivera2@tak.nz,Alexis,Rivera,6098
priscilla.evans2@tak.nz,Priscilla,Evans,6099
michael.reyes2@tak.nz,Michael,Reyes,6100
susan.gutierrez2@tak.nz,Susan,Gutierrez,6101
christopher.kelly2@tak.nz,Christopher,Kelly,6102
betty.watson2@tak.nz,Betty,Watson,6103
paul.mendoza2@tak.nz,Paul,Mendoza,6104
carol.patel2@tak.nz,Carol,Patel,6105
timothy.jenkins2@tak.nz,Timothy,Jenkins,6106
laura.henderson2@tak.nz,Laura,Henderson,6107
gary.jordan2@tak.nz,Gary,Jordan,6108
anna.wallace2@tak.nz,Anna,Wallace,6109
scott.bryant2@tak.nz,Scott,Bryant,6110
christine.mcdonald2@tak.nz,Christine,McDonald,6111
patrick.webb2@tak.nz,Patrick,Webb,6112
maria.andersen2@tak.nz,Maria,Andersen,6113
jose.macdonald2@tak.nz,Jose,MacDonald,6114
olivia.bishop2@tak.nz,Olivia,Bishop,6115
kyle.holt2@tak.nz,Kyle,Holt,6116
megan.curtis2@tak.nz,Megan,Curtis,6117
roger.manning2@tak.nz,Roger,Manning,6118
teresa.kingsley2@tak.nz,Teresa,Kingsley,6119
dylan.ashford2@tak.nz,Dylan,Ashford,6120
theresa.miller2@tak.nz,Theresa,Miller,6121
bruce.wilson2@tak.nz,Bruce,Wilson,6122
rose.lee2@tak.nz,Rose,Lee,6123
willie.ramirez2@tak.nz,Willie,Ramirez,6124
alexis.wright2@tak.nz,Alexis,Wright,6125
ralph.adams2@tak.nz,Ralph,Adams,6126
isabella.carter2@tak.nz,Isabella,Carter,6127
louis.parker2@tak.nz,Louis,Parker,6128
jasmine.morales2@tak.nz,Jasmine,Morales,6129
marcus.cooper2@tak.nz,Marcus,Cooper,6130
patricia.kim2@tak.nz,Patricia,Kim,6131
david.wood2@tak.nz,David,Wood,6132
sarah.price2@tak.nz,Sarah,Price,6133
matthew.ross2@tak.nz,Matthew,Ross,6134
ashley.sullivan2@tak.nz,Ashley,Sullivan,6135
joshua.fisher2@tak.nz,Joshua,Fisher,6136
melissa.hamilton2@tak.nz,Melissa,Hamilton,6137
edward.cole2@tak.nz,Edward,Cole,6138
kathleen.murray2@tak.nz,Kathleen,Murray,6139
eric.kennedy2@tak.nz,Eric,Kennedy,6140
pamela.christensen2@tak.nz,Pamela,Christensen,6141
benjamin.erikson2@tak.nz,Benjamin,Erikson,6142
rachel.sinclair2@tak.nz,Rachel,Sinclair,6143
jack.barker2@tak.nz,Jack,Barker,6144
diane.dixon2@tak.nz,Diane,Dixon,6145
nathan.gardner2@tak.nz,Nathan,Gardner,6146
christina.chapman2@tak.nz,Christina,Chapman,6147
walter.delaney2@tak.nz,Walter,Delaney,6148
cheryl.williams2@tak.nz,Cheryl,Williams,6149
austin.martinez2@tak.nz,Austin,Martinez,6150
janice.taylor2@tak.nz,Janice,Taylor,6151
lawrence.white2@tak.nz,Lawrence,White,6152
beverly.walker2@tak.nz,Beverly,Walker,6153
joe.nguyen2@tak.nz,Joe,Nguyen,6154
diana.hall2@tak.nz,Diana,Hall,6155
wayne.phillips2@tak.nz,Wayne,Phillips,6156
kayla.collins2@tak.nz,Kayla,Collins,6157
russell.rogers2@tak.nz,Russell,Rogers,6158
ava.reed2@tak.nz,Ava,Reed,6159
lee.richardson2@tak.nz,Lee,Richardson,6160
kylie.gray2@tak.nz,Kylie,Gray,6161
james.sanders2@tak.nz,James,Sanders,6162
linda.powell2@tak.nz,Linda,Powell,6163
joseph.butler2@tak.nz,Joseph,Butler,6164
nancy.romero2@tak.nz,Nancy,Romero,6165
mark.griffin2@tak.nz,Mark,Griffin,6166
emily.gibson2@tak.nz,Emily,Gibson,6167
kevin.owens2@tak.nz,Kevin,Owens,6168
stephanie.fernandez2@tak.nz,Stephanie,Fernandez,6169
jeffrey.hansen2@tak.nz,Jeffrey,Hansen,6170
shirley.stewart2@tak.nz,Shirley,Stewart,6171
stephen.henderson2@tak.nz,Stephen,Henderson,6172
emma.newton2@tak.nz,Emma,Newton,6173
gregory.barrett2@tak.nz,Gregory,Barrett,6174
carolyn.todd2@tak.nz,Carolyn,Todd,6175
jerry.ashworth2@tak.nz,Jerry,Ashworth,6176
julie.blackburn2@tak.nz,Julie,Blackburn,6177
zachary.garcia2@tak.nz,Zachary,Garcia,6178
joan.gonzalez2@tak.nz,Joan,Gonzalez,6179
jeremy.martin2@tak.nz,Jeremy,Martin,6180
jacqueline.clark2@tak.nz,Jacqueline,Clark,6181
gerald.king2@tak.nz,Gerald,King,6182
julia.green2@tak.nz,Julia,Green,6183
jesse.mitchell2@tak.nz,Jesse,Mitchell,6184
marilyn.diaz2@tak.nz,Marilyn,Diaz,6185
alan.morris2@tak.nz,Alan,Morris,6186
natalie.morgan2@tak.nz,Natalie,Morgan,6187
vincent.ramos2@tak.nz,Vincent,Ramos,6188
doris.chavez2@tak.nz,Doris,Chavez,6189
philip.hughes2@tak.nz,Philip,Hughes,6190
chloe.long2@tak.nz,Chloe,Long,6191
craig.russell2@tak.nz,Craig,Russell,6192
ellie.gonzales2@tak.nz,Ellie,Gonzales,6193
robert.alexander2@tak.nz,Robert,Alexander,6194
barbara.west2@tak.nz,Barbara,West,6195
charles.stevens2@tak.nz,Charles,Stevens,6196
margaret.ruiz2@tak.nz,Margaret,Ruiz,6197
steven.stevenson2@tak.nz,Steven,Stevenson,6198
michelle.olsen2@tak.nz,Michelle,Olsen,6199
george.duncan2@tak.nz,George,Duncan,6200
sharon.fletcher2@tak.nz,Sharon,Fletcher,6201
jacob.pearce2@tak.nz,Jacob,Pearce,6202
helen.osborne2@tak.nz,Helen,Osborne,6203
justin.kirk2@tak.nz,Justin,Kirk,6204
katherine.winslow2@tak.nz,Katherine,Winslow,6205
frank.johnson2@tak.nz,Frank,Johnson,6206
ruth.rodriguez2@tak.nz,Ruth,Rodriguez,6207
aaron.thomas2@tak.nz,Aaron,Thomas,6208
victoria.thompson2@tak.nz,Victoria,Thompson,6209
peter.robinson2@tak.nz,Peter,Robinson,6210
judith.torres2@tak.nz,Judith,Torres,6211
keith.baker2@tak.nz,Keith,Baker,6212
gloria.gomez2@tak.nz,Gloria,Gomez,6213
harold.edwards2@tak.nz,Harold,Edwards,6214
judy.cook2@tak.nz,Judy,Cook,6215
billy.bailey2@tak.nz,Billy,Bailey,6216
danielle.ward2@tak.nz,Danielle,Ward,6217
albert.bennett2@tak.nz,Albert,Bennett,6218
lori.castillo2@tak.nz,Lori,Castillo,6219
roy.jimenez2@tak.nz,Roy,Jimenez,6220
erin.coleman2@tak.nz,Erin,Coleman,6221
curtis.simmons2@tak.nz,Curtis,Simmons,6222
bethany.reynolds2@tak.nz,Bethany,Reynolds,6223
fred.chapman2@tak.nz,Fred,Chapman,6224
mary.marshall2@tak.nz,Mary,Marshall,6225
william.warren2@tak.nz,William,Warren,6226
jessica.larsen2@tak.nz,Jessica,Larsen,6227
daniel.cameron2@tak.nz,Daniel,Cameron,6228
sandra.grant2@tak.nz,Sandra,Grant,6229
andrew.chambers2@tak.nz,Andrew,Chambers,6230
amanda.nolan2@tak.nz,Amanda,Nolan,6231
ronald.lawson2@tak.nz,Ronald,Lawson,6232
cynthia.blackwood2@tak.nz,Cynthia,Blackwood,6233
nicholas.sutherland2@tak.nz,Nicholas,Sutherland,6234
brenda.jones2@tak.nz,Brenda,Jones,6235
brandon.lopez2@tak.nz,Brandon,Lopez,6236
debra.jackson2@tak.nz,Debra,Jackson,6237
raymond.sanchez2@tak.nz,Raymond,Sanchez,6238
heather.allen2@tak.nz,Heather,Allen,6239
adam.flores2@tak.nz,Adam,Flores,6240
kelly.campbell2@tak.nz,Kelly,Campbell,6241
ethan.turner2@tak.nz,Ethan,Turner,6242
andrea.stewart2@tak.nz,Andrea,Stewart,6243
terry.ortiz2@tak.nz,Terry,Ortiz,6244
sara.howard2@tak.nz,Sara,Howard,6245
arthur.brooks2@tak.nz,Arthur,Brooks,6246
madison.ruiz2@tak.nz,Madison,Ruiz,6247
gabriel.myers2@tak.nz,Gabriel,Myers,6248
brittany.perry2@tak.nz,Brittany,Perry,6249
elijah.barnes2@tak.nz,Elijah,Barnes,6250
tiffany.patterson2@tak.nz,Tiffany,Patterson,6251
bobby.moreno2@tak.nz,Bobby,Moreno,6252
sophia.ellis2@tak.nz,Sophia,Ellis,6253
jimmy.harrison2@tak.nz,Jimmy,Harrison,6254
leah.simpson2@tak.nz,Leah,Simpson,6255
chad.pedersen2@tak.nz,Chad,Pedersen,6256
jennifer.ferguson2@tak.nz,Jennifer,Ferguson,6257
richard.marsh2@tak.nz,Richard,Marsh,6258
karen.boyd2@tak.nz,Karen,Boyd,6259
anthony.palmer2@tak.nz,Anthony,Palmer,6260
kimberly.burton2@tak.nz,Kimberly,Burton,6261
kenneth.radley2@tak.nz,Kenneth,Radley,6262
deborah.smith2@tak.nz,Deborah,Smith,6263
jason.davis2@tak.nz,Jason,Davis,6264
amy.anderson2@tak.nz,Amy,Anderson,6265
jonathan.perez2@tak.nz,Jonathan,Perez,6266
nicole.lewis2@tak.nz,Nicole,Lewis,6267
samuel.scott2@tak.nz,Samuel,Scott,6268
catherine.nelson2@tak.nz,Catherine,Nelson,6269
dennis.roberts2@tak.nz,Dennis,Roberts,6270
virginia.cruz2@tak.nz,Virginia,Cruz,6271
henry.murphy2@tak.nz,Henry,Murphy,6272
lauren.peterson2@tak.nz,Lauren,Peterson,6273
noah.cox2@tak.nz,Noah,Cox,6274
hannah.james2@tak.nz,Hannah,James,6275
sean.alvarez2@tak.nz,Sean,Alvarez,6276
marie.foster2@tak.nz,Marie,Foster,6277
jordan.bell2@tak.nz,Jordan,Bell,6278
denise.vasquez2@tak.nz,Denise,Vasquez,6279
logan.graham2@tak.nz,Logan,Graham,6280
abigail.hayes2@tak.nz,Abigail,Hayes,6281
randy.ford2@tak.nz,Randy,Ford,6282
alice.wells2@tak.nz,Alice,Wells,6283
bradley.berg2@tak.nz,Bradley,Berg,6284
renee.fraser2@tak.nz,Renee,Fraser,6285
todd.douglas2@tak.nz,Todd,Douglas,6286
tara.harvey2@tak.nz,Tara,Harvey,6287
john.hunt2@tak.nz,John,Hunt,6288
elizabeth.franklin2@tak.nz,Elizabeth,Franklin,6289
thomas.whitfield2@tak.nz,Thomas,Whitfield,6290
lisa.redmond2@tak.nz,Lisa,Redmond,6291
donald.brown2@tak.nz,Donald,Brown,6292
donna.hernandez2@tak.nz,Donna,Hernandez,6293
brian.moore2@tak.nz,Brian,Moore,6294
rebecca.harris2@tak.nz,Rebecca,Harris,6295
ryan.young2@tak.nz,Ryan,Young,6296
angela.hill2@tak.nz,Angela,Hill,6297
larry.rivera2@tak.nz,Larry,Rivera,6298
samantha.evans2@tak.nz,Samantha,Evans,6299
alexander.reyes2@tak.nz,Alexander,Reyes,6300
janet.gutierrez2@tak.nz,Janet,Gutierrez,6301
tyler.kelly2@tak.nz,Tyler,Kelly,6302
joyce.watson2@tak.nz,Joyce,Watson,6303
douglas.mendoza2@tak.nz,Douglas,Mendoza,6304
evelyn.patel2@tak.nz,Evelyn,Patel,6305
christian.jenkins2@tak.nz,Christian,Jenkins,6306
martha.henderson2@tak.nz,Martha,Henderson,6307
carl.jordan2@tak.nz,Carl,Jordan,6308
grace.wallace2@tak.nz,Grace,Wallace,6309
bryan.bryant2@tak.nz,Bryan,Bryant,6310
amber.mcdonald2@tak.nz,Amber,McDonald,6311
juan.webb2@tak.nz,Juan,Webb,6312
jane.andersen2@tak.nz,Jane,Andersen,6313
mason.macdonald2@tak.nz,Mason,MacDonald,6314
gina.bishop2@tak.nz,Gina,Bishop,6315
eugene.holt2@tak.nz,Eugene,Holt,6316
charlotte.curtis2@tak.nz,Charlotte,Curtis,6317
alexis.manning2@tak.nz,Alexis,Manning,6318
priscilla.kingsley2@tak.nz,Priscilla,Kingsley,6319
michael.ashford2@tak.nz,Michael,Ashford,6320
susan.miller2@tak.nz,Susan,Miller,6321
christopher.wilson2@tak.nz,Christopher,Wilson,6322
betty.lee2@tak.nz,Betty,Lee,6323
paul.ramirez2@tak.nz,Paul,Ramirez,6324
carol.wright2@tak.nz,Carol,Wright,6325
timothy.adams2@tak.nz,Timothy,Adams,6326
laura.carter2@tak.nz,Laura,Carter,6327
gary.parker2@tak.nz,Gary,Parker,6328
anna.morales2@tak.nz,Anna,Morales,6329
scott.cooper2@tak.nz,Scott,Cooper,6330
christine.kim2@tak.nz,Christine,Kim,6331
patrick.wood2@tak.nz,Patrick,Wood,6332
maria.price2@tak.nz,Maria,Price,6333
jose.ross2@tak.nz,Jose,Ross,6334
olivia.sullivan2@tak.nz,Olivia,Sullivan,6335
kyle.fisher2@tak.nz,Kyle,Fisher,6336
megan.hamilton2@tak.nz,Megan,Hamilton,6337
roger.cole2@tak.nz,Roger,Cole,6338
teresa.murray2@tak.nz,Teresa,Murray,6339
dylan.kennedy2@tak.nz,Dylan,Kennedy,6340
theresa.christensen2@tak.nz,Theresa,Christensen,6341
bruce.erikson2@tak.nz,Bruce,Erikson,6342
rose.sinclair2@tak.nz,Rose,Sinclair,6343
willie.barker2@tak.nz,Willie,Barker,6344
alexis.dixon2@tak.nz,Alexis,Dixon,6345
ralph.gardner2@tak.nz,Ralph,Gardner,6346
isabella.chapman2@tak.nz,Isabella,Chapman,6347
louis.delaney2@tak.nz,Louis,Delaney,6348
jasmine.williams2@tak.nz,Jasmine,Williams,6349
marcus.martinez2@tak.nz,Marcus,Martinez,6350
patricia.taylor2@tak.nz,Patricia,Taylor,6351
david.white2@tak.nz,David,White,6352
sarah.walker2@tak.nz,Sarah,Walker,6353
matthew.nguyen2@tak.nz,Matthew,Nguyen,6354
ashley.hall2@tak.nz,Ashley,Hall,6355
joshua.phillips2@tak.nz,Joshua,Phillips,6356
melissa.collins2@tak.nz,Melissa,Collins,6357
edward.rogers2@tak.nz,Edward,Rogers,6358
kathleen.reed2@tak.nz,Kathleen,Reed,6359
eric.richardson2@tak.nz,Eric,Richardson,6360
pamela.gray2@tak.nz,Pamela,Gray,6361
benjamin.sanders2@tak.nz,Benjamin,Sanders,6362
rachel.powell2@tak.nz,Rachel,Powell,6363
jack.butler2@tak.nz,Jack,Butler,6364
diane.romero2@tak.nz,Diane,Romero,6365
nathan.griffin2@tak.nz,Nathan,Griffin,6366
christina.gibson2@tak.nz,Christina,Gibson,6367
walter.owens2@tak.nz,Walter,Owens,6368
cheryl.fernandez2@tak.nz,Cheryl,Fernandez,6369
austin.hansen2@tak.nz,Austin,Hansen,6370
janice.stewart2@tak.nz,Janice,Stewart,6371
lawrence.henderson2@tak.nz,Lawrence,Henderson,6372
beverly.newton2@tak.nz,Beverly,Newton,6373
joe.barrett2@tak.nz,Joe,Barrett,6374
diana.todd2@tak.nz,Diana,Todd,6375
wayne.ashworth2@tak.nz,Wayne,Ashworth,6376
kayla.blackburn2@tak.nz,Kayla,Blackburn,6377
russell.garcia2@tak.nz,Russell,Garcia,6378
ava.gonzalez2@tak.nz,Ava,Gonzalez,6379
lee.martin2@tak.nz,Lee,Martin,6380
kylie.clark2@tak.nz,Kylie,Clark,6381
james.king2@tak.nz,James,King,6382
linda.green2@tak.nz,Linda,Green,6383
joseph.mitchell2@tak.nz,Joseph,Mitchell,6384
nancy.diaz2@tak.nz,Nancy,Diaz,6385
mark.morris2@tak.nz,Mark,Morris,6386
emily.morgan2@tak.nz,Emily,Morgan,6387
kevin.ramos2@tak.nz,Kevin,Ramos,6388
stephanie.chavez2@tak.nz,Stephanie,Chavez,6389
jeffrey.hughes2@tak.nz,Jeffrey,Hughes,6390
shirley.long2@tak.nz,Shirley,Long,6391
stephen.russell2@tak.nz,Stephen,Russell,6392
emma.gonzales2@tak.nz,Emma,Gonzales,6393
gregory.alexander2@tak.nz,Gregory,Alexander,6394
carolyn.west2@tak.nz,Carolyn,West,6395
jerry.stevens2@tak.nz,Jerry,Stevens,6396
julie.ruiz2@tak.nz,Julie,Ruiz,6397
zachary.stevenson2@tak.nz,Zachary,Stevenson,6398
joan.olsen2@tak.nz,Joan,Olsen,6399
jeremy.duncan2@tak.nz,Jeremy,Duncan,6400
jacqueline.fletcher2@tak.nz,Jacqueline,Fletcher,6401
gerald.pearce2@tak.nz,Gerald,Pearce,6402
julia.osborne2@tak.nz,Julia,Osborne,6403
jesse.kirk2@tak.nz,Jesse,Kirk,6404
marilyn.winslow2@tak.nz,Marilyn,Winslow,6405
alan.johnson2@tak.nz,Alan,Johnson,6406
natalie.rodriguez2@tak.nz,Natalie,Rodriguez,6407
vincent.thomas2@tak.nz,Vincent,Thomas,6408
doris.thompson2@tak.nz,Doris,Thompson,6409
philip.robinson2@tak.nz,Philip,Robinson,6410
chloe.torres2@tak.nz,Chloe,Torres,6411
craig.baker2@tak.nz,Craig,Baker,6412
ellie.gomez2@tak.nz,Ellie,Gomez,6413
robert.edwards2@tak.nz,Robert,Edwards,6414
barbara.cook2@tak.nz,Barbara,Cook,6415
charles.bailey2@tak.nz,Charles,Bailey,6416
margaret.ward2@tak.nz,Margaret,Ward,6417
steven.bennett2@tak.nz,Steven,Bennett,6418
michelle.castillo2@tak.nz,Michelle,Castillo,6419
george.jimenez2@tak.nz,George,Jimenez,6420
sharon.coleman2@tak.nz,Sharon,Coleman,5781
jacob.simmons2@tak.nz,Jacob,Simmons,5782
helen.reynolds2@tak.nz,Helen,Reynolds,5783
justin.chapman2@tak.nz,Justin,Chapman,5784
katherine.marshall2@tak.nz,Katherine,Marshall,5785
frank.warren2@tak.nz,Frank,Warren,5786
ruth.larsen2@tak.nz,Ruth,Larsen,5787
aaron.cameron2@tak.nz,Aaron,Cameron,5788
victoria.grant2@tak.nz,Victoria,Grant,5789
peter.chambers2@tak.nz,Peter,Chambers,5790
judith.nolan2@tak.nz,Judith,Nolan,5791
keith.lawson2@tak.nz,Keith,Lawson,5792
gloria.blackwood2@tak.nz,Gloria,Blackwood,5793
harold.sutherland2@tak.nz,Harold,Sutherland,5794
judy.jones2@tak.nz,Judy,Jones,5795
billy.lopez2@tak.nz,Billy,Lopez,5796
danielle.jackson2@tak.nz,Danielle,Jackson,5797
albert.sanchez2@tak.nz,Albert,Sanchez,5798
lori.allen2@tak.nz,Lori,Allen,5799
roy.flores2@tak.nz,Roy,Flores,5800
erin.campbell2@tak.nz,Erin,Campbell,5801
curtis.turner2@tak.nz,Curtis,Turner,5802
bethany.stewart2@tak.nz,Bethany,Stewart,5803
fred.ortiz2@tak.nz,Fred,Ortiz,5804
mary.howard2@tak.nz,Mary,Howard,5805
william.brooks2@tak.nz,William,Brooks,5806
jessica.ruiz2@tak.nz,Jessica,Ruiz,5807
daniel.myers2@tak.nz,Daniel,Myers,5808
sandra.perry2@tak.nz,Sandra,Perry,5809
andrew.barnes2@tak.nz,Andrew,Barnes,5810
amanda.patterson2@tak.nz,Amanda,Patterson,5811
ronald.moreno2@tak.nz,Ronald,Moreno,5812
cynthia.ellis2@tak.nz,Cynthia,Ellis,5813
nicholas.harrison2@tak.nz,Nicholas,Harrison,5814
brenda.simpson2@tak.nz,Brenda,Simpson,5815
brandon.pedersen2@tak.nz,Brandon,Pedersen,5816
debra.ferguson2@tak.nz,Debra,Ferguson,5817
raymond.marsh2@tak.nz,Raymond,Marsh,5818
heather.boyd2@tak.nz,Heather,Boyd,5819
adam.palmer2@tak.nz,Adam,Palmer,5820
kelly.burton2@tak.nz,Kelly,Burton,5821
ethan.radley2@tak.nz,Ethan,Radley,5822
andrea.smith2@tak.nz,Andrea,Smith,5823
terry.davis2@tak.nz,Terry,Davis,5824
sara.anderson2@tak.nz,Sara,Anderson,5825
arthur.perez2@tak.nz,Arthur,Perez,5826
madison.lewis2@tak.nz,Madison,Lewis,5827
gabriel.scott2@tak.nz,Gabriel,Scott,5828
brittany.nelson2@tak.nz,Brittany,Nelson,5829
elijah.roberts2@tak.nz,Elijah,Roberts,5830
tiffany.cruz2@tak.nz,Tiffany,Cruz,5831
bobby.murphy2@tak.nz,Bobby,Murphy,5832
sophia.peterson2@tak.nz,Sophia,Peterson,5833
jimmy.cox2@tak.nz,Jimmy,Cox,5834
leah.james2@tak.nz,Leah,James,5835
chad.alvarez2@tak.nz,Chad,Alvarez,5836
jennifer.foster2@tak.nz,Jennifer,Foster,5837
richard.bell2@tak.nz,Richard,Bell,5838
karen.vasquez2@tak.nz,Karen,Vasquez,5839
anthony.graham2@tak.nz,Anthony,Graham,5840
kimberly.hayes2@tak.nz,Kimberly,Hayes,5841
kenneth.ford2@tak.nz,Kenneth,Ford,5842
deborah.wells2@tak.nz,Deborah,Wells,5843
jason.berg2@tak.nz,Jason,Berg,5844
amy.fraser2@tak.nz,Amy,Fraser,5845
jonathan.douglas2@tak.nz,Jonathan,Douglas,5846
nicole.harvey2@tak.nz,Nicole,Harvey,5847
samuel.hunt2@tak.nz,Samuel,Hunt,5848
catherine.franklin2@tak.nz,Catherine,Franklin,5849
dennis.whitfield2@tak.nz,Dennis,Whitfield,5850
virginia.redmond2@tak.nz,Virginia,Redmond,5851
henry.brown2@tak.nz,Henry,Brown,5852
lauren.hernandez2@tak.nz,Lauren,Hernandez,5853
noah.moore2@tak.nz,Noah,Moore,5854
hannah.harris2@tak.nz,Hannah,Harris,5855
sean.young2@tak.nz,Sean,Young,5856
marie.hill2@tak.nz,Marie,Hill,5857
jordan.rivera2@tak.nz,Jordan,Rivera,5858
denise.evans2@tak.nz,Denise,Evans,5859
logan.reyes2@tak.nz,Logan,Reyes,5860
abigail.gutierrez2@tak.nz,Abigail,Gutierrez,5861
randy.kelly2@tak.nz,Randy,Kelly,5862
alice.watson2@tak.nz,Alice,Watson,5863
bradley.mendoza2@tak.nz,Bradley,Mendoza,5864
renee.patel2@tak.nz,Renee,Patel,5865
todd.jenkins2@tak.nz,Todd,Jenkins,5866
tara.henderson2@tak.nz,Tara,Henderson,5867
john.jordan2@tak.nz,John,Jordan,5868
elizabeth.wallace2@tak.nz,Elizabeth,Wallace,5869
thomas.bryant2@tak.nz,Thomas,Bryant,5870
lisa.mcdonald2@tak.nz,Lisa,McDonald,5871
donald.webb2@tak.nz,Donald,Webb,5872
donna.andersen2@tak.nz,Donna,Andersen,5873
brian.macdonald2@tak.nz,Brian,MacDonald,5874
rebecca.bishop2@tak.nz,Rebecca,Bishop,5875
ryan.holt2@tak.nz,Ryan,Holt,5876
angela.curtis2@tak.nz,Angela,Curtis,5877
larry.manning2@tak.nz,Larry,Manning,5878
samantha.kingsley2@tak.nz,Samantha,Kingsley,5879
alexander.ashford2@tak.nz,Alexander,Ashford,5880
janet.miller2@tak.nz,Janet,Miller,5881
tyler.wilson2@tak.nz,Tyler,Wilson,5882
joyce.lee2@tak.nz,Joyce,Lee,5883
douglas.ramirez2@tak.nz,Douglas,Ramirez,5884
evelyn.wright2@tak.nz,Evelyn,Wright,5885
christian.adams2@tak.nz,Christian,Adams,5886
martha.carter2@tak.nz,Martha,Carter,5887
carl.parker2@tak.nz,Carl,Parker,5888
grace.morales2@tak.nz,Grace,Morales,5889
bryan.cooper2@tak.nz,Bryan,Cooper,5890
amber.kim2@tak.nz,Amber,Kim,5891
juan.wood2@tak.nz,Juan,Wood,5892
jane.price2@tak.nz,Jane,Price,5893
mason.ross2@tak.nz,Mason,Ross,5894
gina.sullivan2@tak.nz,Gina,Sullivan,5895
eugene.fisher2@tak.nz,Eugene,Fisher,5896
charlotte.hamilton2@tak.nz,Charlotte,Hamilton,5897
alexis.cole2@tak.nz,Alexis,Cole,5898
priscilla.murray2@tak.nz,Priscilla,Murray,5899
michael.kennedy2@tak.nz,Michael,Kennedy,5900
susan.christensen2@tak.nz,Susan,Christensen,5901
christopher.erikson2@tak.nz,Christopher,Erikson,5902
betty.sinclair2@tak.nz,Betty,Sinclair,5903
paul.barker2@tak.nz,Paul,Barker,5904
carol.dixon2@tak.nz,Carol,Dixon,5905
timothy.gardner2@tak.nz,Timothy,Gardner,5906
laura.chapman2@tak.nz,Laura,Chapman,5907
gary.delaney2@tak.nz,Gary,Delaney,5908
anna.williams2@tak.nz,Anna,Williams,5909
scott.martinez2@tak.nz,Scott,Martinez,5910
christine.taylor2@tak.nz,Christine,Taylor,5911
patrick.white2@tak.nz,Patrick,White,5912
maria.walker2@tak.nz,Maria,Walker,5913
jose.nguyen2@tak.nz,Jose,Nguyen,5914
olivia.hall2@tak.nz,Olivia,Hall,5915
kyle.phillips2@tak.nz,Kyle,Phillips,5916
megan.collins2@tak.nz,Megan,Collins,5917
roger.rogers2@tak.nz,Roger,Rogers,5918
teresa.reed2@tak.nz,Teresa,Reed,5919
dylan.richardson2@tak.nz,Dylan,Richardson,5920
theresa.gray2@tak.nz,Theresa,Gray,5921
bruce.sanders2@tak.nz,Bruce,Sanders,5922
rose.powell2@tak.nz,Rose,Powell,5923
willie.butler2@tak.nz,Willie,Butler,5924
alexis.romero2@tak.nz,Alexis,Romero,5925
ralph.griffin2@tak.nz,Ralph,Griffin,5926
isabella.gibson2@tak.nz,Isabella,Gibson,5927
louis.owens2@tak.nz,Louis,Owens,5928
jasmine.fernandez2@tak.nz,Jasmine,Fernandez,5929
marcus.hansen2@tak.nz,Marcus,Hansen,5930
patricia.stewart2@tak.nz,Patricia,Stewart,5931
david.henderson2@tak.nz,David,Henderson,5932
sarah.newton2@tak.nz,Sarah,Newton,5933
matthew.barrett2@tak.nz,Matthew,Barrett,5934
ashley.todd2@tak.nz,Ashley,Todd,5935
joshua.ashworth2@tak.nz,Joshua,Ashworth,5936
melissa.blackburn2@tak.nz,Melissa,Blackburn,5937
edward.garcia2@tak.nz,Edward,Garcia,5938
kathleen.gonzalez2@tak.nz,Kathleen,Gonzalez,5939
eric.martin2@tak.nz,Eric,Martin,5940
pamela.clark2@tak.nz,Pamela,Clark,5941
benjamin.king2@tak.nz,Benjamin,King,5942
rachel.green2@tak.nz,Rachel,Green,5943
jack.mitchell2@tak.nz,Jack,Mitchell,5944
diane.diaz2@tak.nz,Diane,Diaz,5945
nathan.morris2@tak.nz,Nathan,Morris,5946
christina.morgan2@tak.nz,Christina,Morgan,5947
walter.ramos2@tak.nz,Walter,Ramos,5948
cheryl.chavez2@tak.nz,Cheryl,Chavez,5949
austin.hughes2@tak.nz,Austin,Hughes,5950
janice.long2@tak.nz,Janice,Long,5951
lawrence.russell2@tak.nz,Lawrence,Russell,5952
beverly.gonzales2@tak.nz,Beverly,Gonzales,5953
joe.alexander2@tak.nz,Joe,Alexander,5954
diana.west2@tak.nz,Diana,West,5955
wayne.stevens2@tak.nz,Wayne,Stevens,5956
kayla.ruiz2@tak.nz,Kayla,Ruiz,5957
russell.stevenson2@tak.nz,Russell,Stevenson,5958
ava.olsen2@tak.nz,Ava,Olsen,5959
lee.duncan2@tak.nz,Lee,Duncan,5960
kylie.fletcher2@tak.nz,Kylie,Fletcher,5961
james.pearce2@tak.nz,James,Pearce,5962
linda.osborne2@tak.nz,Linda,Osborne,5963
joseph.kirk2@tak.nz,Joseph,Kirk,5964
nancy.winslow2@tak.nz,Nancy,Winslow,5965
mark.johnson2@tak.nz,Mark,Johnson,5966
emily.rodriguez2@tak.nz,Emily,Rodriguez,5967
kevin.thomas2@tak.nz,Kevin,Thomas,5968
stephanie.thompson2@tak.nz,Stephanie,Thompson,5969
jeffrey.robinson2@tak.nz,Jeffrey,Robinson,5970
shirley.torres2@tak.nz,Shirley,Torres,5971
stephen.baker2@tak.nz,Stephen,Baker,5972
emma.gomez2@tak.nz,Emma,Gomez,5973
gregory.edwards2@tak.nz,Gregory,Edwards,5974
carolyn.cook2@tak.nz,Carolyn,Cook,5975
jerry.bailey2@tak.nz,Jerry,Bailey,5976
julie.ward2@tak.nz,Julie,Ward,5977
zachary.bennett2@tak.nz,Zachary,Bennett,5978
joan.castillo2@tak.nz,Joan,Castillo,5979
jeremy.jimenez2@tak.nz,Jeremy,Jimenez,5980
jacqueline.coleman2@tak.nz,Jacqueline,Coleman,5981
gerald.simmons2@tak.nz,Gerald,Simmons,5982
julia.reynolds2@tak.nz,Julia,Reynolds,5983
jesse.chapman2@tak.nz,Jesse,Chapman,5984
marilyn.marshall2@tak.nz,Marilyn,Marshall,5985
alan.warren2@tak.nz,Alan,Warren,5986
natalie.larsen2@tak.nz,Natalie,Larsen,5987
vincent.cameron2@tak.nz,Vincent,Cameron,5988
doris.grant2@tak.nz,Doris,Grant,5989
philip.chambers2@tak.nz,Philip,Chambers,5990
chloe.nolan2@tak.nz,Chloe,Nolan,5991
craig.lawson2@tak.nz,Craig,Lawson,5992
ellie.blackwood2@tak.nz,Ellie,Blackwood,5993
robert.sutherland2@tak.nz,Robert,Sutherland,5994
barbara.jones2@tak.nz,Barbara,Jones,5995
charles.lopez2@tak.nz,Charles,Lopez,5996
margaret.jackson2@tak.nz,Margaret,Jackson,5997
steven.sanchez2@tak.nz,Steven,Sanchez,5998
michelle.allen2@tak.nz,Michelle,Allen,5999
george.flores2@tak.nz,George,Flores,6000
sharon.campbell2@tak.nz,Sharon,Campbell,6001
jacob.turner2@tak.nz,Jacob,Turner,6002
helen.stewart2@tak.nz,Helen,Stewart,6003
justin.ortiz2@tak.nz,Justin,Ortiz,6004
katherine.howard2@tak.nz,Katherine,Howard,6005
frank.brooks2@tak.nz,Frank,Brooks,6006
ruth.ruiz2@tak.nz,Ruth,Ruiz,6007
aaron.myers2@tak.nz,Aaron,Myers,6008
victoria.perry2@tak.nz,Victoria,Perry,6009
peter.barnes2@tak.nz,Peter,Barnes,6010
judith.patterson2@tak.nz,Judith,Patterson,6011
keith.moreno2@tak.nz,Keith,Moreno,6012
gloria.ellis2@tak.nz,Gloria,Ellis,6013
harold.harrison2@tak.nz,Harold,Harrison,6014
judy.simpson2@tak.nz,Judy,Simpson,6015
billy.pedersen2@tak.nz,Billy,Pedersen,6016
danielle.ferguson2@tak.nz,Danielle,Ferguson,6017
albert.marsh2@tak.nz,Albert,Marsh,6018
lori.boyd2@tak.nz,Lori,Boyd,6019
roy.palmer2@tak.nz,Roy,Palmer,6020
erin.burton2@tak.nz,Erin,Burton,6021
curtis.radley2@tak.nz,Curtis,Radley,6022
bethany.smith2@tak.nz,Bethany,Smith,6023
fred.davis2@tak.nz,Fred,Davis,6024
mary.anderson2@tak.nz,Mary,Anderson,6025
william.perez2@tak.nz,William,Perez,6026
jessica.lewis2@tak.nz,Jessica,Lewis,6027
daniel.scott2@tak.nz,Daniel,Scott,6028
sandra.nelson2@tak.nz,Sandra,Nelson,6029
andrew.roberts2@tak.nz,Andrew,Roberts,6030
amanda.cruz2@tak.nz,Amanda,Cruz,6031
ronald.murphy2@tak.nz,Ronald,Murphy,6032
cynthia.peterson2@tak.nz,Cynthia,Peterson,6033
nicholas.cox2@tak.nz,Nicholas,Cox,6034
brenda.james2@tak.nz,Brenda,James,6035
brandon.alvarez2@tak.nz,Brandon,Alvarez,6036
debra.foster2@tak.nz,Debra,Foster,6037
raymond.bell2@tak.nz,Raymond,Bell,6038
heather.vasquez2@tak.nz,Heather,Vasquez,6039
adam.graham2@tak.nz,Adam,Graham,6040
kelly.hayes2@tak.nz,Kelly,Hayes,6041
ethan.ford2@tak.nz,Ethan,Ford,6042
andrea.wells2@tak.nz,Andrea,Wells,6043
terry.berg2@tak.nz,Terry,Berg,6044
sara.fraser2@tak.nz,Sara,Fraser,6045
arthur.douglas2@tak.nz,Arthur,Douglas,6046
madison.harvey2@tak.nz,Madison,Harvey,6047
gabriel.hunt2@tak.nz,Gabriel,Hunt,6048
brittany.franklin2@tak.nz,Brittany,Franklin,6049
elijah.whitfield2@tak.nz,Elijah,Whitfield,6050
tiffany.redmond2@tak.nz,Tiffany,Redmond,6051
bobby.brown2@tak.nz,Bobby,Brown,6052
sophia.hernandez2@tak.nz,Sophia,Hernandez,6053
jimmy.moore2@tak.nz,Jimmy,Moore,6054
leah.harris2@tak.nz,Leah,Harris,6055
chad.young2@tak.nz,Chad,Young,6056
jennifer.hill2@tak.nz,Jennifer,Hill,6057
richard.rivera2@tak.nz,Richard,Rivera,6058
karen.evans2@tak.nz,Karen,Evans,6059
anthony.reyes2@tak.nz,Anthony,Reyes,6060
kimberly.gutierrez2@tak.nz,Kimberly,Gutierrez,6061
kenneth.kelly2@tak.nz,Kenneth,Kelly,6062
deborah.watson2@tak.nz,Deborah,Watson,6063
jason.mendoza2@tak.nz,Jason,Mendoza,6064
amy.patel2@tak.nz,Amy,Patel,6065
jonathan.jenkins2@tak.nz,Jonathan,Jenkins,6066
nicole.henderson2@tak.nz,Nicole,Henderson,6067
samuel.jordan2@tak.nz,Samuel,Jordan,6068
catherine.wallace2@tak.nz,Catherine,Wallace,6069
dennis.bryant2@tak.nz,Dennis,Bryant,6070
virginia.mcdonald2@tak.nz,Virginia,McDonald,6071
henry.webb2@tak.nz,Henry,Webb,6072
lauren.andersen2@tak.nz,Lauren,Andersen,6073
noah.macdonald2@tak.nz,Noah,MacDonald,6074
hannah.bishop2@tak.nz,Hannah,Bishop,6075
sean.holt2@tak.nz,Sean,Holt,6076
marie.curtis2@tak.nz,Marie,Curtis,6077
jordan.manning2@tak.nz,Jordan,Manning,6078
denise.kingsley2@tak.nz,Denise,Kingsley,6079
logan.ashford2@tak.nz,Logan,Ashford,6080
abigail.miller2@tak.nz,Abigail,Miller,6081
randy.wilson2@tak.nz,Randy,Wilson,6082
alice.lee2@tak.nz,Alice,Lee,6083
bradley.ramirez2@tak.nz,Bradley,Ramirez,6084
renee.wright2@tak.nz,Renee,Wright,6085
todd.adams2@tak.nz,Todd,Adams,6086
tara.carter2@tak.nz,Tara,Carter,6087
john.parker2@tak.nz,John,Parker,6088
elizabeth.morales2@tak.nz,Elizabeth,Morales,6089
thomas.cooper2@tak.nz,Thomas,Cooper,6090
lisa.kim2@tak.nz,Lisa,Kim,6091
donald.wood2@tak.nz,Donald,Wood,6092
donna.price2@tak.nz,Donna,Price,6093
brian.ross2@tak.nz,Brian,Ross,6094
rebecca.sullivan2@tak.nz,Rebecca,Sullivan,6095
ryan.fisher2@tak.nz,Ryan,Fisher,6096
angela.hamilton2@tak.nz,Angela,Hamilton,6097
larry.cole2@tak.nz,Larry,Cole,6098
samantha.murray2@tak.nz,Samantha,Murray,6099
alexander.kennedy2@tak.nz,Alexander,Kennedy,6100
janet.christensen2@tak.nz,Janet,Christensen,6101
tyler.erikson2@tak.nz,Tyler,Erikson,6102
joyce.sinclair2@tak.nz,Joyce,Sinclair,6103
douglas.barker2@tak.nz,Douglas,Barker,6104
evelyn.dixon2@tak.nz,Evelyn,Dixon,6105
christian.gardner2@tak.nz,Christian,Gardner,6106
martha.chapman2@tak.nz,Martha,Chapman,6107
carl.delaney2@tak.nz,Carl,Delaney,6108
grace.williams2@tak.nz,Grace,Williams,6109
bryan.martinez2@tak.nz,Bryan,Martinez,6110
amber.taylor2@tak.nz,Amber,Taylor,6111
juan.white2@tak.nz,Juan,White,6112
jane.walker2@tak.nz,Jane,Walker,6113
mason.nguyen2@tak.nz,Mason,Nguyen,6114
gina.hall2@tak.nz,Gina,Hall,6115
eugene.phillips2@tak.nz,Eugene,Phillips,6116
charlotte.collins2@tak.nz,Charlotte,Collins,6117
alexis.rogers2@tak.nz,Alexis,Rogers,6118
priscilla.reed2@tak.nz,Priscilla,Reed,6119
michael.richardson2@tak.nz,Michael,Richardson,6120
susan.gray2@tak.nz,Susan,Gray,6121
christopher.sanders2@tak.nz,Christopher,Sanders,6122
betty.powell2@tak.nz,Betty,Powell,6123
paul.butler2@tak.nz,Paul,Butler,6124
carol.romero2@tak.nz,Carol,Romero,6125
timothy.griffin2@tak.nz,Timothy,Griffin,6126
laura.gibson2@tak.nz,Laura,Gibson,6127
gary.owens2@tak.nz,Gary,Owens,6128
anna.fernandez2@tak.nz,Anna,Fernandez,6129
scott.hansen2@tak.nz,Scott,Hansen,6130
christine.stewart2@tak.nz,Christine,Stewart,6131
patrick.henderson2@tak.nz,Patrick,Henderson,6132
maria.newton2@tak.nz,Maria,Newton,6133
jose.barrett2@tak.nz,Jose,Barrett,6134
olivia.todd2@tak.nz,Olivia,Todd,6135
kyle.ashworth2@tak.nz,Kyle,Ashworth,6136
megan.blackburn2@tak.nz,Megan,Blackburn,6137
roger.garcia2@tak.nz,Roger,Garcia,6138
teresa.gonzalez2@tak.nz,Teresa,Gonzalez,6139
dylan.martin2@tak.nz,Dylan,Martin,6140
theresa.clark2@tak.nz,Theresa,Clark,6141
bruce.king2@tak.nz,Bruce,King,6142
rose.green2@tak.nz,Rose,Green,6143
willie.mitchell2@tak.nz,Willie,Mitchell,6144
alexis.diaz2@tak.nz,Alexis,Diaz,6145
ralph.morris2@tak.nz,Ralph,Morris,6146
isabella.morgan2@tak.nz,Isabella,Morgan,6147
louis.ramos2@tak.nz,Louis,Ramos,6148
jasmine.chavez2@tak.nz,Jasmine,Chavez,6149
marcus.hughes2@tak.nz,Marcus,Hughes,6150
patricia.long2@tak.nz,Patricia,Long,6151
david.russell2@tak.nz,David,Russell,6152
sarah.gonzales2@tak.nz,Sarah,Gonzales,6153
matthew.alexander2@tak.nz,Matthew,Alexander,6154
ashley.west2@tak.nz,Ashley,West,6155
joshua.stevens2@tak.nz,Joshua,Stevens,6156
melissa.ruiz2@tak.nz,Melissa,Ruiz,6157
edward.stevenson2@tak.nz,Edward,Stevenson,6158
kathleen.olsen2@tak.nz,Kathleen,Olsen,6159
eric.duncan2@tak.nz,Eric,Duncan,6160
pamela.fletcher2@tak.nz,Pamela,Fletcher,6161
benjamin.pearce2@tak.nz,Benjamin,Pearce,6162
rachel.osborne2@tak.nz,Rachel,Osborne,6163
jack.kirk2@tak.nz,Jack,Kirk,6164
diane.winslow2@tak.nz,Diane,Winslow,6165
nathan.johnson2@tak.nz,Nathan,Johnson,6166
christina.rodriguez2@tak.nz,Christina,Rodriguez,6167
walter.thomas2@tak.nz,Walter,Thomas,6168
cheryl.thompson2@tak.nz,Cheryl,Thompson,6169
austin.robinson2@tak.nz,Austin,Robinson,6170
janice.torres2@tak.nz,Janice,Torres,6171
lawrence.baker2@tak.nz,Lawrence,Baker,6172
beverly.gomez2@tak.nz,Beverly,Gomez,6173
joe.edwards2@tak.nz,Joe,Edwards,6174
diana.cook2@tak.nz,Diana,Cook,6175
wayne.bailey2@tak.nz,Wayne,Bailey,6176
kayla.ward2@tak.nz,Kayla,Ward,6177
russell.bennett2@tak.nz,Russell,Bennett,6178
ava.castillo2@tak.nz,Ava,Castillo,6179
lee.jimenez2@tak.nz,Lee,Jimenez,6180
kylie.coleman2@tak.nz,Kylie,Coleman,6181
james.simmons2@tak.nz,James,Simmons,6182
linda.reynolds2@tak.nz,Linda,Reynolds,6183
joseph.chapman2@tak.nz,Joseph,Chapman,6184
nancy.marshall2@tak.nz,Nancy,Marshall,6185
mark.warren2@tak.nz,Mark,Warren,6186
emily.larsen2@tak.nz,Emily,Larsen,6187
kevin.cameron2@tak.nz,Kevin,Cameron,6188
stephanie.grant2@tak.nz,Stephanie,Grant,6189
jeffrey.chambers2@tak.nz,Jeffrey,Chambers,6190
shirley.nolan2@tak.nz,Shirley,Nolan,6191
stephen.lawson2@tak.nz,Stephen,Lawson,6192
emma.blackwood2@tak.nz,Emma,Blackwood,6193
gregory.sutherland2@tak.nz,Gregory,Sutherland,6194
carolyn.jones2@tak.nz,Carolyn,Jones,6195
jerry.lopez2@tak.nz,Jerry,Lopez,6196
julie.jackson2@tak.nz,Julie,Jackson,6197
zachary.sanchez2@tak.nz,Zachary,Sanchez,6198
joan.allen2@tak.nz,Joan,Allen,6199
jeremy.flores2@tak.nz,Jeremy,Flores,6200
jacqueline.campbell2@tak.nz,Jacqueline,Campbell,6201
gerald.turner2@tak.nz,Gerald,Turner,6202
julia.stewart2@tak.nz,Julia,Stewart,6203
jesse.ortiz2@tak.nz,Jesse,Ortiz,6204
marilyn.howard2@tak.nz,Marilyn,Howard,6205
alan.brooks2@tak.nz,Alan,Brooks,6206
natalie.ruiz2@tak.nz,Natalie,Ruiz,6207
vincent.myers2@tak.nz,Vincent,Myers,6208
doris.perry2@tak.nz,Doris,Perry,6209
philip.barnes2@tak.nz,Philip,Barnes,6210
chloe.patterson2@tak.nz,Chloe,Patterson,6211
craig.moreno2@tak.nz,Craig,Moreno,6212
ellie.ellis2@tak.nz,Ellie,Ellis,6213
robert.harrison2@tak.nz,Robert,Harrison,6214
barbara.simpson2@tak.nz,Barbara,Simpson,6215
charles.pedersen2@tak.nz,Charles,Pedersen,6216
margaret.ferguson2@tak.nz,Margaret,Ferguson,6217
steven.marsh2@tak.nz,Steven,Marsh,6218
michelle.boyd2@tak.nz,Michelle,Boyd,6219
george.palmer2@tak.nz,George,Palmer,6220
sharon.burton2@tak.nz,Sharon,Burton,6221
jacob.radley2@tak.nz,Jacob,Radley,6222
helen.smith2@tak.nz,Helen,Smith,6223
justin.davis2@tak.nz,Justin,Davis,6224
katherine.anderson2@tak.nz,Katherine,Anderson,6225
frank.perez2@tak.nz,Frank,Perez,6226
ruth.lewis2@tak.nz,Ruth,Lewis,6227
aaron.scott2@tak.nz,Aaron,Scott,6228
victoria.nelson2@tak.nz,Victoria,Nelson,6229
peter.roberts2@tak.nz,Peter,Roberts,6230
judith.cruz2@tak.nz,Judith,Cruz,6231
keith.murphy2@tak.nz,Keith,Murphy,6232
gloria.peterson2@tak.nz,Gloria,Peterson,6233
harold.cox2@tak.nz,Harold,Cox,6234
judy.james2@tak.nz,Judy,James,6235
billy.alvarez2@tak.nz,Billy,Alvarez,6236
danielle.foster2@tak.nz,Danielle,Foster,6237
albert.bell2@tak.nz,Albert,Bell,6238
lori.vasquez2@tak.nz,Lori,Vasquez,6239
roy.graham2@tak.nz,Roy,Graham,6240
erin.hayes2@tak.nz,Erin,Hayes,6241
curtis.ford2@tak.nz,Curtis,Ford,6242
bethany.wells2@tak.nz,Bethany,Wells,6243
fred.berg2@tak.nz,Fred,Berg,6244
mary.fraser2@tak.nz,Mary,Fraser,6245
william.douglas2@tak.nz,William,Douglas,6246
jessica.harvey2@tak.nz,Jessica,Harvey,6247
daniel.hunt2@tak.nz,Daniel,Hunt,6248
sandra.franklin2@tak.nz,Sandra,Franklin,6249
andrew.whitfield2@tak.nz,Andrew,Whitfield,6250
amanda.redmond2@tak.nz,Amanda,Redmond,6251
ronald.brown2@tak.nz,Ronald,Brown,6252
cynthia.hernandez2@tak.nz,Cynthia,Hernandez,6253
nicholas.moore2@tak.nz,Nicholas,Moore,6254
brenda.harris2@tak.nz,Brenda,Harris,6255
brandon.young2@tak.nz,Brandon,Young,6256
debra.hill2@tak.nz,Debra,Hill,6257
raymond.rivera2@tak.nz,Raymond,Rivera,6258
heather.evans2@tak.nz,Heather,Evans,6259
adam.reyes2@tak.nz,Adam,Reyes,6260
kelly.gutierrez2@tak.nz,Kelly,Gutierrez,6261
ethan.kelly2@tak.nz,Ethan,Kelly,6262
andrea.watson2@tak.nz,Andrea,Watson,6263
terry.mendoza2@tak.nz,Terry,Mendoza,6264
sara.patel2@tak.nz,Sara,Patel,6265
arthur.jenkins2@tak.nz,Arthur,Jenkins,6266
madison.henderson2@tak.nz,Madison,Henderson,6267
gabriel.jordan2@tak.nz,Gabriel,Jordan,6268
brittany.wallace2@tak.nz,Brittany,Wallace,6269
elijah.bryant2@tak.nz,Elijah,Bryant,6270
tiffany.mcdonald2@tak.nz,Tiffany,McDonald,6271
bobby.webb2@tak.nz,Bobby,Webb,6272
sophia.andersen2@tak.nz,Sophia,Andersen,6273
jimmy.macdonald2@tak.nz,Jimmy,MacDonald,6274
leah.bishop2@tak.nz,Leah,Bishop,6275
chad.holt2@tak.nz,Chad,Holt,6276
jennifer.curtis2@tak.nz,Jennifer,Curtis,6277
richard.manning2@tak.nz,Richard,Manning,6278
karen.kingsley2@tak.nz,Karen,Kingsley,6279
anthony.ashford2@tak.nz,Anthony,Ashford,6280
kimberly.miller2@tak.nz,Kimberly,Miller,6281
kenneth.wilson2@tak.nz,Kenneth,Wilson,6282
deborah.lee2@tak.nz,Deborah,Lee,6283
jason.ramirez2@tak.nz,Jason,Ramirez,6284
amy.wright2@tak.nz,Amy,Wright,6285
jonathan.adams2@tak.nz,Jonathan,Adams,6286
nicole.carter2@tak.nz,Nicole,Carter,6287
samuel.parker2@tak.nz,Samuel,Parker,6288
catherine.morales2@tak.nz,Catherine,Morales,6289
dennis.cooper2@tak.nz,Dennis,Cooper,6290
virginia.kim2@tak.nz,Virginia,Kim,6291
henry.wood2@tak.nz,Henry,Wood,6292
lauren.price2@tak.nz,Lauren,Price,6293
noah.ross2@tak.nz,Noah,Ross,6294
hannah.sullivan2@tak.nz,Hannah,Sullivan,6295
sean.fisher2@tak.nz,Sean,Fisher,6296
marie.hamilton2@tak.nz,Marie,Hamilton,6297
jordan.cole2@tak.nz,Jordan,Cole,6298
denise.murray2@tak.nz,Denise,Murray,6299
logan.kennedy2@tak.nz,Logan,Kennedy,6300
abigail.christensen2@tak.nz,Abigail,Christensen,6301
randy.erikson2@tak.nz,Randy,Erikson,6302
alice.sinclair2@tak.nz,Alice,Sinclair,6303
bradley.barker2@tak.nz,Bradley,Barker,6304
renee.dixon2@tak.nz,Renee,Dixon,6305
todd.gardner2@tak.nz,Todd,Gardner,6306
tara.chapman2@tak.nz,Tara,Chapman,6307
john.delaney2@tak.nz,John,Delaney,6308
elizabeth.williams2@tak.nz,Elizabeth,Williams,6309
thomas.martinez2@tak.nz,Thomas,Martinez,6310
lisa.taylor2@tak.nz,Lisa,Taylor,6311
donald.white2@tak.nz,Donald,White,6312
donna.walker2@tak.nz,Donna,Walker,6313
brian.nguyen2@tak.nz,Brian,Nguyen,6314
rebecca.hall2@tak.nz,Rebecca,Hall,6315
ryan.phillips2@tak.nz,Ryan,Phillips,6316
angela.collins2@tak.nz,Angela,Collins,6317
larry.rogers2@tak.nz,Larry,Rogers,6318
samantha.reed2@tak.nz,Samantha,Reed,6319
alexander.richardson2@tak.nz,Alexander,Richardson,6320
janet.gray2@tak.nz,Janet,Gray,6321
tyler.sanders2@tak.nz,Tyler,Sanders,6322
joyce.powell2@tak.nz,Joyce,Powell,6323
douglas.butler2@tak.nz,Douglas,Butler,6324
evelyn.romero2@tak.nz,Evelyn,Romero,6325
christian.griffin2@tak.nz,Christian,Griffin,6326
martha.gibson2@tak.nz,Martha,Gibson,6327
carl.owens2@tak.nz,Carl,Owens,6328
grace.fernandez2@tak.nz,Grace,Fernandez,6329
bryan.hansen2@tak.nz,Bryan,Hansen,6330
amber.stewart2@tak.nz,Amber,Stewart,6331
juan.henderson2@tak.nz,Juan,Henderson,6332
jane.newton2@tak.nz,Jane,Newton,6333
mason.barrett2@tak.nz,Mason,Barrett,6334
gina.todd2@tak.nz,Gina,Todd,6335
eugene.ashworth2@tak.nz,Eugene,Ashworth,6336
charlotte.blackburn2@tak.nz,Charlotte,Blackburn,6337
alexis.garcia2@tak.nz,Alexis,Garcia,6338
priscilla.gonzalez2@tak.nz,Priscilla,Gonzalez,6339
michael.martin2@tak.nz,Michael,Martin,6340
susan.clark3@tak.nz,Susan,Clark,6341
christopher.king3@tak.nz,Christopher,King,6342
betty.green3@tak.nz,Betty,Green,6343
paul.mitchell3@tak.nz,Paul,Mitchell,6344
carol.diaz3@tak.nz,Carol,Diaz,6345
timothy.morris3@tak.nz,Timothy,Morris,6346
laura.morgan3@tak.nz,Laura,Morgan,6347
gary.ramos3@tak.nz,Gary,Ramos,6348
anna.chavez3@tak.nz,Anna,Chavez,6349
scott.hughes3@tak.nz,Scott,Hughes,6350
christine.long3@tak.nz,Christine,Long,6351
patrick.russell3@tak.nz,Patrick,Russell,6352
maria.gonzales3@tak.nz,Maria,Gonzales,6353
jose.alexander3@tak.nz,Jose,Alexander,6354
olivia.west3@tak.nz,Olivia,West,6355
kyle.stevens3@tak.nz,Kyle,Stevens,6356
megan.ruiz3@tak.nz,Megan,Ruiz,6357
roger.stevenson3@tak.nz,Roger,Stevenson,6358
teresa.olsen3@tak.nz,Teresa,Olsen,6359
dylan.duncan3@tak.nz,Dylan,Duncan,6360
theresa.fletcher3@tak.nz,Theresa,Fletcher,6361
bruce.pearce3@tak.nz,Bruce,Pearce,6362
rose.osborne3@tak.nz,Rose,Osborne,6363
willie.kirk3@tak.nz,Willie,Kirk,6364
alexis.winslow3@tak.nz,Alexis,Winslow,6365
ralph.johnson3@tak.nz,Ralph,Johnson,6366
isabella.rodriguez3@tak.nz,Isabella,Rodriguez,6367
louis.thomas3@tak.nz,Louis,Thomas,6368
jasmine.thompson3@tak.nz,Jasmine,Thompson,6369
marcus.robinson3@tak.nz,Marcus,Robinson,6370
patricia.torres3@tak.nz,Patricia,Torres,6371
david.baker3@tak.nz,David,Baker,6372
sarah.gomez3@tak.nz,Sarah,Gomez,6373
matthew.edwards3@tak.nz,Matthew,Edwards,6374
ashley.cook3@tak.nz,Ashley,Cook,6375
joshua.bailey3@tak.nz,Joshua,Bailey,6376
melissa.ward3@tak.nz,Melissa,Ward,6377
edward.bennett3@tak.nz,Edward,Bennett,6378
kathleen.castillo3@tak.nz,Kathleen,Castillo,6379
eric.jimenez3@tak.nz,Eric,Jimenez,6380
pamela.coleman3@tak.nz,Pamela,Coleman,6381
benjamin.simmons3@tak.nz,Benjamin,Simmons,6382
rachel.reynolds3@tak.nz,Rachel,Reynolds,6383
jack.chapman3@tak.nz,Jack,Chapman,6384
diane.marshall3@tak.nz,Diane,Marshall,6385
nathan.warren3@tak.nz,Nathan,Warren,6386
christina.larsen3@tak.nz,Christina,Larsen,6387
walter.cameron3@tak.nz,Walter,Cameron,6388
cheryl.grant3@tak.nz,Cheryl,Grant,6389
austin.chambers3@tak.nz,Austin,Chambers,6390
janice.nolan3@tak.nz,Janice,Nolan,6391
lawrence.lawson3@tak.nz,Lawrence,Lawson,6392
beverly.blackwood3@tak.nz,Beverly,Blackwood,6393
joe.sutherland3@tak.nz,Joe,Sutherland,6394
diana.jones3@tak.nz,Diana,Jones,6395
wayne.lopez3@tak.nz,Wayne,Lopez,6396
kayla.jackson3@tak.nz,Kayla,Jackson,6397
russell.sanchez3@tak.nz,Russell,Sanchez,6398
ava.allen3@tak.nz,Ava,Allen,6399
lee.flores3@tak.nz,Lee,Flores,6400
kylie.campbell3@tak.nz,Kylie,Campbell,6401
james.turner3@tak.nz,James,Turner,6402
linda.stewart3@tak.nz,Linda,Stewart,6403
joseph.ortiz3@tak.nz,Joseph,Ortiz,6404
nancy.howard3@tak.nz,Nancy,Howard,6405
mark.brooks3@tak.nz,Mark,Brooks,6406
emily.ruiz3@tak.nz,Emily,Ruiz,6407
kevin.myers3@tak.nz,Kevin,Myers,6408
stephanie.perry3@tak.nz,Stephanie,Perry,6409
jeffrey.barnes3@tak.nz,Jeffrey,Barnes,6410
shirley.patterson3@tak.nz,Shirley,Patterson,6411
stephen.moreno3@tak.nz,Stephen,Moreno,6412
emma.ellis3@tak.nz,Emma,Ellis,6413
gregory.harrison3@tak.nz,Gregory,Harrison,6414
carolyn.simpson3@tak.nz,Carolyn,Simpson,6415
jerry.pedersen3@tak.nz,Jerry,Pedersen,6416
julie.ferguson3@tak.nz,Julie,Ferguson,6417
zachary.marsh3@tak.nz,Zachary,Marsh,6418
joan.boyd3@tak.nz,Joan,Boyd,6419
jeremy.palmer3@tak.nz,Jeremy,Palmer,6420
jacqueline.burton3@tak.nz,Jacqueline,Burton,5781
gerald.radley3@tak.nz,Gerald,Radley,5782
julia.smith3@tak.nz,Julia,Smith,5783
jesse.davis3@tak.nz,Jesse,Davis,5784
marilyn.anderson3@tak.nz,Marilyn,Anderson,5785
alan.perez3@tak.nz,Alan,Perez,5786
natalie.lewis3@tak.nz,Natalie,Lewis,5787
vincent.scott3@tak.nz,Vincent,Scott,5788
doris.nelson3@tak.nz,Doris,Nelson,5789
philip.roberts3@tak.nz,Philip,Roberts,5790
chloe.cruz3@tak.nz,Chloe,Cruz,5791
craig.murphy3@tak.nz,Craig,Murphy,5792
ellie.peterson3@tak.nz,Ellie,Peterson,5793
robert.cox3@tak.nz,Robert,Cox,5794
barbara.james3@tak.nz,Barbara,James,5795
charles.alvarez3@tak.nz,Charles,Alvarez,5796
margaret.foster3@tak.nz,Margaret,Foster,5797
steven.bell3@tak.nz,Steven,Bell,5798
michelle.vasquez3@tak.nz,Michelle,Vasquez,5799
george.graham3@tak.nz,George,Graham,5800
sharon.hayes3@tak.nz,Sharon,Hayes,5801
jacob.ford3@tak.nz,Jacob,Ford,5802
helen.wells3@tak.nz,Helen,Wells,5803
justin.berg3@tak.nz,Justin,Berg,5804
katherine.fraser3@tak.nz,Katherine,Fraser,5805
frank.douglas3@tak.nz,Frank,Douglas,5806
ruth.harvey3@tak.nz,Ruth,Harvey,5807
aaron.hunt3@tak.nz,Aaron,Hunt,5808
victoria.franklin3@tak.nz,Victoria,Franklin,5809
peter.whitfield3@tak.nz,Peter,Whitfield,5810
judith.redmond3@tak.nz,Judith,Redmond,5811
keith.brown3@tak.nz,Keith,Brown,5812
gloria.hernandez3@tak.nz,Gloria,Hernandez,5813
harold.moore3@tak.nz,Harold,Moore,5814
judy.harris3@tak.nz,Judy,Harris,5815
billy.young3@tak.nz,Billy,Young,5816
danielle.hill3@tak.nz,Danielle,Hill,5817
albert.rivera3@tak.nz,Albert,Rivera,5818
lori.evans3@tak.nz,Lori,Evans,5819
roy.reyes3@tak.nz,Roy,Reyes,5820
erin.gutierrez3@tak.nz,Erin,Gutierrez,5821
curtis.kelly3@tak.nz,Curtis,Kelly,5822
bethany.watson3@tak.nz,Bethany,Watson,5823
fred.mendoza3@tak.nz,Fred,Mendoza,5824
mary.patel3@tak.nz,Mary,Patel,5825
william.jenkins3@tak.nz,William,Jenkins,5826
jessica.henderson3@tak.nz,Jessica,Henderson,5827
daniel.jordan3@tak.nz,Daniel,Jordan,5828
sandra.wallace3@tak.nz,Sandra,Wallace,5829
andrew.bryant3@tak.nz,Andrew,Bryant,5830
amanda.mcdonald3@tak.nz,Amanda,McDonald,5831
ronald.webb3@tak.nz,Ronald,Webb,5832
cynthia.andersen3@tak.nz,Cynthia,Andersen,5833
nicholas.macdonald3@tak.nz,Nicholas,MacDonald,5834
brenda.bishop3@tak.nz,Brenda,Bishop,5835
brandon.holt3@tak.nz,Brandon,Holt,5836
debra.curtis3@tak.nz,Debra,Curtis,5837
raymond.manning3@tak.nz,Raymond,Manning,5838
heather.kingsley3@tak.nz,Heather,Kingsley,5839
adam.ashford3@tak.nz,Adam,Ashford,5840
kelly.miller3@tak.nz,Kelly,Miller,5841
ethan.wilson3@tak.nz,Ethan,Wilson,5842
andrea.lee3@tak.nz,Andrea,Lee,5843
terry.ramirez3@tak.nz,Terry,Ramirez,5844
sara.wright3@tak.nz,Sara,Wright,5845
arthur.adams3@tak.nz,Arthur,Adams,5846
madison.carter3@tak.nz,Madison,Carter,5847
gabriel.parker3@tak.nz,Gabriel,Parker,5848
brittany.morales3@tak.nz,Brittany,Morales,5849
elijah.cooper3@tak.nz,Elijah,Cooper,5850
tiffany.kim3@tak.nz,Tiffany,Kim,5851
bobby.wood3@tak.nz,Bobby,Wood,5852
sophia.price3@tak.nz,Sophia,Price,5853
jimmy.ross3@tak.nz,Jimmy,Ross,5854
leah.sullivan3@tak.nz,Leah,Sullivan,5855
chad.fisher3@tak.nz,Chad,Fisher,5856
jennifer.hamilton3@tak.nz,Jennifer,Hamilton,5857
richard.cole3@tak.nz,Richard,Cole,5858
karen.murray3@tak.nz,Karen,Murray,5859
anthony.kennedy3@tak.nz,Anthony,Kennedy,5860
kimberly.christensen3@tak.nz,Kimberly,Christensen,5861
kenneth.erikson3@tak.nz,Kenneth,Erikson,5862
deborah.sinclair3@tak.nz,Deborah,Sinclair,5863
jason.barker3@tak.nz,Jason,Barker,5864
amy.dixon3@tak.nz,Amy,Dixon,5865
jonathan.gardner3@tak.nz,Jonathan,Gardner,5866
nicole.chapman3@tak.nz,Nicole,Chapman,5867
samuel.delaney3@tak.nz,Samuel,Delaney,5868
catherine.williams3@tak.nz,Catherine,Williams,5869
dennis.martinez3@tak.nz,Dennis,Martinez,5870
virginia.taylor3@tak.nz,Virginia,Taylor,5871
henry.white3@tak.nz,Henry,White,5872
lauren.walker3@tak.nz,Lauren,Walker,5873
noah.nguyen3@tak.nz,Noah,Nguyen,5874
hannah.hall3@tak.nz,Hannah,Hall,5875
sean.phillips3@tak.nz,Sean,Phillips,5876
marie.collins3@tak.nz,Marie,Collins,5877
jordan.rogers3@tak.nz,Jordan,Rogers,5878
denise.reed3@tak.nz,Denise,Reed,5879
logan.richardson3@tak.nz,Logan,Richardson,5880
abigail.gray3@tak.nz,Abigail,Gray,5881
randy.sanders3@tak.nz,Randy,Sanders,5882
alice.powell3@tak.nz,Alice,Powell,5883
bradley.butler3@tak.nz,Bradley,Butler,5884
renee.romero3@tak.nz,Renee,Romero,5885
todd.griffin3@tak.nz,Todd,Griffin,5886
tara.gibson3@tak.nz,Tara,Gibson,5887
john.owens3@tak.nz,John,Owens,5888
elizabeth.fernandez3@tak.nz,Elizabeth,Fernandez,5889
thomas.hansen3@tak.nz,Thomas,Hansen,5890
lisa.stewart3@tak.nz,Lisa,Stewart,5891
donald.henderson3@tak.nz,Donald,Henderson,5892
donna.newton3@tak.nz,Donna,Newton,5893
brian.barrett3@tak.nz,Brian,Barrett,5894
rebecca.todd3@tak.nz,Rebecca,Todd,5895
ryan.ashworth3@tak.nz,Ryan,Ashworth,5896
angela.blackburn3@tak.nz,Angela,Blackburn,5897
larry.garcia3@tak.nz,Larry,Garcia,5898
samantha.gonzalez3@tak.nz,Samantha,Gonzalez,5899
alexander.martin3@tak.nz,Alexander,Martin,5900
janet.clark3@tak.nz,Janet,Clark,5901
tyler.king3@tak.nz,Tyler,King,5902
joyce.green3@tak.nz,Joyce,Green,5903
douglas.mitchell3@tak.nz,Douglas,Mitchell,5904
evelyn.diaz3@tak.nz,Evelyn,Diaz,5905
christian.morris3@tak.nz,Christian,Morris,5906
martha.morgan3@tak.nz,Martha,Morgan,5907
carl.ramos3@tak.nz,Carl,Ramos,5908
grace.chavez3@tak.nz,Grace,Chavez,5909
bryan.hughes3@tak.nz,Bryan,Hughes,5910
amber.long3@tak.nz,Amber,Long,5911
juan.russell3@tak.nz,Juan,Russell,5912
jane.gonzales3@tak.nz,Jane,Gonzales,5913
mason.alexander3@tak.nz,Mason,Alexander,5914
gina.west3@tak.nz,Gina,West,5915
eugene.stevens3@tak.nz,Eugene,Stevens,5916
charlotte.ruiz3@tak.nz,Charlotte,Ruiz,5917
alexis.stevenson3@tak.nz,Alexis,Stevenson,5918
priscilla.olsen3@tak.nz,Priscilla,Olsen,5919
michael.duncan3@tak.nz,Michael,Duncan,5920
susan.fletcher3@tak.nz,Susan,Fletcher,5921
christopher.pearce3@tak.nz,Christopher,Pearce,5922
betty.osborne3@tak.nz,Betty,Osborne,5923
paul.kirk3@tak.nz,Paul,Kirk,5924
carol.winslow3@tak.nz,Carol,Winslow,5925
timothy.johnson3@tak.nz,Timothy,Johnson,5926
laura.rodriguez3@tak.nz,Laura,Rodriguez,5927
gary.thomas3@tak.nz,Gary,Thomas,5928
anna.thompson3@tak.nz,Anna,Thompson,5929
scott.robinson3@tak.nz,Scott,Robinson,5930
christine.torres3@tak.nz,Christine,Torres,5931
patrick.baker3@tak.nz,Patrick,Baker,5932
maria.gomez3@tak.nz,Maria,Gomez,5933
jose.edwards3@tak.nz,Jose,Edwards,5934
olivia.cook3@tak.nz,Olivia,Cook,5935
kyle.bailey3@tak.nz,Kyle,Bailey,5936
megan.ward3@tak.nz,Megan,Ward,5937
roger.bennett3@tak.nz,Roger,Bennett,5938
teresa.castillo3@tak.nz,Teresa,Castillo,5939
dylan.jimenez3@tak.nz,Dylan,Jimenez,5940
theresa.coleman3@tak.nz,Theresa,Coleman,5941
bruce.simmons3@tak.nz,Bruce,Simmons,5942
rose.reynolds3@tak.nz,Rose,Reynolds,5943
willie.chapman3@tak.nz,Willie,Chapman,5944
alexis.marshall3@tak.nz,Alexis,Marshall,5945
ralph.warren3@tak.nz,Ralph,Warren,5946
isabella.larsen3@tak.nz,Isabella,Larsen,5947
louis.cameron3@tak.nz,Louis,Cameron,5948
jasmine.grant3@tak.nz,Jasmine,Grant,5949
marcus.chambers3@tak.nz,Marcus,Chambers,5950
patricia.nolan3@tak.nz,Patricia,Nolan,5951
david.lawson3@tak.nz,David,Lawson,5952
sarah.blackwood3@tak.nz,Sarah,Blackwood,5953
matthew.sutherland3@tak.nz,Matthew,Sutherland,5954
ashley.jones3@tak.nz,Ashley,Jones,5955
joshua.lopez3@tak.nz,Joshua,Lopez,5956
melissa.jackson3@tak.nz,Melissa,Jackson,5957
edward.sanchez3@tak.nz,Edward,Sanchez,5958
kathleen.allen3@tak.nz,Kathleen,Allen,5959
eric.flores3@tak.nz,Eric,Flores,5960
pamela.campbell3@tak.nz,Pamela,Campbell,5961
benjamin.turner3@tak.nz,Benjamin,Turner,5962
rachel.stewart3@tak.nz,Rachel,Stewart,5963
jack.ortiz3@tak.nz,Jack,Ortiz,5964
diane.howard3@tak.nz,Diane,Howard,5965
nathan.brooks3@tak.nz,Nathan,Brooks,5966
christina.ruiz3@tak.nz,Christina,Ruiz,5967
walter.myers3@tak.nz,Walter,Myers,5968
cheryl.perry3@tak.nz,Cheryl,Perry,5969
austin.barnes3@tak.nz,Austin,Barnes,5970
janice.patterson3@tak.nz,Janice,Patterson,5971
lawrence.moreno3@tak.nz,Lawrence,Moreno,5972
beverly.ellis3@tak.nz,Beverly,Ellis,5973
joe.harrison3@tak.nz,Joe,Harrison,5974
diana.simpson3@tak.nz,Diana,Simpson,5975
wayne.pedersen3@tak.nz,Wayne,Pedersen,5976
kayla.ferguson3@tak.nz,Kayla,Ferguson,5977
russell.marsh3@tak.nz,Russell,Marsh,5978
ava.boyd3@tak.nz,Ava,Boyd,5979
lee.palmer3@tak.nz,Lee,Palmer,5980
kylie.burton3@tak.nz,Kylie,Burton,5981
james.radley3@tak.nz,James,Radley,5982
linda.smith3@tak.nz,Linda,Smith,5983
joseph.davis3@tak.nz,Joseph,Davis,5984
nancy.anderson3@tak.nz,Nancy,Anderson,5985
mark.perez3@tak.nz,Mark,Perez,5986
emily.lewis3@tak.nz,Emily,Lewis,5987
kevin.scott3@tak.nz,Kevin,Scott,5988
stephanie.nelson3@tak.nz,Stephanie,Nelson,5989
jeffrey.roberts3@tak.nz,Jeffrey,Roberts,5990
shirley.cruz3@tak.nz,Shirley,Cruz,5991
stephen.murphy3@tak.nz,Stephen,Murphy,5992
emma.peterson3@tak.nz,Emma,Peterson,5993
gregory.cox3@tak.nz,Gregory,Cox,5994
carolyn.james3@tak.nz,Carolyn,James,5995
jerry.alvarez3@tak.nz,Jerry,Alvarez,5996
julie.foster3@tak.nz,Julie,Foster,5997
zachary.bell3@tak.nz,Zachary,Bell,5998
joan.vasquez3@tak.nz,Joan,Vasquez,5999
jeremy.graham3@tak.nz,Jeremy,Graham,6000
jacqueline.hayes3@tak.nz,Jacqueline,Hayes,6001
gerald.ford3@tak.nz,Gerald,Ford,6002
julia.wells3@tak.nz,Julia,Wells,6003
jesse.berg3@tak.nz,Jesse,Berg,6004
marilyn.fraser3@tak.nz,Marilyn,Fraser,6005
alan.douglas3@tak.nz,Alan,Douglas,6006
natalie.harvey3@tak.nz,Natalie,Harvey,6007
vincent.hunt3@tak.nz,Vincent,Hunt,6008
doris.franklin3@tak.nz,Doris,Franklin,6009
philip.whitfield3@tak.nz,Philip,Whitfield,6010
chloe.redmond3@tak.nz,Chloe,Redmond,6011
craig.brown3@tak.nz,Craig,Brown,6012
ellie.hernandez3@tak.nz,Ellie,Hernandez,6013
robert.moore3@tak.nz,Robert,Moore,6014
barbara.harris3@tak.nz,Barbara,Harris,6015
charles.young3@tak.nz,Charles,Young,6016
margaret.hill3@tak.nz,Margaret,Hill,6017
steven.rivera3@tak.nz,Steven,Rivera,6018
michelle.evans3@tak.nz,Michelle,Evans,6019
george.reyes3@tak.nz,George,Reyes,6020
sharon.gutierrez3@tak.nz,Sharon,Gutierrez,6021
jacob.kelly3@tak.nz,Jacob,Kelly,6022
helen.watson3@tak.nz,Helen,Watson,6023
justin.mendoza3@tak.nz,Justin,Mendoza,6024
katherine.patel3@tak.nz,Katherine,Patel,6025
frank.jenkins3@tak.nz,Frank,Jenkins,6026
ruth.henderson3@tak.nz,Ruth,Henderson,6027
aaron.jordan3@tak.nz,Aaron,Jordan,6028
victoria.wallace3@tak.nz,Victoria,Wallace,6029
peter.bryant3@tak.nz,Peter,Bryant,6030
judith.mcdonald3@tak.nz,Judith,McDonald,6031
keith.webb3@tak.nz,Keith,Webb,6032
gloria.andersen3@tak.nz,Gloria,Andersen,6033
harold.macdonald3@tak.nz,Harold,MacDonald,6034
judy.bishop3@tak.nz,Judy,Bishop,6035
billy.holt3@tak.nz,Billy,Holt,6036
danielle.curtis3@tak.nz,Danielle,Curtis,6037
albert.manning3@tak.nz,Albert,Manning,6038
lori.kingsley3@tak.nz,Lori,Kingsley,6039
roy.ashford3@tak.nz,Roy,Ashford,6040
erin.miller3@tak.nz,Erin,Miller,6041
curtis.wilson3@tak.nz,Curtis,Wilson,6042
bethany.lee3@tak.nz,Bethany,Lee,6043
fred.ramirez3@tak.nz,Fred,Ramirez,6044
mary.wright3@tak.nz,Mary,Wright,6045
william.adams3@tak.nz,William,Adams,6046
jessica.carter3@tak.nz,Jessica,Carter,6047
daniel.parker3@tak.nz,Daniel,Parker,6048
sandra.morales3@tak.nz,Sandra,Morales,6049
andrew.cooper3@tak.nz,Andrew,Cooper,6050
amanda.kim3@tak.nz,Amanda,Kim,6051
ronald.wood3@tak.nz,Ronald,Wood,6052
cynthia.price3@tak.nz,Cynthia,Price,6053
nicholas.ross3@tak.nz,Nicholas,Ross,6054
brenda.sullivan3@tak.nz,Brenda,Sullivan,6055
brandon.fisher3@tak.nz,Brandon,Fisher,6056
debra.hamilton3@tak.nz,Debra,Hamilton,6057
raymond.cole3@tak.nz,Raymond,Cole,6058
heather.murray3@tak.nz,Heather,Murray,6059
adam.kennedy3@tak.nz,Adam,Kennedy,6060
kelly.christensen3@tak.nz,Kelly,Christensen,6061
ethan.erikson3@tak.nz,Ethan,Erikson,6062
andrea.sinclair3@tak.nz,Andrea,Sinclair,6063
terry.barker3@tak.nz,Terry,Barker,6064
sara.dixon3@tak.nz,Sara,Dixon,6065
arthur.gardner3@tak.nz,Arthur,Gardner,6066
madison.chapman3@tak.nz,Madison,Chapman,6067
gabriel.delaney3@tak.nz,Gabriel,Delaney,6068
brittany.williams3@tak.nz,Brittany,Williams,6069
elijah.martinez3@tak.nz,Elijah,Martinez,6070
tiffany.taylor3@tak.nz,Tiffany,Taylor,6071
bobby.white3@tak.nz,Bobby,White,6072
sophia.walker3@tak.nz,Sophia,Walker,6073
jimmy.nguyen3@tak.nz,Jimmy,Nguyen,6074
leah.hall3@tak.nz,Leah,Hall,6075
chad.phillips3@tak.nz,Chad,Phillips,6076
jennifer.collins3@tak.nz,Jennifer,Collins,6077
richard.rogers3@tak.nz,Richard,Rogers,6078
karen.reed3@tak.nz,Karen,Reed,6079
anthony.richardson3@tak.nz,Anthony,Richardson,6080
kimberly.gray3@tak.nz,Kimberly,Gray,6081
kenneth.sanders3@tak.nz,Kenneth,Sanders,6082
deborah.powell3@tak.nz,Deborah,Powell,6083
jason.butler3@tak.nz,Jason,Butler,6084
amy.romero3@tak.nz,Amy,Romero,6085
jonathan.griffin3@tak.nz,Jonathan,Griffin,6086
nicole.gibson3@tak.nz,Nicole,Gibson,6087
samuel.owens3@tak.nz,Samuel,Owens,6088
catherine.fernandez3@tak.nz,Catherine,Fernandez,6089
dennis.hansen3@tak.nz,Dennis,Hansen,6090
virginia.stewart3@tak.nz,Virginia,Stewart,6091
henry.henderson3@tak.nz,Henry,Henderson,6092
lauren.newton3@tak.nz,Lauren,Newton,6093
noah.barrett3@tak.nz,Noah,Barrett,6094
hannah.todd3@tak.nz,Hannah,Todd,6095
sean.ashworth3@tak.nz,Sean,Ashworth,6096
marie.blackburn3@tak.nz,Marie,Blackburn,6097
jordan.garcia3@tak.nz,Jordan,Garcia,6098
denise.gonzalez3@tak.nz,Denise,Gonzalez,6099
logan.martin3@tak.nz,Logan,Martin,6100
abigail.clark3@tak.nz,Abigail,Clark,6101
randy.king3@tak.nz,Randy,King,6102
alice.green3@tak.nz,Alice,Green,6103
bradley.mitchell3@tak.nz,Bradley,Mitchell,6104
renee.diaz3@tak.nz,Renee,Diaz,6105
todd.morris3@tak.nz,Todd,Morris,6106
tara.morgan3@tak.nz,Tara,Morgan,6107
john.ramos3@tak.nz,John,Ramos,6108
elizabeth.chavez3@tak.nz,Elizabeth,Chavez,6109
thomas.hughes3@tak.nz,Thomas,Hughes,6110
lisa.long3@tak.nz,Lisa,Long,6111
donald.russell3@tak.nz,Donald,Russell,6112
donna.gonzales3@tak.nz,Donna,Gonzales,6113
brian.alexander3@tak.nz,Brian,Alexander,6114
rebecca.west3@tak.nz,Rebecca,West,6115
ryan.stevens3@tak.nz,Ryan,Stevens,6116
angela.ruiz3@tak.nz,Angela,Ruiz,6117
larry.stevenson3@tak.nz,Larry,Stevenson,6118
samantha.olsen3@tak.nz,Samantha,Olsen,6119
alexander.duncan3@tak.nz,Alexander,Duncan,6120
janet.fletcher3@tak.nz,Janet,Fletcher,6121
tyler.pearce3@tak.nz,Tyler,Pearce,6122
joyce.osborne3@tak.nz,Joyce,Osborne,6123
douglas.kirk3@tak.nz,Douglas,Kirk,6124
evelyn.winslow3@tak.nz,Evelyn,Winslow,6125
christian.johnson3@tak.nz,Christian,Johnson,6126
martha.rodriguez3@tak.nz,Martha,Rodriguez,6127
carl.thomas3@tak.nz,Carl,Thomas,6128
grace.thompson3@tak.nz,Grace,Thompson,6129
bryan.robinson3@tak.nz,Bryan,Robinson,6130
amber.torres3@tak.nz,Amber,Torres,6131
juan.baker3@tak.nz,Juan,Baker,6132
jane.gomez3@tak.nz,Jane,Gomez,6133
mason.edwards3@tak.nz,Mason,Edwards,6134
gina.cook3@tak.nz,Gina,Cook,6135
eugene.bailey3@tak.nz,Eugene,Bailey,6136
charlotte.ward3@tak.nz,Charlotte,Ward,6137
alexis.bennett3@tak.nz,Alexis,Bennett,6138
priscilla.castillo3@tak.nz,Priscilla,Castillo,6139
michael.jimenez3@tak.nz,Michael,Jimenez,6140
susan.coleman3@tak.nz,Susan,Coleman,6141
christopher.simmons3@tak.nz,Christopher,Simmons,6142
betty.reynolds3@tak.nz,Betty,Reynolds,6143
paul.chapman3@tak.nz,Paul,Chapman,6144
carol.marshall3@tak.nz,Carol,Marshall,6145
timothy.warren3@tak.nz,Timothy,Warren,6146
laura.larsen3@tak.nz,Laura,Larsen,6147
gary.cameron3@tak.nz,Gary,Cameron,6148
anna.grant3@tak.nz,Anna,Grant,6149
scott.chambers3@tak.nz,Scott,Chambers,6150
christine.nolan3@tak.nz,Christine,Nolan,6151
patrick.lawson3@tak.nz,Patrick,Lawson,6152
maria.blackwood3@tak.nz,Maria,Blackwood,6153
jose.sutherland3@tak.nz,Jose,Sutherland,6154
olivia.jones3@tak.nz,Olivia,Jones,6155
kyle.lopez3@tak.nz,Kyle,Lopez,6156
megan.jackson3@tak.nz,Megan,Jackson,6157
roger.sanchez3@tak.nz,Roger,Sanchez,6158
teresa.allen3@tak.nz,Teresa,Allen,6159
dylan.flores3@tak.nz,Dylan,Flores,6160
theresa.campbell3@tak.nz,Theresa,Campbell,6161
bruce.turner3@tak.nz,Bruce,Turner,6162
rose.stewart3@tak.nz,Rose,Stewart,6163
willie.ortiz3@tak.nz,Willie,Ortiz,6164
alexis.howard3@tak.nz,Alexis,Howard,6165
ralph.brooks3@tak.nz,Ralph,Brooks,6166
isabella.ruiz3@tak.nz,Isabella,Ruiz,6167
louis.myers3@tak.nz,Louis,Myers,6168
jasmine.perry3@tak.nz,Jasmine,Perry,6169
marcus.barnes3@tak.nz,Marcus,Barnes,6170
patricia.patterson3@tak.nz,Patricia,Patterson,6171
david.moreno3@tak.nz,David,Moreno,6172
sarah.ellis3@tak.nz,Sarah,Ellis,6173
matthew.harrison3@tak.nz,Matthew,Harrison,6174
ashley.simpson3@tak.nz,Ashley,Simpson,6175
joshua.pedersen3@tak.nz,Joshua,Pedersen,6176
melissa.ferguson3@tak.nz,Melissa,Ferguson,6177
edward.marsh3@tak.nz,Edward,Marsh,6178
kathleen.boyd3@tak.nz,Kathleen,Boyd,6179
eric.palmer3@tak.nz,Eric,Palmer,6180
pamela.burton3@tak.nz,Pamela,Burton,6181
benjamin.radley3@tak.nz,Benjamin,Radley,6182
rachel.smith3@tak.nz,Rachel,Smith,6183
jack.davis3@tak.nz,Jack,Davis,6184
diane.anderson3@tak.nz,Diane,Anderson,6185
nathan.perez3@tak.nz,Nathan,Perez,6186
christina.lewis3@tak.nz,Christina,Lewis,6187
walter.scott3@tak.nz,Walter,Scott,6188
cheryl.nelson3@tak.nz,Cheryl,Nelson,6189
austin.roberts3@tak.nz,Austin,Roberts,6190
janice.cruz3@tak.nz,Janice,Cruz,6191
lawrence.murphy3@tak.nz,Lawrence,Murphy,6192
beverly.peterson3@tak.nz,Beverly,Peterson,6193
joe.cox3@tak.nz,Joe,Cox,6194
diana.james3@tak.nz,Diana,James,6195
wayne.alvarez3@tak.nz,Wayne,Alvarez,6196
kayla.foster3@tak.nz,Kayla,Foster,6197
russell.bell3@tak.nz,Russell,Bell,6198
ava.vasquez3@tak.nz,Ava,Vasquez,6199
lee.graham3@tak.nz,Lee,Graham,6200
kylie.hayes3@tak.nz,Kylie,Hayes,6201
james.ford3@tak.nz,James,Ford,6202
linda.wells3@tak.nz,Linda,Wells,6203
joseph.berg3@tak.nz,Joseph,Berg,6204
nancy.fraser3@tak.nz,Nancy,Fraser,6205
mark.douglas3@tak.nz,Mark,Douglas,6206
emily.harvey3@tak.nz,Emily,Harvey,6207
kevin.hunt3@tak.nz,Kevin,Hunt,6208
stephanie.franklin3@tak.nz,Stephanie,Franklin,6209
jeffrey.whitfield3@tak.nz,Jeffrey,Whitfield,6210
shirley.redmond3@tak.nz,Shirley,Redmond,6211
stephen.brown3@tak.nz,Stephen,Brown,6212
emma.hernandez3@tak.nz,Emma,Hernandez,6213
gregory.moore3@tak.nz,Gregory,Moore,6214
carolyn.harris3@tak.nz,Carolyn,Harris,6215
jerry.young3@tak.nz,Jerry,Young,6216
julie.hill3@tak.nz,Julie,Hill,6217
zachary.rivera3@tak.nz,Zachary,Rivera,6218
joan.evans3@tak.nz,Joan,Evans,6219
jeremy.reyes3@tak.nz,Jeremy,Reyes,6220
jacqueline.gutierrez3@tak.nz,Jacqueline,Gutierrez,6221
gerald.kelly3@tak.nz,Gerald,Kelly,6222
julia.watson3@tak.nz,Julia,Watson,6223
jesse.mendoza3@tak.nz,Jesse,Mendoza,6224
marilyn.patel3@tak.nz,Marilyn,Patel,6225
alan.jenkins3@tak.nz,Alan,Jenkins,6226
natalie.henderson3@tak.nz,Natalie,Henderson,6227
vincent.jordan3@tak.nz,Vincent,Jordan,6228
doris.wallace3@tak.nz,Doris,Wallace,6229
philip.bryant3@tak.nz,Philip,Bryant,6230
chloe.mcdonald3@tak.nz,Chloe,McDonald,6231
craig.webb3@tak.nz,Craig,Webb,6232
ellie.andersen3@tak.nz,Ellie,Andersen,6233
robert.macdonald3@tak.nz,Robert,MacDonald,6234
barbara.bishop3@tak.nz,Barbara,Bishop,6235
charles.holt3@tak.nz,Charles,Holt,6236
margaret.curtis3@tak.nz,Margaret,Curtis,6237
steven.manning3@tak.nz,Steven,Manning,6238
michelle.kingsley3@tak.nz,Michelle,Kingsley,6239
george.ashford3@tak.nz,George,Ashford,6240
sharon.miller3@tak.nz,Sharon,Miller,6241
jacob.wilson3@tak.nz,Jacob,Wilson,6242
helen.lee3@tak.nz,Helen,Lee,6243
justin.ramirez3@tak.nz,Justin,Ramirez,6244
katherine.wright3@tak.nz,Katherine,Wright,6245
frank.adams3@tak.nz,Frank,Adams,6246
ruth.carter3@tak.nz,Ruth,Carter,6247
aaron.parker3@tak.nz,Aaron,Parker,6248
victoria.morales3@tak.nz,Victoria,Morales,6249
peter.cooper3@tak.nz,Peter,Cooper,6250
judith.kim3@tak.nz,Judith,Kim,6251
keith.wood3@tak.nz,Keith,Wood,6252
gloria.price3@tak.nz,Gloria,Price,6253
harold.ross3@tak.nz,Harold,Ross,6254
judy.sullivan3@tak.nz,Judy,Sullivan,6255
billy.fisher3@tak.nz,Billy,Fisher,6256
danielle.hamilton3@tak.nz,Danielle,Hamilton,6257
albert.cole3@tak.nz,Albert,Cole,6258
lori.murray3@tak.nz,Lori,Murray,6259
roy.kennedy3@tak.nz,Roy,Kennedy,6260
erin.christensen3@tak.nz,Erin,Christensen,6261
curtis.erikson3@tak.nz,Curtis,Erikson,6262
bethany.sinclair3@tak.nz,Bethany,Sinclair,6263
fred.barker3@tak.nz,Fred,Barker,6264
mary.dixon3@tak.nz,Mary,Dixon,6265
william.gardner3@tak.nz,William,Gardner,6266
jessica.chapman3@tak.nz,Jessica,Chapman,6267
daniel.delaney3@tak.nz,Daniel,Delaney,6268
sandra.williams3@tak.nz,Sandra,Williams,6269
andrew.martinez3@tak.nz,Andrew,Martinez,6270
amanda.taylor3@tak.nz,Amanda,Taylor,6271
ronald.white3@tak.nz,Ronald,White,6272
cynthia.walker3@tak.nz,Cynthia,Walker,6273
nicholas.nguyen3@tak.nz,Nicholas,Nguyen,6274
brenda.hall3@tak.nz,Brenda,Hall,6275
brandon.phillips3@tak.nz,Brandon,Phillips,6276
debra.collins3@tak.nz,Debra,Collins,6277
raymond.rogers3@tak.nz,Raymond,Rogers,6278
heather.reed3@tak.nz,Heather,Reed,6279
adam.richardson3@tak.nz,Adam,Richardson,6280
kelly.gray3@tak.nz,Kelly,Gray,6281
ethan.sanders3@tak.nz,Ethan,Sanders,6282
andrea.powell3@tak.nz,Andrea,Powell,6283
terry.butler3@tak.nz,Terry,Butler,6284
sara.romero3@tak.nz,Sara,Romero,6285
arthur.griffin3@tak.nz,Arthur,Griffin,6286
madison.gibson3@tak.nz,Madison,Gibson,6287
gabriel.owens3@tak.nz,Gabriel,Owens,6288
brittany.fernandez3@tak.nz,Brittany,Fernandez,6289
elijah.hansen3@tak.nz,Elijah,Hansen,6290
tiffany.stewart3@tak.nz,Tiffany,Stewart,6291
bobby.henderson3@tak.nz,Bobby,Henderson,6292
sophia.newton3@tak.nz,Sophia,Newton,6293
jimmy.barrett3@tak.nz,Jimmy,Barrett,6294
leah.todd3@tak.nz,Leah,Todd,6295
chad.ashworth3@tak.nz,Chad,Ashworth,6296
jennifer.blackburn3@tak.nz,Jennifer,Blackburn,6297
richard.garcia3@tak.nz,Richard,Garcia,6298
karen.gonzalez3@tak.nz,Karen,Gonzalez,6299
anthony.martin3@tak.nz,Anthony,Martin,6300
kimberly.clark3@tak.nz,Kimberly,Clark,6301
kenneth.king3@tak.nz,Kenneth,King,6302
deborah.green3@tak.nz,Deborah,Green,6303
jason.mitchell3@tak.nz,Jason,Mitchell,6304
amy.diaz3@tak.nz,Amy,Diaz,6305
jonathan.morris3@tak.nz,Jonathan,Morris,6306
nicole.morgan3@tak.nz,Nicole,Morgan,6307
samuel.ramos3@tak.nz,Samuel,Ramos,6308
catherine.chavez3@tak.nz,Catherine,Chavez,6309
dennis.hughes3@tak.nz,Dennis,Hughes,6310
virginia.long3@tak.nz,Virginia,Long,6311
henry.russell3@tak.nz,Henry,Russell,6312
lauren.gonzales3@tak.nz,Lauren,Gonzales,6313
noah.alexander3@tak.nz,Noah,Alexander,6314
hannah.west3@tak.nz,Hannah,West,6315
sean.stevens3@tak.nz,Sean,Stevens,6316
marie.ruiz3@tak.nz,Marie,Ruiz,6317
jordan.stevenson3@tak.nz,Jordan,Stevenson,6318
denise.olsen3@tak.nz,Denise,Olsen,6319
logan.duncan3@tak.nz,Logan,Duncan,6320
abigail.fletcher3@tak.nz,Abigail,Fletcher,6321
randy.pearce3@tak.nz,Randy,Pearce,6322
alice.osborne3@tak.nz,Alice,Osborne,6323
bradley.kirk3@tak.nz,Bradley,Kirk,6324
renee.winslow3@tak.nz,Renee,Winslow,6325
todd.johnson3@tak.nz,Todd,Johnson,6326
tara.rodriguez3@tak.nz,Tara,Rodriguez,6327
john.thomas3@tak.nz,John,Thomas,6328
elizabeth.thompson3@tak.nz,Elizabeth,Thompson,6329
thomas.robinson3@tak.nz,Thomas,Robinson,6330
lisa.torres3@tak.nz,Lisa,Torres,6331
donald.baker3@tak.nz,Donald,Baker,6332
donna.gomez3@tak.nz,Donna,Gomez,6333
brian.edwards3@tak.nz,Brian,Edwards,6334
rebecca.cook3@tak.nz,Rebecca,Cook,6335
ryan.bailey3@tak.nz,Ryan,Bailey,6336
angela.ward3@tak.nz,Angela,Ward,6337
larry.bennett3@tak.nz,Larry,Bennett,6338
samantha.castillo3@tak.nz,Samantha,Castillo,6339
alexander.jimenez3@tak.nz,Alexander,Jimenez,6340
janet.coleman3@tak.nz,Janet,Coleman,6341
tyler.simmons3@tak.nz,Tyler,Simmons,6342
joyce.reynolds3@tak.nz,Joyce,Reynolds,6343
douglas.chapman3@tak.nz,Douglas,Chapman,6344
evelyn.marshall3@tak.nz,Evelyn,Marshall,6345
christian.warren3@tak.nz,Christian,Warren,6346
martha.larsen3@tak.nz,Martha,Larsen,6347
carl.cameron3@tak.nz,Carl,Cameron,6348
grace.grant3@tak.nz,Grace,Grant,6349
bryan.chambers3@tak.nz,Bryan,Chambers,6350
amber.nolan3@tak.nz,Amber,Nolan,6351
juan.lawson3@tak.nz,Juan,Lawson,6352
jane.blackwood3@tak.nz,Jane,Blackwood,6353
mason.sutherland3@tak.nz,Mason,Sutherland,6354
gina.jones3@tak.nz,Gina,Jones,6355
eugene.lopez3@tak.nz,Eugene,Lopez,6356
charlotte.jackson3@tak.nz,Charlotte,Jackson,6357
alexis.sanchez3@tak.nz,Alexis,Sanchez,6358
priscilla.allen3@tak.nz,Priscilla,Allen,6359
michael.flores3@tak.nz,Michael,Flores,6360
susan.campbell3@tak.nz,Susan,Campbell,6361
christopher.turner3@tak.nz,Christopher,Turner,6362
betty.stewart3@tak.nz,Betty,Stewart,6363
paul.ortiz3@tak.nz,Paul,Ortiz,6364
carol.howard3@tak.nz,Carol,Howard,6365
timothy.brooks3@tak.nz,Timothy,Brooks,6366
laura.ruiz3@tak.nz,Laura,Ruiz,6367
gary.myers3@tak.nz,Gary,Myers,6368
anna.perry3@tak.nz,Anna,Perry,6369
scott.barnes3@tak.nz,Scott,Barnes,6370
christine.patterson3@tak.nz,Christine,Patterson,6371
patrick.moreno3@tak.nz,Patrick,Moreno,6372
maria.ellis3@tak.nz,Maria,Ellis,6373
jose.harrison3@tak.nz,Jose,Harrison,6374
olivia.simpson3@tak.nz,Olivia,Simpson,6375
kyle.pedersen3@tak.nz,Kyle,Pedersen,6376
megan.ferguson3@tak.nz,Megan,Ferguson,6377
roger.marsh3@tak.nz,Roger,Marsh,6378
teresa.boyd3@tak.nz,Teresa,Boyd,6379
dylan.palmer3@tak.nz,Dylan,Palmer,6380
theresa.burton3@tak.nz,Theresa,Burton,6381
bruce.radley3@tak.nz,Bruce,Radley,6382
rose.smith3@tak.nz,Rose,Smith,6383
willie.davis3@tak.nz,Willie,Davis,6384
alexis.anderson3@tak.nz,Alexis,Anderson,6385
ralph.perez3@tak.nz,Ralph,Perez,6386
isabella.lewis3@tak.nz,Isabella,Lewis,6387
louis.scott3@tak.nz,Louis,Scott,6388
jasmine.nelson3@tak.nz,Jasmine,Nelson,6389
marcus.roberts3@tak.nz,Marcus,Roberts,6390
patricia.cruz3@tak.nz,Patricia,Cruz,6391
david.murphy3@tak.nz,David,Murphy,6392
sarah.peterson3@tak.nz,Sarah,Peterson,6393
matthew.cox3@tak.nz,Matthew,Cox,6394
ashley.james3@tak.nz,Ashley,James,6395
joshua.alvarez3@tak.nz,Joshua,Alvarez,6396
melissa.foster3@tak.nz,Melissa,Foster,6397
edward.bell3@tak.nz,Edward,Bell,6398
kathleen.vasquez3@tak.nz,Kathleen,Vasquez,6399
eric.graham3@tak.nz,Eric,Graham,6400
pamela.hayes3@tak.nz,Pamela,Hayes,6401
benjamin.ford3@tak.nz,Benjamin,Ford,6402
rachel.wells3@tak.nz,Rachel,Wells,6403
jack.berg3@tak.nz,Jack,Berg,6404
diane.fraser3@tak.nz,Diane,Fraser,6405
nathan.douglas3@tak.nz,Nathan,Douglas,6406
christina.harvey3@tak.nz,Christina,Harvey,6407
walter.hunt3@tak.nz,Walter,Hunt,6408
cheryl.franklin3@tak.nz,Cheryl,Franklin,6409
austin.whitfield3@tak.nz,Austin,Whitfield,6410
janice.redmond3@tak.nz,Janice,Redmond,6411
lawrence.brown3@tak.nz,Lawrence,Brown,6412
beverly.hernandez3@tak.nz,Beverly,Hernandez,6413
joe.moore3@tak.nz,Joe,Moore,6414
diana.harris3@tak.nz,Diana,Harris,6415
wayne.young3@tak.nz,Wayne,Young,6416
kayla.hill3@tak.nz,Kayla,Hill,6417
russell.rivera3@tak.nz,Russell,Rivera,6418
ava.evans3@tak.nz,Ava,Evans,6419
lee.reyes3@tak.nz,Lee,Reyes,6420
kylie.gutierrez3@tak.nz,Kylie,Gutierrez,5781
james.kelly3@tak.nz,James,Kelly,5782
linda.watson3@tak.nz,Linda,Watson,5783
joseph.mendoza3@tak.nz,Joseph,Mendoza,5784
nancy.patel3@tak.nz,Nancy,Patel,5785
mark.jenkins3@tak.nz,Mark,Jenkins,5786
emily.henderson3@tak.nz,Emily,Henderson,5787
kevin.jordan3@tak.nz,Kevin,Jordan,5788
stephanie.wallace3@tak.nz,Stephanie,Wallace,5789
jeffrey.bryant3@tak.nz,Jeffrey,Bryant,5790
shirley.mcdonald3@tak.nz,Shirley,McDonald,5791
stephen.webb3@tak.nz,Stephen,Webb,5792
emma.andersen3@tak.nz,Emma,Andersen,5793
gregory.macdonald3@tak.nz,Gregory,MacDonald,5794
carolyn.bishop3@tak.nz,Carolyn,Bishop,5795
jerry.holt3@tak.nz,Jerry,Holt,5796
julie.curtis3@tak.nz,Julie,Curtis,5797
zachary.manning3@tak.nz,Zachary,Manning,5798
joan.kingsley3@tak.nz,Joan,Kingsley,5799
jeremy.ashford3@tak.nz,Jeremy,Ashford,5800
jacqueline.miller3@tak.nz,Jacqueline,Miller,5801
gerald.wilson3@tak.nz,Gerald,Wilson,5802
julia.lee3@tak.nz,Julia,Lee,5803
jesse.ramirez3@tak.nz,Jesse,Ramirez,5804
marilyn.wright3@tak.nz,Marilyn,Wright,5805
alan.adams3@tak.nz,Alan,Adams,5806
natalie.carter3@tak.nz,Natalie,Carter,5807
vincent.parker3@tak.nz,Vincent,Parker,5808
doris.morales3@tak.nz,Doris,Morales,5809
philip.cooper3@tak.nz,Philip,Cooper,5810
chloe.kim3@tak.nz,Chloe,Kim,5811
craig.wood3@tak.nz,Craig,Wood,5812
ellie.price3@tak.nz,Ellie,Price,5813
robert.ross3@tak.nz,Robert,Ross,5814
barbara.sullivan3@tak.nz,Barbara,Sullivan,5815
charles.fisher3@tak.nz,Charles,Fisher,5816
margaret.hamilton3@tak.nz,Margaret,Hamilton,5817
steven.cole3@tak.nz,Steven,Cole,5818
michelle.murray3@tak.nz,Michelle,Murray,5819
george.kennedy3@tak.nz,George,Kennedy,5820
sharon.christensen3@tak.nz,Sharon,Christensen,5821
jacob.erikson3@tak.nz,Jacob,Erikson,5822
helen.sinclair3@tak.nz,Helen,Sinclair,5823
justin.barker3@tak.nz,Justin,Barker,5824
katherine.dixon3@tak.nz,Katherine,Dixon,5825
frank.gardner3@tak.nz,Frank,Gardner,5826
ruth.chapman3@tak.nz,Ruth,Chapman,5827
aaron.delaney3@tak.nz,Aaron,Delaney,5828
victoria.williams3@tak.nz,Victoria,Williams,5829
peter.martinez3@tak.nz,Peter,Martinez,5830
judith.taylor3@tak.nz,Judith,Taylor,5831
keith.white3@tak.nz,Keith,White,5832
gloria.walker3@tak.nz,Gloria,Walker,5833
harold.nguyen3@tak.nz,Harold,Nguyen,5834
judy.hall3@tak.nz,Judy,Hall,5835
billy.phillips3@tak.nz,Billy,Phillips,5836
danielle.collins3@tak.nz,Danielle,Collins,5837
albert.rogers3@tak.nz,Albert,Rogers,5838
lori.reed3@tak.nz,Lori,Reed,5839
roy.richardson3@tak.nz,Roy,Richardson,5840
erin.gray3@tak.nz,Erin,Gray,5841
curtis.sanders3@tak.nz,Curtis,Sanders,5842
bethany.powell3@tak.nz,Bethany,Powell,5843
fred.butler3@tak.nz,Fred,Butler,5844
mary.romero3@tak.nz,Mary,Romero,5845
william.griffin3@tak.nz,William,Griffin,5846
jessica.gibson3@tak.nz,Jessica,Gibson,5847
daniel.owens3@tak.nz,Daniel,Owens,5848
sandra.fernandez3@tak.nz,Sandra,Fernandez,5849
andrew.hansen3@tak.nz,Andrew,Hansen,5850
amanda.stewart3@tak.nz,Amanda,Stewart,5851
ronald.henderson3@tak.nz,Ronald,Henderson,5852
cynthia.newton3@tak.nz,Cynthia,Newton,5853
nicholas.barrett3@tak.nz,Nicholas,Barrett,5854
brenda.todd3@tak.nz,Brenda,Todd,5855
brandon.ashworth3@tak.nz,Brandon,Ashworth,5856
debra.blackburn3@tak.nz,Debra,Blackburn,5857
raymond.garcia3@tak.nz,Raymond,Garcia,5858
heather.gonzalez3@tak.nz,Heather,Gonzalez,5859
adam.martin3@tak.nz,Adam,Martin,5860
kelly.clark3@tak.nz,Kelly,Clark,5861
ethan.king3@tak.nz,Ethan,King,5862
andrea.green3@tak.nz,Andrea,Green,5863
terry.mitchell3@tak.nz,Terry,Mitchell,5864
sara.diaz3@tak.nz,Sara,Diaz,5865
arthur.morris3@tak.nz,Arthur,Morris,5866
madison.morgan3@tak.nz,Madison,Morgan,5867
gabriel.ramos3@tak.nz,Gabriel,Ramos,5868
brittany.chavez3@tak.nz,Brittany,Chavez,5869
elijah.hughes3@tak.nz,Elijah,Hughes,5870
tiffany.long3@tak.nz,Tiffany,Long,5871
bobby.russell3@tak.nz,Bobby,Russell,5872
sophia.gonzales3@tak.nz,Sophia,Gonzales,5873
jimmy.alexander3@tak.nz,Jimmy,Alexander,5874
leah.west3@tak.nz,Leah,West,5875
chad.stevens3@tak.nz,Chad,Stevens,5876
jennifer.ruiz3@tak.nz,Jennifer,Ruiz,5877
richard.stevenson3@tak.nz,Richard,Stevenson,5878
karen.olsen3@tak.nz,Karen,Olsen,5879
anthony.duncan3@tak.nz,Anthony,Duncan,5880
kimberly.fletcher3@tak.nz,Kimberly,Fletcher,5881
kenneth.pearce3@tak.nz,Kenneth,Pearce,5882
deborah.osborne3@tak.nz,Deborah,Osborne,5883
jason.kirk3@tak.nz,Jason,Kirk,5884
amy.winslow3@tak.nz,Amy,Winslow,5885
jonathan.johnson3@tak.nz,Jonathan,Johnson,5886
nicole.rodriguez3@tak.nz,Nicole,Rodriguez,5887
samuel.thomas3@tak.nz,Samuel,Thomas,5888
catherine.thompson3@tak.nz,Catherine,Thompson,5889
dennis.robinson3@tak.nz,Dennis,Robinson,5890
virginia.torres3@tak.nz,Virginia,Torres,5891
henry.baker3@tak.nz,Henry,Baker,5892
lauren.gomez3@tak.nz,Lauren,Gomez,5893
noah.edwards3@tak.nz,Noah,Edwards,5894
hannah.cook3@tak.nz,Hannah,Cook,5895
sean.bailey3@tak.nz,Sean,Bailey,5896
marie.ward3@tak.nz,Marie,Ward,5897
jordan.bennett3@tak.nz,Jordan,Bennett,5898
denise.castillo3@tak.nz,Denise,Castillo,5899
logan.jimenez3@tak.nz,Logan,Jimenez,5900
abigail.coleman3@tak.nz,Abigail,Coleman,5901
randy.simmons3@tak.nz,Randy,Simmons,5902
alice.reynolds3@tak.nz,Alice,Reynolds,5903
bradley.chapman3@tak.nz,Bradley,Chapman,5904
renee.marshall3@tak.nz,Renee,Marshall,5905
todd.warren3@tak.nz,Todd,Warren,5906
tara.larsen3@tak.nz,Tara,Larsen,5907
john.cameron3@tak.nz,John,Cameron,5908
elizabeth.grant3@tak.nz,Elizabeth,Grant,5909
thomas.chambers3@tak.nz,Thomas,Chambers,5910
lisa.nolan3@tak.nz,Lisa,Nolan,5911
donald.lawson3@tak.nz,Donald,Lawson,5912
donna.blackwood3@tak.nz,Donna,Blackwood,5913
brian.sutherland3@tak.nz,Brian,Sutherland,5914
rebecca.jones3@tak.nz,Rebecca,Jones,5915
ryan.lopez3@tak.nz,Ryan,Lopez,5916
angela.jackson3@tak.nz,Angela,Jackson,5917
larry.sanchez3@tak.nz,Larry,Sanchez,5918
samantha.allen3@tak.nz,Samantha,Allen,5919
alexander.flores3@tak.nz,Alexander,Flores,5920
janet.campbell3@tak.nz,Janet,Campbell,5921
tyler.turner3@tak.nz,Tyler,Turner,5922
joyce.stewart3@tak.nz,Joyce,Stewart,5923
douglas.ortiz3@tak.nz,Douglas,Ortiz,5924
evelyn.howard3@tak.nz,Evelyn,Howard,5925
christian.brooks3@tak.nz,Christian,Brooks,5926
martha.ruiz3@tak.nz,Martha,Ruiz,5927
carl.myers3@tak.nz,Carl,Myers,5928
grace.perry3@tak.nz,Grace,Perry,5929
bryan.barnes3@tak.nz,Bryan,Barnes,5930
amber.patterson3@tak.nz,Amber,Patterson,5931
juan.moreno3@tak.nz,Juan,Moreno,5932
jane.ellis3@tak.nz,Jane,Ellis,5933
mason.harrison3@tak.nz,Mason,Harrison,5934
gina.simpson3@tak.nz,Gina,Simpson,5935
eugene.pedersen3@tak.nz,Eugene,Pedersen,5936
charlotte.ferguson3@tak.nz,Charlotte,Ferguson,5937
alexis.marsh3@tak.nz,Alexis,Marsh,5938
priscilla.boyd3@tak.nz,Priscilla,Boyd,5939
michael.palmer3@tak.nz,Michael,Palmer,5940
susan.burton3@tak.nz,Susan,Burton,5941
christopher.radley3@tak.nz,Christopher,Radley,5942
betty.smith3@tak.nz,Betty,Smith,5943
paul.davis3@tak.nz,Paul,Davis,5944
carol.anderson3@tak.nz,Carol,Anderson,5945
timothy.perez3@tak.nz,Timothy,Perez,5946
laura.lewis3@tak.nz,Laura,Lewis,5947
gary.scott3@tak.nz,Gary,Scott,5948
anna.nelson3@tak.nz,Anna,Nelson,5949
scott.roberts3@tak.nz,Scott,Roberts,5950
christine.cruz3@tak.nz,Christine,Cruz,5951
patrick.murphy3@tak.nz,Patrick,Murphy,5952
maria.peterson3@tak.nz,Maria,Peterson,5953
jose.cox3@tak.nz,Jose,Cox,5954
olivia.james3@tak.nz,Olivia,James,5955
kyle.alvarez3@tak.nz,Kyle,Alvarez,5956
megan.foster3@tak.nz,Megan,Foster,5957
roger.bell3@tak.nz,Roger,Bell,5958
teresa.vasquez3@tak.nz,Teresa,Vasquez,5959
dylan.graham3@tak.nz,Dylan,Graham,5960
theresa.hayes3@tak.nz,Theresa,Hayes,5961
bruce.ford3@tak.nz,Bruce,Ford,5962
rose.wells3@tak.nz,Rose,Wells,5963
willie.berg3@tak.nz,Willie,Berg,5964
alexis.fraser3@tak.nz,Alexis,Fraser,5965
ralph.douglas3@tak.nz,Ralph,Douglas,5966
isabella.harvey3@tak.nz,Isabella,Harvey,5967
louis.hunt3@tak.nz,Louis,Hunt,5968
jasmine.franklin3@tak.nz,Jasmine,Franklin,5969
marcus.whitfield3@tak.nz,Marcus,Whitfield,5970
patricia.redmond3@tak.nz,Patricia,Redmond,5971
david.brown3@tak.nz,David,Brown,5972
sarah.hernandez3@tak.nz,Sarah,Hernandez,5973
matthew.moore3@tak.nz,Matthew,Moore,5974
ashley.harris3@tak.nz,Ashley,Harris,5975
joshua.young3@tak.nz,Joshua,Young,5976
melissa.hill3@tak.nz,Melissa,Hill,5977
edward.rivera3@tak.nz,Edward,Rivera,5978
kathleen.evans3@tak.nz,Kathleen,Evans,5979
eric.reyes3@tak.nz,Eric,Reyes,5980
pamela.gutierrez3@tak.nz,Pamela,Gutierrez,5981
benjamin.kelly3@tak.nz,Benjamin,Kelly,5982
rachel.watson3@tak.nz,Rachel,Watson,5983
jack.mendoza3@tak.nz,Jack,Mendoza,5984
diane.patel3@tak.nz,Diane,Patel,5985
nathan.jenkins3@tak.nz,Nathan,Jenkins,5986
christina.henderson3@tak.nz,Christina,Henderson,5987
walter.jordan3@tak.nz,Walter,Jordan,5988
cheryl.wallace3@tak.nz,Cheryl,Wallace,5989
austin.bryant3@tak.nz,Austin,Bryant,5990
janice.mcdonald3@tak.nz,Janice,McDonald,5991
lawrence.webb3@tak.nz,Lawrence,Webb,5992
beverly.andersen3@tak.nz,Beverly,Andersen,5993
joe.macdonald3@tak.nz,Joe,MacDonald,5994
diana.bishop3@tak.nz,Diana,Bishop,5995
wayne.holt3@tak.nz,Wayne,Holt,5996
kayla.curtis3@tak.nz,Kayla,Curtis,5997
russell.manning3@tak.nz,Russell,Manning,5998
ava.kingsley3@tak.nz,Ava,Kingsley,5999
lee.ashford3@tak.nz,Lee,Ashford,6000
kylie.miller3@tak.nz,Kylie,Miller,6001
james.wilson3@tak.nz,James,Wilson,6002
linda.lee3@tak.nz,Linda,Lee,6003
joseph.ramirez3@tak.nz,Joseph,Ramirez,6004
nancy.wright3@tak.nz,Nancy,Wright,6005
mark.adams3@tak.nz,Mark,Adams,6006
emily.carter3@tak.nz,Emily,Carter,6007
kevin.parker3@tak.nz,Kevin,Parker,6008
stephanie.morales3@tak.nz,Stephanie,Morales,6009
jeffrey.cooper3@tak.nz,Jeffrey,Cooper,6010
shirley.kim3@tak.nz,Shirley,Kim,6011
stephen.wood3@tak.nz,Stephen,Wood,6012
emma.price3@tak.nz,Emma,Price,6013
gregory.ross3@tak.nz,Gregory,Ross,6014
carolyn.sullivan3@tak.nz,Carolyn,Sullivan,6015
jerry.fisher3@tak.nz,Jerry,Fisher,6016
julie.hamilton3@tak.nz,Julie,Hamilton,6017
zachary.cole3@tak.nz,Zachary,Cole,6018
joan.murray3@tak.nz,Joan,Murray,6019
jeremy.kennedy3@tak.nz,Jeremy,Kennedy,6020
jacqueline.christensen3@tak.nz,Jacqueline,Christensen,6021
gerald.erikson3@tak.nz,Gerald,Erikson,6022
julia.sinclair3@tak.nz,Julia,Sinclair,6023
jesse.barker3@tak.nz,Jesse,Barker,6024
marilyn.dixon3@tak.nz,Marilyn,Dixon,6025
alan.gardner3@tak.nz,Alan,Gardner,6026
natalie.chapman3@tak.nz,Natalie,Chapman,6027
vincent.delaney3@tak.nz,Vincent,Delaney,6028
doris.williams3@tak.nz,Doris,Williams,6029
philip.martinez3@tak.nz,Philip,Martinez,6030
chloe.taylor3@tak.nz,Chloe,Taylor,6031
craig.white3@tak.nz,Craig,White,6032
ellie.walker3@tak.nz,Ellie,Walker,6033
robert.nguyen3@tak.nz,Robert,Nguyen,6034
barbara.hall3@tak.nz,Barbara,Hall,6035
charles.phillips3@tak.nz,Charles,Phillips,6036
margaret.collins3@tak.nz,Margaret,Collins,6037
steven.rogers3@tak.nz,Steven,Rogers,6038
michelle.reed3@tak.nz,Michelle,Reed,6039
george.richardson3@tak.nz,George,Richardson,6040
sharon.gray3@tak.nz,Sharon,Gray,6041
jacob.sanders3@tak.nz,Jacob,Sanders,6042
helen.powell3@tak.nz,Helen,Powell,6043
justin.butler3@tak.nz,Justin,Butler,6044
katherine.romero3@tak.nz,Katherine,Romero,6045
frank.griffin3@tak.nz,Frank,Griffin,6046
ruth.gibson3@tak.nz,Ruth,Gibson,6047
aaron.owens3@tak.nz,Aaron,Owens,6048
victoria.fernandez3@tak.nz,Victoria,Fernandez,6049
peter.hansen3@tak.nz,Peter,Hansen,6050
judith.stewart3@tak.nz,Judith,Stewart,6051
keith.henderson3@tak.nz,Keith,Henderson,6052
gloria.newton3@tak.nz,Gloria,Newton,6053
harold.barrett3@tak.nz,Harold,Barrett,6054
judy.todd3@tak.nz,Judy,Todd,6055
billy.ashworth3@tak.nz,Billy,Ashworth,6056
danielle.blackburn3@tak.nz,Danielle,Blackburn,6057
albert.garcia3@tak.nz,Albert,Garcia,6058
lori.gonzalez3@tak.nz,Lori,Gonzalez,6059
roy.martin3@tak.nz,Roy,Martin,6060
erin.clark3@tak.nz,Erin,Clark,6061
curtis.king3@tak.nz,Curtis,King,6062
bethany.green3@tak.nz,Bethany,Green,6063
fred.mitchell3@tak.nz,Fred,Mitchell,6064
mary.diaz3@tak.nz,Mary,Diaz,6065
william.morris3@tak.nz,William,Morris,6066
jessica.morgan3@tak.nz,Jessica,Morgan,6067
daniel.ramos3@tak.nz,Daniel,Ramos,6068
sandra.chavez3@tak.nz,Sandra,Chavez,6069
andrew.hughes3@tak.nz,Andrew,Hughes,6070
amanda.long3@tak.nz,Amanda,Long,6071
ronald.russell3@tak.nz,Ronald,Russell,6072
cynthia.gonzales3@tak.nz,Cynthia,Gonzales,6073
nicholas.alexander3@tak.nz,Nicholas,Alexander,6074
brenda.west3@tak.nz,Brenda,West,6075
brandon.stevens3@tak.nz,Brandon,Stevens,6076
debra.ruiz3@tak.nz,Debra,Ruiz,6077
raymond.stevenson3@tak.nz,Raymond,Stevenson,6078
heather.olsen3@tak.nz,Heather,Olsen,6079
adam.duncan3@tak.nz,Adam,Duncan,6080
kelly.fletcher3@tak.nz,Kelly,Fletcher,6081
ethan.pearce3@tak.nz,Ethan,Pearce,6082
andrea.osborne3@tak.nz,Andrea,Osborne,6083
terry.kirk3@tak.nz,Terry,Kirk,6084
sara.winslow3@tak.nz,Sara,Winslow,6085
arthur.johnson3@tak.nz,Arthur,Johnson,6086
madison.rodriguez3@tak.nz,Madison,Rodriguez,6087
gabriel.thomas3@tak.nz,Gabriel,Thomas,6088
brittany.thompson3@tak.nz,Brittany,Thompson,6089
elijah.robinson3@tak.nz,Elijah,Robinson,6090
tiffany.torres3@tak.nz,Tiffany,Torres,6091
bobby.baker3@tak.nz,Bobby,Baker,6092
sophia.gomez3@tak.nz,Sophia,Gomez,6093
jimmy.edwards3@tak.nz,Jimmy,Edwards,6094
leah.cook3@tak.nz,Leah,Cook,6095
chad.bailey3@tak.nz,Chad,Bailey,6096
jennifer.ward3@tak.nz,Jennifer,Ward,6097
richard.bennett3@tak.nz,Richard,Bennett,6098
karen.castillo3@tak.nz,Karen,Castillo,6099
anthony.jimenez3@tak.nz,Anthony,Jimenez,6100
kimberly.coleman3@tak.nz,Kimberly,Coleman,6101
kenneth.simmons3@tak.nz,Kenneth,Simmons,6102
deborah.reynolds3@tak.nz,Deborah,Reynolds,6103
jason.chapman3@tak.nz,Jason,Chapman,6104
amy.marshall3@tak.nz,Amy,Marshall,6105
jonathan.warren3@tak.nz,Jonathan,Warren,6106
nicole.larsen3@tak.nz,Nicole,Larsen,6107
samuel.cameron3@tak.nz,Samuel,Cameron,6108
catherine.grant3@tak.nz,Catherine,Grant,6109
dennis.chambers3@tak.nz,Dennis,Chambers,6110
virginia.nolan3@tak.nz,Virginia,Nolan,6111
henry.lawson3@tak.nz,Henry,Lawson,6112
lauren.blackwood3@tak.nz,Lauren,Blackwood,6113
noah.sutherland3@tak.nz,Noah,Sutherland,6114
hannah.jones3@tak.nz,Hannah,Jones,6115
sean.lopez3@tak.nz,Sean,Lopez,6116
marie.jackson3@tak.nz,Marie,Jackson,6117
jordan.sanchez3@tak.nz,Jordan,Sanchez,6118
denise.allen3@tak.nz,Denise,Allen,6119
logan.flores3@tak.nz,Logan,Flores,6120
abigail.campbell3@tak.nz,Abigail,Campbell,6121
randy.turner3@tak.nz,Randy,Turner,6122
alice.stewart3@tak.nz,Alice,Stewart,6123
bradley.ortiz3@tak.nz,Bradley,Ortiz,6124
renee.howard3@tak.nz,Renee,Howard,6125
todd.brooks3@tak.nz,Todd,Brooks,6126
tara.ruiz3@tak.nz,Tara,Ruiz,6127
john.myers3@tak.nz,John,Myers,6128
elizabeth.perry3@tak.nz,Elizabeth,Perry,6129
thomas.barnes3@tak.nz,Thomas,Barnes,6130
lisa.patterson3@tak.nz,Lisa,Patterson,6131
donald.moreno3@tak.nz,Donald,Moreno,6132
donna.ellis3@tak.nz,Donna,Ellis,6133
brian.harrison3@tak.nz,Brian,Harrison,6134
rebecca.simpson3@tak.nz,Rebecca,Simpson,6135
ryan.pedersen3@tak.nz,Ryan,Pedersen,6136
angela.ferguson3@tak.nz,Angela,Ferguson,6137
larry.marsh3@tak.nz,Larry,Marsh,6138
samantha.boyd3@tak.nz,Samantha,Boyd,6139
alexander.palmer3@tak.nz,Alexander,Palmer,6140
janet.burton3@tak.nz,Janet,Burton,6141
tyler.radley3@tak.nz,Tyler,Radley,6142
joyce.smith3@tak.nz,Joyce,Smith,6143
douglas.davis3@tak.nz,Douglas,Davis,6144
evelyn.anderson3@tak.nz,Evelyn,Anderson,6145
christian.perez3@tak.nz,Christian,Perez,6146
martha.lewis3@tak.nz,Martha,Lewis,6147
carl.scott3@tak.nz,Carl,Scott,6148
grace.nelson3@tak.nz,Grace,Nelson,6149
bryan.roberts3@tak.nz,Bryan,Roberts,6150
amber.cruz3@tak.nz,Amber,Cruz,6151
juan.murphy3@tak.nz,Juan,Murphy,6152
jane.peterson3@tak.nz,Jane,Peterson,6153
mason.cox3@tak.nz,Mason,Cox,6154
gina.james3@tak.nz,Gina,James,6155
eugene.alvarez3@tak.nz,Eugene,Alvarez,6156
charlotte.foster3@tak.nz,Charlotte,Foster,6157
alexis.bell3@tak.nz,Alexis,Bell,6158
priscilla.vasquez3@tak.nz,Priscilla,Vasquez,6159
michael.graham3@tak.nz,Michael,Graham,6160
susan.hayes3@tak.nz,Susan,Hayes,6161
christopher.ford3@tak.nz,Christopher,Ford,6162
betty.wells3@tak.nz,Betty,Wells,6163
paul.berg3@tak.nz,Paul,Berg,6164
carol.fraser3@tak.nz,Carol,Fraser,6165
timothy.douglas3@tak.nz,Timothy,Douglas,6166
laura.harvey3@tak.nz,Laura,Harvey,6167
gary.hunt3@tak.nz,Gary,Hunt,6168
anna.franklin3@tak.nz,Anna,Franklin,6169
scott.whitfield3@tak.nz,Scott,Whitfield,6170
christine.redmond3@tak.nz,Christine,Redmond,6171
patrick.brown3@tak.nz,Patrick,Brown,6172
maria.hernandez3@tak.nz,Maria,Hernandez,6173
jose.moore3@tak.nz,Jose,Moore,6174
olivia.harris3@tak.nz,Olivia,Harris,6175
kyle.young3@tak.nz,Kyle,Young,6176
megan.hill3@tak.nz,Megan,Hill,6177
roger.rivera3@tak.nz,Roger,Rivera,6178
teresa.evans3@tak.nz,Teresa,Evans,6179
dylan.reyes3@tak.nz,Dylan,Reyes,6180
theresa.gutierrez3@tak.nz,Theresa,Gutierrez,6181
bruce.kelly3@tak.nz,Bruce,Kelly,6182
rose.watson3@tak.nz,Rose,Watson,6183
willie.mendoza3@tak.nz,Willie,Mendoza,6184
alexis.patel3@tak.nz,Alexis,Patel,6185
ralph.jenkins3@tak.nz,Ralph,Jenkins,6186
isabella.henderson3@tak.nz,Isabella,Henderson,6187
louis.jordan3@tak.nz,Louis,Jordan,6188
jasmine.wallace3@tak.nz,Jasmine,Wallace,6189
marcus.bryant3@tak.nz,Marcus,Bryant,6190
patricia.mcdonald3@tak.nz,Patricia,McDonald,6191
david.webb3@tak.nz,David,Webb,6192
sarah.andersen3@tak.nz,Sarah,Andersen,6193
matthew.macdonald3@tak.nz,Matthew,MacDonald,6194
ashley.bishop3@tak.nz,Ashley,Bishop,6195
joshua.holt3@tak.nz,Joshua,Holt,6196
melissa.curtis3@tak.nz,Melissa,Curtis,6197
edward.manning3@tak.nz,Edward,Manning,6198
kathleen.kingsley3@tak.nz,Kathleen,Kingsley,6199
eric.ashford3@tak.nz,Eric,Ashford,6200
pamela.miller3@tak.nz,Pamela,Miller,6201
benjamin.wilson3@tak.nz,Benjamin,Wilson,6202
rachel.lee3@tak.nz,Rachel,Lee,6203
jack.ramirez3@tak.nz,Jack,Ramirez,6204
diane.wright3@tak.nz,Diane,Wright,6205
nathan.adams3@tak.nz,Nathan,Adams,6206
christina.carter3@tak.nz,Christina,Carter,6207
walter.parker3@tak.nz,Walter,Parker,6208
cheryl.morales3@tak.nz,Cheryl,Morales,6209
austin.cooper3@tak.nz,Austin,Cooper,6210
janice.kim3@tak.nz,Janice,Kim,6211
lawrence.wood3@tak.nz,Lawrence,Wood,6212
beverly.price3@tak.nz,Beverly,Price,6213
joe.ross3@tak.nz,Joe,Ross,6214
diana.sullivan3@tak.nz,Diana,Sullivan,6215
wayne.fisher3@tak.nz,Wayne,Fisher,6216
kayla.hamilton3@tak.nz,Kayla,Hamilton,6217
russell.cole3@tak.nz,Russell,Cole,6218
ava.murray3@tak.nz,Ava,Murray,6219
lee.kennedy3@tak.nz,Lee,Kennedy,6220
kylie.christensen3@tak.nz,Kylie,Christensen,6221
james.erikson3@tak.nz,James,Erikson,6222
linda.sinclair3@tak.nz,Linda,Sinclair,6223
joseph.barker3@tak.nz,Joseph,Barker,6224
nancy.dixon3@tak.nz,Nancy,Dixon,6225
mark.gardner3@tak.nz,Mark,Gardner,6226
emily.chapman3@tak.nz,Emily,Chapman,6227
kevin.delaney3@tak.nz,Kevin,Delaney,6228
stephanie.williams3@tak.nz,Stephanie,Williams,6229
jeffrey.martinez3@tak.nz,Jeffrey,Martinez,6230
shirley.taylor3@tak.nz,Shirley,Taylor,6231
stephen.white3@tak.nz,Stephen,White,6232
emma.walker3@tak.nz,Emma,Walker,6233
gregory.nguyen3@tak.nz,Gregory,Nguyen,6234
carolyn.hall3@tak.nz,Carolyn,Hall,6235
jerry.phillips3@tak.nz,Jerry,Phillips,6236
julie.collins3@tak.nz,Julie,Collins,6237
zachary.rogers3@tak.nz,Zachary,Rogers,6238
joan.reed3@tak.nz,Joan,Reed,6239
jeremy.richardson3@tak.nz,Jeremy,Richardson,6240
jacqueline.gray3@tak.nz,Jacqueline,Gray,6241
gerald.sanders3@tak.nz,Gerald,Sanders,6242
julia.powell3@tak.nz,Julia,Powell,6243
jesse.butler3@tak.nz,Jesse,Butler,6244
marilyn.romero3@tak.nz,Marilyn,Romero,6245
alan.griffin3@tak.nz,Alan,Griffin,6246
natalie.gibson3@tak.nz,Natalie,Gibson,6247
vincent.owens3@tak.nz,Vincent,Owens,6248
doris.fernandez3@tak.nz,Doris,Fernandez,6249
philip.hansen3@tak.nz,Philip,Hansen,6250
chloe.stewart3@tak.nz,Chloe,Stewart,6251
craig.henderson3@tak.nz,Craig,Henderson,6252
ellie.newton3@tak.nz,Ellie,Newton,6253
robert.barrett3@tak.nz,Robert,Barrett,6254
barbara.todd3@tak.nz,Barbara,Todd,6255
charles.ashworth3@tak.nz,Charles,Ashworth,6256
margaret.blackburn3@tak.nz,Margaret,Blackburn,6257
steven.garcia3@tak.nz,Steven,Garcia,6258
michelle.gonzalez3@tak.nz,Michelle,Gonzalez,6259
george.martin3@tak.nz,George,Martin,6260
sharon.clark3@tak.nz,Sharon,Clark,6261
jacob.king3@tak.nz,Jacob,King,6262
helen.green3@tak.nz,Helen,Green,6263
justin.mitchell3@tak.nz,Justin,Mitchell,6264
katherine.diaz3@tak.nz,Katherine,Diaz,6265
frank.morris3@tak.nz,Frank,Morris,6266
ruth.morgan3@tak.nz,Ruth,Morgan,6267
aaron.ramos3@tak.nz,Aaron,Ramos,6268
victoria.chavez3@tak.nz,Victoria,Chavez,6269
peter.hughes3@tak.nz,Peter,Hughes,6270
judith.long3@tak.nz,Judith,Long,6271
keith.russell3@tak.nz,Keith,Russell,6272
gloria.gonzales3@tak.nz,Gloria,Gonzales,6273
harold.alexander3@tak.nz,Harold,Alexander,6274
judy.west3@tak.nz,Judy,West,6275
billy.stevens3@tak.nz,Billy,Stevens,6276
danielle.ruiz3@tak.nz,Danielle,Ruiz,6277
albert.stevenson3@tak.nz,Albert,Stevenson,6278
lori.olsen3@tak.nz,Lori,Olsen,6279
roy.duncan3@tak.nz,Roy,Duncan,6280
erin.fletcher3@tak.nz,Erin,Fletcher,6281
curtis.pearce3@tak.nz,Curtis,Pearce,6282
bethany.osborne3@tak.nz,Bethany,Osborne,6283
fred.kirk3@tak.nz,Fred,Kirk,6284
mary.winslow3@tak.nz,Mary,Winslow,6285
william.johnson3@tak.nz,William,Johnson,6286
jessica.rodriguez3@tak.nz,Jessica,Rodriguez,6287
daniel.thomas3@tak.nz,Daniel,Thomas,6288
sandra.thompson3@tak.nz,Sandra,Thompson,6289
andrew.robinson3@tak.nz,Andrew,Robinson,6290
amanda.torres3@tak.nz,Amanda,Torres,6291
ronald.baker3@tak.nz,Ronald,Baker,6292
cynthia.gomez3@tak.nz,Cynthia,Gomez,6293
nicholas.edwards3@tak.nz,Nicholas,Edwards,6294
brenda.cook3@tak.nz,Brenda,Cook,6295
brandon.bailey3@tak.nz,Brandon,Bailey,6296
debra.ward3@tak.nz,Debra,Ward,6297
raymond.bennett3@tak.nz,Raymond,Bennett,6298
heather.castillo3@tak.nz,Heather,Castillo,6299
adam.jimenez3@tak.nz,Adam,Jimenez,6300
kelly.coleman3@tak.nz,Kelly,Coleman,6301
ethan.simmons3@tak.nz,Ethan,Simmons,6302
andrea.reynolds3@tak.nz,Andrea,Reynolds,6303
terry.chapman3@tak.nz,Terry,Chapman,6304
sara.marshall3@tak.nz,Sara,Marshall,6305
arthur.warren3@tak.nz,Arthur,Warren,6306
madison.larsen3@tak.nz,Madison,Larsen,6307
gabriel.cameron3@tak.nz,Gabriel,Cameron,6308
brittany.grant3@tak.nz,Brittany,Grant,6309
elijah.chambers3@tak.nz,Elijah,Chambers,6310
tiffany.nolan3@tak.nz,Tiffany,Nolan,6311
bobby.lawson3@tak.nz,Bobby,Lawson,6312
sophia.blackwood3@tak.nz,Sophia,Blackwood,6313
jimmy.sutherland3@tak.nz,Jimmy,Sutherland,6314
leah.jones3@tak.nz,Leah,Jones,6315
chad.lopez3@tak.nz,Chad,Lopez,6316
jennifer.jackson3@tak.nz,Jennifer,Jackson,6317
richard.sanchez3@tak.nz,Richard,Sanchez,6318
karen.allen3@tak.nz,Karen,Allen,6319
anthony.flores3@tak.nz,Anthony,Flores,6320
kimberly.campbell3@tak.nz,Kimberly,Campbell,6321
kenneth.turner3@tak.nz,Kenneth,Turner,6322
deborah.stewart3@tak.nz,Deborah,Stewart,6323
jason.ortiz3@tak.nz,Jason,Ortiz,6324
amy.howard3@tak.nz,Amy,Howard,6325
jonathan.brooks3@tak.nz,Jonathan,Brooks,6326
nicole.ruiz3@tak.nz,Nicole,Ruiz,6327
samuel.myers3@tak.nz,Samuel,Myers,6328
catherine.perry3@tak.nz,Catherine,Perry,6329
dennis.barnes3@tak.nz,Dennis,Barnes,6330
virginia.patterson3@tak.nz,Virginia,Patterson,6331
henry.moreno3@tak.nz,Henry,Moreno,6332
lauren.ellis3@tak.nz,Lauren,Ellis,6333
noah.harrison3@tak.nz,Noah,Harrison,6334
hannah.simpson3@tak.nz,Hannah,Simpson,6335
sean.pedersen3@tak.nz,Sean,Pedersen,6336
marie.ferguson3@tak.nz,Marie,Ferguson,6337
jordan.marsh3@tak.nz,Jordan,Marsh,6338
denise.boyd3@tak.nz,Denise,Boyd,6339
logan.palmer3@tak.nz,Logan,Palmer,6340
abigail.burton3@tak.nz,Abigail,Burton,6341
randy.radley3@tak.nz,Randy,Radley,6342
alice.smith3@tak.nz,Alice,Smith,6343
bradley.davis3@tak.nz,Bradley,Davis,6344
renee.anderson3@tak.nz,Renee,Anderson,6345
todd.perez3@tak.nz,Todd,Perez,6346
tara.lewis3@tak.nz,Tara,Lewis,6347
john.scott3@tak.nz,John,Scott,6348
elizabeth.nelson3@tak.nz,Elizabeth,Nelson,6349
thomas.roberts3@tak.nz,Thomas,Roberts,6350
lisa.cruz3@tak.nz,Lisa,Cruz,6351
donald.murphy3@tak.nz,Donald,Murphy,6352
donna.peterson3@tak.nz,Donna,Peterson,6353
brian.cox3@tak.nz,Brian,Cox,6354
rebecca.james3@tak.nz,Rebecca,James,6355
ryan.alvarez3@tak.nz,Ryan,Alvarez,6356
angela.foster3@tak.nz,Angela,Foster,6357
larry.bell3@tak.nz,Larry,Bell,6358
samantha.vasquez3@tak.nz,Samantha,Vasquez,6359
alexander.graham3@tak.nz,Alexander,Graham,6360
janet.hayes3@tak.nz,Janet,Hayes,6361
tyler.ford3@tak.nz,Tyler,Ford,6362
joyce.wells3@tak.nz,Joyce,Wells,6363
douglas.berg3@tak.nz,Douglas,Berg,6364
evelyn.fraser3@tak.nz,Evelyn,Fraser,6365
christian.douglas3@tak.nz,Christian,Douglas,6366
martha.harvey3@tak.nz,Martha,Harvey,6367
carl.hunt3@tak.nz,Carl,Hunt,6368
grace.franklin3@tak.nz,Grace,Franklin,6369
bryan.whitfield3@tak.nz,Bryan,Whitfield,6370
amber.redmond3@tak.nz,Amber,Redmond,6371
juan.brown3@tak.nz,Juan,Brown,6372
jane.hernandez3@tak.nz,Jane,Hernandez,6373
mason.moore3@tak.nz,Mason,Moore,6374
gina.harris3@tak.nz,Gina,Harris,6375
eugene.young3@tak.nz,Eugene,Young,6376
charlotte.hill3@tak.nz,Charlotte,Hill,6377
alexis.rivera3@tak.nz,Alexis,Rivera,6378
priscilla.evans3@tak.nz,Priscilla,Evans,6379
michael.reyes3@tak.nz,Michael,Reyes,6380
susan.gutierrez3@tak.nz,Susan,Gutierrez,6381
christopher.kelly3@tak.nz,Christopher,Kelly,6382
betty.watson3@tak.nz,Betty,Watson,6383
paul.mendoza3@tak.nz,Paul,Mendoza,6384
carol.patel3@tak.nz,Carol,Patel,6385
timothy.jenkins3@tak.nz,Timothy,Jenkins,6386
laura.henderson3@tak.nz,Laura,Henderson,6387
gary.jordan3@tak.nz,Gary,Jordan,6388
anna.wallace3@tak.nz,Anna,Wallace,6389
scott.bryant3@tak.nz,Scott,Bryant,6390
christine.mcdonald3@tak.nz,Christine,McDonald,6391
patrick.webb3@tak.nz,Patrick,Webb,6392
maria.andersen3@tak.nz,Maria,Andersen,6393
jose.macdonald3@tak.nz,Jose,MacDonald,6394
olivia.bishop3@tak.nz,Olivia,Bishop,6395
kyle.holt3@tak.nz,Kyle,Holt,6396
megan.curtis3@tak.nz,Megan,Curtis,6397
roger.manning3@tak.nz,Roger,Manning,6398
teresa.kingsley3@tak.nz,Teresa,Kingsley,6399
dylan.ashford3@tak.nz,Dylan,Ashford,6400
theresa.miller3@tak.nz,Theresa,Miller,6401
bruce.wilson3@tak.nz,Bruce,Wilson,6402
rose.lee3@tak.nz,Rose,Lee,6403
willie.ramirez3@tak.nz,Willie,Ramirez,6404
alexis.wright3@tak.nz,Alexis,Wright,6405
ralph.adams3@tak.nz,Ralph,Adams,6406
isabella.carter3@tak.nz,Isabella,Carter,6407
louis.parker3@tak.nz,Louis,Parker,6408
jasmine.morales3@tak.nz,Jasmine,Morales,6409
marcus.cooper3@tak.nz,Marcus,Cooper,6410
patricia.kim3@tak.nz,Patricia,Kim,6411
david.wood3@tak.nz,David,Wood,6412
sarah.price3@tak.nz,Sarah,Price,6413
matthew.ross3@tak.nz,Matthew,Ross,6414
ashley.sullivan3@tak.nz,Ashley,Sullivan,6415
joshua.fisher3@tak.nz,Joshua,Fisher,6416
melissa.hamilton3@tak.nz,Melissa,Hamilton,6417
edward.cole3@tak.nz,Edward,Cole,6418
kathleen.murray3@tak.nz,Kathleen,Murray,6419
eric.kennedy3@tak.nz,Eric,Kennedy,6420
pamela.christensen3@tak.nz,Pamela,Christensen,5781
benjamin.erikson3@tak.nz,Benjamin,Erikson,5782
rachel.sinclair3@tak.nz,Rachel,Sinclair,5783
jack.barker3@tak.nz,Jack,Barker,5784
diane.dixon3@tak.nz,Diane,Dixon,5785
nathan.gardner3@tak.nz,Nathan,Gardner,5786
christina.chapman3@tak.nz,Christina,Chapman,5787
walter.delaney3@tak.nz,Walter,Delaney,5788
cheryl.williams3@tak.nz,Cheryl,Williams,5789
austin.martinez3@tak.nz,Austin,Martinez,5790
janice.taylor3@tak.nz,Janice,Taylor,5791
lawrence.white3@tak.nz,Lawrence,White,5792
beverly.walker3@tak.nz,Beverly,Walker,5793
joe.nguyen3@tak.nz,Joe,Nguyen,5794
diana.hall3@tak.nz,Diana,Hall,5795
wayne.phillips3@tak.nz,Wayne,Phillips,5796
kayla.collins3@tak.nz,Kayla,Collins,5797
russell.rogers3@tak.nz,Russell,Rogers,5798
ava.reed3@tak.nz,Ava,Reed,5799
lee.richardson3@tak.nz,Lee,Richardson,5800
kylie.gray3@tak.nz,Kylie,Gray,5801
james.sanders3@tak.nz,James,Sanders,5802
linda.powell3@tak.nz,Linda,Powell,5803
joseph.butler3@tak.nz,Joseph,Butler,5804
nancy.romero3@tak.nz,Nancy,Romero,5805
mark.griffin3@tak.nz,Mark,Griffin,5806
emily.gibson3@tak.nz,Emily,Gibson,5807
kevin.owens3@tak.nz,Kevin,Owens,5808
stephanie.fernandez3@tak.nz,Stephanie,Fernandez,5809
jeffrey.hansen3@tak.nz,Jeffrey,Hansen,5810
shirley.stewart3@tak.nz,Shirley,Stewart,5811
stephen.henderson3@tak.nz,Stephen,Henderson,5812
emma.newton3@tak.nz,Emma,Newton,5813
gregory.barrett3@tak.nz,Gregory,Barrett,5814
carolyn.todd3@tak.nz,Carolyn,Todd,5815
jerry.ashworth3@tak.nz,Jerry,Ashworth,5816
julie.blackburn3@tak.nz,Julie,Blackburn,5817
zachary.garcia3@tak.nz,Zachary,Garcia,5818
joan.gonzalez3@tak.nz,Joan,Gonzalez,5819
jeremy.martin3@tak.nz,Jeremy,Martin,5820
jacqueline.clark3@tak.nz,Jacqueline,Clark,5821
gerald.king3@tak.nz,Gerald,King,5822
julia.green3@tak.nz,Julia,Green,5823
jesse.mitchell3@tak.nz,Jesse,Mitchell,5824
marilyn.diaz3@tak.nz,Marilyn,Diaz,5825
alan.morris3@tak.nz,Alan,Morris,5826
natalie.morgan3@tak.nz,Natalie,Morgan,5827
vincent.ramos3@tak.nz,Vincent,Ramos,5828
doris.chavez3@tak.nz,Doris,Chavez,5829
philip.hughes3@tak.nz,Philip,Hughes,5830
chloe.long3@tak.nz,Chloe,Long,5831
craig.russell3@tak.nz,Craig,Russell,5832
ellie.gonzales3@tak.nz,Ellie,Gonzales,5833
robert.alexander3@tak.nz,Robert,Alexander,5834
barbara.west3@tak.nz,Barbara,West,5835
charles.stevens3@tak.nz,Charles,Stevens,5836
margaret.ruiz3@tak.nz,Margaret,Ruiz,5837
steven.stevenson3@tak.nz,Steven,Stevenson,5838
michelle.olsen3@tak.nz,Michelle,Olsen,5839
george.duncan3@tak.nz,George,Duncan,5840
sharon.fletcher3@tak.nz,Sharon,Fletcher,5841
jacob.pearce3@tak.nz,Jacob,Pearce,5842
helen.osborne3@tak.nz,Helen,Osborne,5843
justin.kirk3@tak.nz,Justin,Kirk,5844
katherine.winslow3@tak.nz,Katherine,Winslow,5845
frank.johnson3@tak.nz,Frank,Johnson,5846
ruth.rodriguez3@tak.nz,Ruth,Rodriguez,5847
aaron.thomas3@tak.nz,Aaron,Thomas,5848
victoria.thompson3@tak.nz,Victoria,Thompson,5849
peter.robinson3@tak.nz,Peter,Robinson,5850
judith.torres3@tak.nz,Judith,Torres,5851
keith.baker3@tak.nz,Keith,Baker,5852
gloria.gomez3@tak.nz,Gloria,Gomez,5853
harold.edwards3@tak.nz,Harold,Edwards,5854
judy.cook3@tak.nz,Judy,Cook,5855
billy.bailey3@tak.nz,Billy,Bailey,5856
danielle.ward3@tak.nz,Danielle,Ward,5857
albert.bennett3@tak.nz,Albert,Bennett,5858
lori.castillo3@tak.nz,Lori,Castillo,5859
roy.jimenez3@tak.nz,Roy,Jimenez,5860
erin.coleman3@tak.nz,Erin,Coleman,5861
curtis.simmons3@tak.nz,Curtis,Simmons,5862
bethany.reynolds3@tak.nz,Bethany,Reynolds,5863
fred.chapman3@tak.nz,Fred,Chapman,5864
mary.marshall3@tak.nz,Mary,Marshall,5865
william.warren3@tak.nz,William,Warren,5866
jessica.larsen3@tak.nz,Jessica,Larsen,5867
daniel.cameron3@tak.nz,Daniel,Cameron,5868
sandra.grant3@tak.nz,Sandra,Grant,5869
andrew.chambers3@tak.nz,Andrew,Chambers,5870
amanda.nolan3@tak.nz,Amanda,Nolan,5871
ronald.lawson3@tak.nz,Ronald,Lawson,5872
cynthia.blackwood3@tak.nz,Cynthia,Blackwood,5873
nicholas.sutherland3@tak.nz,Nicholas,Sutherland,5874
brenda.jones3@tak.nz,Brenda,Jones,5875
brandon.lopez3@tak.nz,Brandon,Lopez,5876
debra.jackson3@tak.nz,Debra,Jackson,5877
raymond.sanchez3@tak.nz,Raymond,Sanchez,5878
heather.allen3@tak.nz,Heather,Allen,5879
adam.flores3@tak.nz,Adam,Flores,5880
kelly.campbell3@tak.nz,Kelly,Campbell,5881
ethan.turner3@tak.nz,Ethan,Turner,5882
andrea.stewart3@tak.nz,Andrea,Stewart,5883
terry.ortiz3@tak.nz,Terry,Ortiz,5884
sara.howard3@tak.nz,Sara,Howard,5885
arthur.brooks3@tak.nz,Arthur,Brooks,5886
madison.ruiz3@tak.nz,Madison,Ruiz,5887
gabriel.myers3@tak.nz,Gabriel,Myers,5888
brittany.perry3@tak.nz,Brittany,Perry,5889
elijah.barnes3@tak.nz,Elijah,Barnes,5890
tiffany.patterson3@tak.nz,Tiffany,Patterson,5891
bobby.moreno3@tak.nz,Bobby,Moreno,5892
sophia.ellis3@tak.nz,Sophia,Ellis,5893
jimmy.harrison3@tak.nz,Jimmy,Harrison,5894
leah.simpson3@tak.nz,Leah,Simpson,5895
chad.pedersen3@tak.nz,Chad,Pedersen,5896
jennifer.ferguson3@tak.nz,Jennifer,Ferguson,5897
richard.marsh3@tak.nz,Richard,Marsh,5898
karen.boyd3@tak.nz,Karen,Boyd,5899
anthony.palmer3@tak.nz,Anthony,Palmer,5900
kimberly.burton3@tak.nz,Kimberly,Burton,5901
kenneth.radley3@tak.nz,Kenneth,Radley,5902
deborah.smith3@tak.nz,Deborah,Smith,5903
jason.davis3@tak.nz,Jason,Davis,5904
amy.anderson3@tak.nz,Amy,Anderson,5905
jonathan.perez3@tak.nz,Jonathan,Perez,5906
nicole.lewis3@tak.nz,Nicole,Lewis,5907
samuel.scott3@tak.nz,Samuel,Scott,5908
catherine.nelson3@tak.nz,Catherine,Nelson,5909
dennis.roberts3@tak.nz,Dennis,Roberts,5910
virginia.cruz3@tak.nz,Virginia,Cruz,5911
henry.murphy3@tak.nz,Henry,Murphy,5912
lauren.peterson3@tak.nz,Lauren,Peterson,5913
noah.cox3@tak.nz,Noah,Cox,5914
hannah.james3@tak.nz,Hannah,James,5915
sean.alvarez3@tak.nz,Sean,Alvarez,5916
marie.foster3@tak.nz,Marie,Foster,5917
jordan.bell3@tak.nz,Jordan,Bell,5918
denise.vasquez3@tak.nz,Denise,Vasquez,5919
logan.graham3@tak.nz,Logan,Graham,5920
abigail.hayes3@tak.nz,Abigail,Hayes,5921
randy.ford3@tak.nz,Randy,Ford,5922
alice.wells3@tak.nz,Alice,Wells,5923
bradley.berg3@tak.nz,Bradley,Berg,5924
renee.fraser3@tak.nz,Renee,Fraser,5925
todd.douglas3@tak.nz,Todd,Douglas,5926
tara.harvey3@tak.nz,Tara,Harvey,5927
john.hunt3@tak.nz,John,Hunt,5928
elizabeth.franklin3@tak.nz,Elizabeth,Franklin,5929
thomas.whitfield3@tak.nz,Thomas,Whitfield,5930
lisa.redmond3@tak.nz,Lisa,Redmond,5931
donald.brown3@tak.nz,Donald,Brown,5932
donna.hernandez3@tak.nz,Donna,Hernandez,5933
brian.moore3@tak.nz,Brian,Moore,5934
rebecca.harris3@tak.nz,Rebecca,Harris,5935
ryan.young3@tak.nz,Ryan,Young,5936
angela.hill3@tak.nz,Angela,Hill,5937
larry.rivera3@tak.nz,Larry,Rivera,5938
samantha.evans3@tak.nz,Samantha,Evans,5939
alexander.reyes3@tak.nz,Alexander,Reyes,5940
janet.gutierrez3@tak.nz,Janet,Gutierrez,5941
tyler.kelly3@tak.nz,Tyler,Kelly,5942
joyce.watson3@tak.nz,Joyce,Watson,5943
douglas.mendoza3@tak.nz,Douglas,Mendoza,5944
evelyn.patel3@tak.nz,Evelyn,Patel,5945
christian.jenkins3@tak.nz,Christian,Jenkins,5946
martha.henderson3@tak.nz,Martha,Henderson,5947
carl.jordan3@tak.nz,Carl,Jordan,5948
grace.wallace3@tak.nz,Grace,Wallace,5949
bryan.bryant3@tak.nz,Bryan,Bryant,5950
amber.mcdonald3@tak.nz,Amber,McDonald,5951
juan.webb3@tak.nz,Juan,Webb,5952
jane.andersen3@tak.nz,Jane,Andersen,5953
mason.macdonald3@tak.nz,Mason,MacDonald,5954
gina.bishop3@tak.nz,Gina,Bishop,5955
eugene.holt3@tak.nz,Eugene,Holt,5956
charlotte.curtis3@tak.nz,Charlotte,Curtis,5957
alexis.manning3@tak.nz,Alexis,Manning,5958
priscilla.kingsley3@tak.nz,Priscilla,Kingsley,5959
michael.ashford3@tak.nz,Michael,Ashford,5960
susan.miller3@tak.nz,Susan,Miller,5961
christopher.wilson3@tak.nz,Christopher,Wilson,5962
betty.lee3@tak.nz,Betty,Lee,5963
paul.ramirez3@tak.nz,Paul,Ramirez,5964
carol.wright3@tak.nz,Carol,Wright,5965
timothy.adams3@tak.nz,Timothy,Adams,5966
laura.carter3@tak.nz,Laura,Carter,5967
gary.parker3@tak.nz,Gary,Parker,5968
anna.morales3@tak.nz,Anna,Morales,5969
scott.cooper3@tak.nz,Scott,Cooper,5970
christine.kim3@tak.nz,Christine,Kim,5971
patrick.wood3@tak.nz,Patrick,Wood,5972
maria.price3@tak.nz,Maria,Price,5973
jose.ross3@tak.nz,Jose,Ross,5974
olivia.sullivan3@tak.nz,Olivia,Sullivan,5975
kyle.fisher3@tak.nz,Kyle,Fisher,5976
megan.hamilton3@tak.nz,Megan,Hamilton,5977
roger.cole3@tak.nz,Roger,Cole,5978
teresa.murray3@tak.nz,Teresa,Murray,5979
dylan.kennedy3@tak.nz,Dylan,Kennedy,5980
theresa.christensen3@tak.nz,Theresa,Christensen,5981
bruce.erikson3@tak.nz,Bruce,Erikson,5982
rose.sinclair3@tak.nz,Rose,Sinclair,5983
willie.barker3@tak.nz,Willie,Barker,5984
alexis.dixon3@tak.nz,Alexis,Dixon,5985
ralph.gardner3@tak.nz,Ralph,Gardner,5986
isabella.chapman3@tak.nz,Isabella,Chapman,5987
louis.delaney3@tak.nz,Louis,Delaney,5988
jasmine.williams3@tak.nz,Jasmine,Williams,5989
marcus.martinez3@tak.nz,Marcus,Martinez,5990
patricia.taylor3@tak.nz,Patricia,Taylor,5991
david.white3@tak.nz,David,White,5992
sarah.walker3@tak.nz,Sarah,Walker,5993
matthew.nguyen3@tak.nz,Matthew,Nguyen,5994
ashley.hall3@tak.nz,Ashley,Hall,5995
joshua.phillips3@tak.nz,Joshua,Phillips,5996
melissa.collins3@tak.nz,Melissa,Collins,5997
edward.rogers3@tak.nz,Edward,Rogers,5998
kathleen.reed3@tak.nz,Kathleen,Reed,5999
eric.richardson3@tak.nz,Eric,Richardson,6000
pamela.gray3@tak.nz,Pamela,Gray,6001
benjamin.sanders3@tak.nz,Benjamin,Sanders,6002
rachel.powell3@tak.nz,Rachel,Powell,6003
jack.butler3@tak.nz,Jack,Butler,6004
diane.romero3@tak.nz,Diane,Romero,6005
nathan.griffin3@tak.nz,Nathan,Griffin,6006
christina.gibson3@tak.nz,Christina,Gibson,6007
walter.owens3@tak.nz,Walter,Owens,6008
cheryl.fernandez3@tak.nz,Cheryl,Fernandez,6009
austin.hansen3@tak.nz,Austin,Hansen,6010
janice.stewart3@tak.nz,Janice,Stewart,6011
lawrence.henderson3@tak.nz,Lawrence,Henderson,6012
beverly.newton3@tak.nz,Beverly,Newton,6013
joe.barrett3@tak.nz,Joe,Barrett,6014
diana.todd3@tak.nz,Diana,Todd,6015
wayne.ashworth3@tak.nz,Wayne,Ashworth,6016
kayla.blackburn3@tak.nz,Kayla,Blackburn,6017
russell.garcia3@tak.nz,Russell,Garcia,6018
ava.gonzalez3@tak.nz,Ava,Gonzalez,6019
lee.martin3@tak.nz,Lee,Martin,6020
kylie.clark3@tak.nz,Kylie,Clark,6021
james.king3@tak.nz,James,King,6022
linda.green3@tak.nz,Linda,Green,6023
joseph.mitchell3@tak.nz,Joseph,Mitchell,6024
nancy.diaz3@tak.nz,Nancy,Diaz,6025
mark.morris3@tak.nz,Mark,Morris,6026
emily.morgan3@tak.nz,Emily,Morgan,6027
kevin.ramos3@tak.nz,Kevin,Ramos,6028
stephanie.chavez3@tak.nz,Stephanie,Chavez,6029
jeffrey.hughes3@tak.nz,Jeffrey,Hughes,6030
shirley.long3@tak.nz,Shirley,Long,6031
stephen.russell3@tak.nz,Stephen,Russell,6032
emma.gonzales3@tak.nz,Emma,Gonzales,6033
gregory.alexander3@tak.nz,Gregory,Alexander,6034
carolyn.west3@tak.nz,Carolyn,West,6035
jerry.stevens3@tak.nz,Jerry,Stevens,6036
julie.ruiz3@tak.nz,Julie,Ruiz,6037
zachary.stevenson3@tak.nz,Zachary,Stevenson,6038
joan.olsen3@tak.nz,Joan,Olsen,6039
jeremy.duncan3@tak.nz,Jeremy,Duncan,6040
jacqueline.fletcher3@tak.nz,Jacqueline,Fletcher,6041
gerald.pearce3@tak.nz,Gerald,Pearce,6042
julia.osborne3@tak.nz,Julia,Osborne,6043
jesse.kirk3@tak.nz,Jesse,Kirk,6044
marilyn.winslow3@tak.nz,Marilyn,Winslow,6045
alan.johnson3@tak.nz,Alan,Johnson,6046
natalie.rodriguez3@tak.nz,Natalie,Rodriguez,6047
vincent.thomas3@tak.nz,Vincent,Thomas,6048
doris.thompson3@tak.nz,Doris,Thompson,6049
philip.robinson3@tak.nz,Philip,Robinson,6050
chloe.torres3@tak.nz,Chloe,Torres,6051
craig.baker3@tak.nz,Craig,Baker,6052
ellie.gomez3@tak.nz,Ellie,Gomez,6053
robert.edwards3@tak.nz,Robert,Edwards,6054
barbara.cook3@tak.nz,Barbara,Cook,6055
charles.bailey3@tak.nz,Charles,Bailey,6056
margaret.ward3@tak.nz,Margaret,Ward,6057
steven.bennett3@tak.nz,Steven,Bennett,6058
michelle.castillo3@tak.nz,Michelle,Castillo,6059
george.jimenez3@tak.nz,George,Jimenez,6060
sharon.coleman3@tak.nz,Sharon,Coleman,6061
jacob.simmons3@tak.nz,Jacob,Simmons,6062
helen.reynolds3@tak.nz,Helen,Reynolds,6063
justin.chapman3@tak.nz,Justin,Chapman,6064
katherine.marshall3@tak.nz,Katherine,Marshall,6065
frank.warren3@tak.nz,Frank,Warren,6066
ruth.larsen3@tak.nz,Ruth,Larsen,6067
aaron.cameron3@tak.nz,Aaron,Cameron,6068
victoria.grant3@tak.nz,Victoria,Grant,6069
peter.chambers3@tak.nz,Peter,Chambers,6070
judith.nolan3@tak.nz,Judith,Nolan,6071
keith.lawson3@tak.nz,Keith,Lawson,6072
gloria.blackwood3@tak.nz,Gloria,Blackwood,6073
harold.sutherland3@tak.nz,Harold,Sutherland,6074
judy.jones3@tak.nz,Judy,Jones,6075
billy.lopez3@tak.nz,Billy,Lopez,6076
danielle.jackson3@tak.nz,Danielle,Jackson,6077
albert.sanchez3@tak.nz,Albert,Sanchez,6078
lori.allen3@tak.nz,Lori,Allen,6079
roy.flores3@tak.nz,Roy,Flores,6080
erin.campbell3@tak.nz,Erin,Campbell,6081
curtis.turner3@tak.nz,Curtis,Turner,6082
bethany.stewart3@tak.nz,Bethany,Stewart,6083
fred.ortiz3@tak.nz,Fred,Ortiz,6084
mary.howard3@tak.nz,Mary,Howard,6085
william.brooks3@tak.nz,William,Brooks,6086
jessica.ruiz3@tak.nz,Jessica,Ruiz,6087
daniel.myers3@tak.nz,Daniel,Myers,6088
sandra.perry3@tak.nz,Sandra,Perry,6089
andrew.barnes3@tak.nz,Andrew,Barnes,6090
amanda.patterson3@tak.nz,Amanda,Patterson,6091
ronald.moreno3@tak.nz,Ronald,Moreno,6092
cynthia.ellis3@tak.nz,Cynthia,Ellis,6093
nicholas.harrison3@tak.nz,Nicholas,Harrison,6094
brenda.simpson3@tak.nz,Brenda,Simpson,6095
brandon.pedersen3@tak.nz,Brandon,Pedersen,6096
debra.ferguson3@tak.nz,Debra,Ferguson,6097
raymond.marsh3@tak.nz,Raymond,Marsh,6098
heather.boyd3@tak.nz,Heather,Boyd,6099
adam.palmer3@tak.nz,Adam,Palmer,6100
kelly.burton3@tak.nz,Kelly,Burton,6101
ethan.radley3@tak.nz,Ethan,Radley,6102
andrea.smith3@tak.nz,Andrea,Smith,6103
terry.davis3@tak.nz,Terry,Davis,6104
sara.anderson3@tak.nz,Sara,Anderson,6105
arthur.perez3@tak.nz,Arthur,Perez,6106
madison.lewis3@tak.nz,Madison,Lewis,6107
gabriel.scott3@tak.nz,Gabriel,Scott,6108
brittany.nelson3@tak.nz,Brittany,Nelson,6109
elijah.roberts3@tak.nz,Elijah,Roberts,6110
tiffany.cruz3@tak.nz,Tiffany,Cruz,6111
bobby.murphy3@tak.nz,Bobby,Murphy,6112
sophia.peterson3@tak.nz,Sophia,Peterson,6113
jimmy.cox3@tak.nz,Jimmy,Cox,6114
leah.james3@tak.nz,Leah,James,6115
chad.alvarez3@tak.nz,Chad,Alvarez,6116
jennifer.foster3@tak.nz,Jennifer,Foster,6117
richard.bell3@tak.nz,Richard,Bell,6118
karen.vasquez3@tak.nz,Karen,Vasquez,6119
anthony.graham3@tak.nz,Anthony,Graham,6120
kimberly.hayes3@tak.nz,Kimberly,Hayes,6121
kenneth.ford3@tak.nz,Kenneth,Ford,6122
deborah.wells3@tak.nz,Deborah,Wells,6123
jason.berg3@tak.nz,Jason,Berg,6124
amy.fraser3@tak.nz,Amy,Fraser,6125
jonathan.douglas3@tak.nz,Jonathan,Douglas,6126
nicole.harvey3@tak.nz,Nicole,Harvey,6127
samuel.hunt3@tak.nz,Samuel,Hunt,6128
catherine.franklin3@tak.nz,Catherine,Franklin,6129
dennis.whitfield3@tak.nz,Dennis,Whitfield,6130
virginia.redmond3@tak.nz,Virginia,Redmond,6131
henry.brown3@tak.nz,Henry,Brown,6132
lauren.hernandez3@tak.nz,Lauren,Hernandez,6133
noah.moore3@tak.nz,Noah,Moore,6134
hannah.harris3@tak.nz,Hannah,Harris,6135
sean.young3@tak.nz,Sean,Young,6136
marie.hill3@tak.nz,Marie,Hill,6137
jordan.rivera3@tak.nz,Jordan,Rivera,6138
denise.evans3@tak.nz,Denise,Evans,6139
logan.reyes3@tak.nz,Logan,Reyes,6140
abigail.gutierrez3@tak.nz,Abigail,Gutierrez,6141
randy.kelly3@tak.nz,Randy,Kelly,6142
alice.watson3@tak.nz,Alice,Watson,6143
bradley.mendoza3@tak.nz,Bradley,Mendoza,6144
renee.patel3@tak.nz,Renee,Patel,6145
todd.jenkins3@tak.nz,Todd,Jenkins,6146
tara.henderson3@tak.nz,Tara,Henderson,6147
john.jordan3@tak.nz,John,Jordan,6148
elizabeth.wallace3@tak.nz,Elizabeth,Wallace,6149
thomas.bryant3@tak.nz,Thomas,Bryant,6150
lisa.mcdonald3@tak.nz,Lisa,McDonald,6151
donald.webb3@tak.nz,Donald,Webb,6152
donna.andersen3@tak.nz,Donna,Andersen,6153
brian.macdonald3@tak.nz,Brian,MacDonald,6154
rebecca.bishop3@tak.nz,Rebecca,Bishop,6155
ryan.holt3@tak.nz,Ryan,Holt,6156
angela.curtis3@tak.nz,Angela,Curtis,6157
larry.manning3@tak.nz,Larry,Manning,6158
samantha.kingsley3@tak.nz,Samantha,Kingsley,6159
alexander.ashford3@tak.nz,Alexander,Ashford,6160
janet.miller3@tak.nz,Janet,Miller,6161
tyler.wilson3@tak.nz,Tyler,Wilson,6162
joyce.lee3@tak.nz,Joyce,Lee,6163
douglas.ramirez3@tak.nz,Douglas,Ramirez,6164
evelyn.wright3@tak.nz,Evelyn,Wright,6165
christian.adams3@tak.nz,Christian,Adams,6166
martha.carter3@tak.nz,Martha,Carter,6167
carl.parker3@tak.nz,Carl,Parker,6168
grace.morales3@tak.nz,Grace,Morales,6169
bryan.cooper3@tak.nz,Bryan,Cooper,6170
amber.kim3@tak.nz,Amber,Kim,6171
juan.wood3@tak.nz,Juan,Wood,6172
jane.price3@tak.nz,Jane,Price,6173
mason.ross3@tak.nz,Mason,Ross,6174
gina.sullivan3@tak.nz,Gina,Sullivan,6175
eugene.fisher3@tak.nz,Eugene,Fisher,6176
charlotte.hamilton3@tak.nz,Charlotte,Hamilton,6177
alexis.cole3@tak.nz,Alexis,Cole,6178
priscilla.murray3@tak.nz,Priscilla,Murray,6179
michael.kennedy3@tak.nz,Michael,Kennedy,6180
susan.christensen3@tak.nz,Susan,Christensen,6181
christopher.erikson3@tak.nz,Christopher,Erikson,6182
betty.sinclair3@tak.nz,Betty,Sinclair,6183
paul.barker3@tak.nz,Paul,Barker,6184
carol.dixon3@tak.nz,Carol,Dixon,6185
timothy.gardner3@tak.nz,Timothy,Gardner,6186
laura.chapman3@tak.nz,Laura,Chapman,6187
gary.delaney3@tak.nz,Gary,Delaney,6188
anna.williams3@tak.nz,Anna,Williams,6189
scott.martinez3@tak.nz,Scott,Martinez,6190
christine.taylor3@tak.nz,Christine,Taylor,6191
patrick.white3@tak.nz,Patrick,White,6192
maria.walker3@tak.nz,Maria,Walker,6193
jose.nguyen3@tak.nz,Jose,Nguyen,6194
olivia.hall3@tak.nz,Olivia,Hall,6195
kyle.phillips3@tak.nz,Kyle,Phillips,6196
megan.collins3@tak.nz,Megan,Collins,6197
roger.rogers3@tak.nz,Roger,Rogers,6198
teresa.reed3@tak.nz,Teresa,Reed,6199
dylan.richardson3@tak.nz,Dylan,Richardson,6200
theresa.gray3@tak.nz,Theresa,Gray,6201
bruce.sanders3@tak.nz,Bruce,Sanders,6202
rose.powell3@tak.nz,Rose,Powell,6203
willie.butler3@tak.nz,Willie,Butler,6204
alexis.romero3@tak.nz,Alexis,Romero,6205
ralph.griffin3@tak.nz,Ralph,Griffin,6206
isabella.gibson3@tak.nz,Isabella,Gibson,6207
louis.owens3@tak.nz,Louis,Owens,6208
jasmine.fernandez3@tak.nz,Jasmine,Fernandez,6209
marcus.hansen3@tak.nz,Marcus,Hansen,6210
patricia.stewart3@tak.nz,Patricia,Stewart,6211
david.henderson3@tak.nz,David,Henderson,6212
sarah.newton3@tak.nz,Sarah,Newton,6213
matthew.barrett3@tak.nz,Matthew,Barrett,6214
ashley.todd3@tak.nz,Ashley,Todd,6215
joshua.ashworth3@tak.nz,Joshua,Ashworth,6216
melissa.blackburn3@tak.nz,Melissa,Blackburn,6217
edward.garcia3@tak.nz,Edward,Garcia,6218
kathleen.gonzalez3@tak.nz,Kathleen,Gonzalez,6219
eric.martin3@tak.nz,Eric,Martin,6220
pamela.clark3@tak.nz,Pamela,Clark,6221
benjamin.king3@tak.nz,Benjamin,King,6222
rachel.green3@tak.nz,Rachel,Green,6223
jack.mitchell3@tak.nz,Jack,Mitchell,6224
diane.diaz3@tak.nz,Diane,Diaz,6225
nathan.morris3@tak.nz,Nathan,Morris,6226
christina.morgan3@tak.nz,Christina,Morgan,6227
walter.ramos3@tak.nz,Walter,Ramos,6228
cheryl.chavez3@tak.nz,Cheryl,Chavez,6229
austin.hughes3@tak.nz,Austin,Hughes,6230
janice.long3@tak.nz,Janice,Long,6231
lawrence.russell3@tak.nz,Lawrence,Russell,6232
beverly.gonzales3@tak.nz,Beverly,Gonzales,6233
joe.alexander3@tak.nz,Joe,Alexander,6234
diana.west3@tak.nz,Diana,West,6235
wayne.stevens3@tak.nz,Wayne,Stevens,6236
kayla.ruiz3@tak.nz,Kayla,Ruiz,6237
russell.stevenson3@tak.nz,Russell,Stevenson,6238
ava.olsen3@tak.nz,Ava,Olsen,6239
lee.duncan3@tak.nz,Lee,Duncan,6240
kylie.fletcher3@tak.nz,Kylie,Fletcher,6241
james.pearce3@tak.nz,James,Pearce,6242
linda.osborne3@tak.nz,Linda,Osborne,6243
joseph.kirk3@tak.nz,Joseph,Kirk,6244
nancy.winslow3@tak.nz,Nancy,Winslow,6245
mark.johnson3@tak.nz,Mark,Johnson,6246
emily.rodriguez3@tak.nz,Emily,Rodriguez,6247
kevin.thomas3@tak.nz,Kevin,Thomas,6248
stephanie.thompson3@tak.nz,Stephanie,Thompson,6249
jeffrey.robinson3@tak.nz,Jeffrey,Robinson,6250
shirley.torres3@tak.nz,Shirley,Torres,6251
stephen.baker3@tak.nz,Stephen,Baker,6252
emma.gomez3@tak.nz,Emma,Gomez,6253
gregory.edwards3@tak.nz,Gregory,Edwards,6254
carolyn.cook3@tak.nz,Carolyn,Cook,6255
jerry.bailey3@tak.nz,Jerry,Bailey,6256
julie.ward3@tak.nz,Julie,Ward,6257
zachary.bennett3@tak.nz,Zachary,Bennett,6258
joan.castillo3@tak.nz,Joan,Castillo,6259
jeremy.jimenez3@tak.nz,Jeremy,Jimenez,6260
jacqueline.coleman3@tak.nz,Jacqueline,Coleman,6261
gerald.simmons3@tak.nz,Gerald,Simmons,6262
julia.reynolds3@tak.nz,Julia,Reynolds,6263
jesse.chapman3@tak.nz,Jesse,Chapman,6264
marilyn.marshall3@tak.nz,Marilyn,Marshall,6265
alan.warren3@tak.nz,Alan,Warren,6266
natalie.larsen3@tak.nz,Natalie,Larsen,6267
vincent.cameron3@tak.nz,Vincent,Cameron,6268
doris.grant3@tak.nz,Doris,Grant,6269
philip.chambers3@tak.nz,Philip,Chambers,6270
chloe.nolan3@tak.nz,Chloe,Nolan,6271
craig.lawson3@tak.nz,Craig,Lawson,6272
ellie.blackwood3@tak.nz,Ellie,Blackwood,6273
robert.sutherland3@tak.nz,Robert,Sutherland,6274
barbara.jones3@tak.nz,Barbara,Jones,6275
charles.lopez3@tak.nz,Charles,Lopez,6276
margaret.jackson3@tak.nz,Margaret,Jackson,6277
steven.sanchez3@tak.nz,Steven,Sanchez,6278
michelle.allen3@tak.nz,Michelle,Allen,6279
george.flores3@tak.nz,George,Flores,6280
sharon.campbell3@tak.nz,Sharon,Campbell,6281
jacob.turner3@tak.nz,Jacob,Turner,6282
helen.stewart3@tak.nz,Helen,Stewart,6283
justin.ortiz3@tak.nz,Justin,Ortiz,6284
katherine.howard3@tak.nz,Katherine,Howard,6285
frank.brooks3@tak.nz,Frank,Brooks,6286
ruth.ruiz3@tak.nz,Ruth,Ruiz,6287
aaron.myers3@tak.nz,Aaron,Myers,6288
victoria.perry3@tak.nz,Victoria,Perry,6289
peter.barnes3@tak.nz,Peter,Barnes,6290
judith.patterson3@tak.nz,Judith,Patterson,6291
keith.moreno3@tak.nz,Keith,Moreno,6292
gloria.ellis3@tak.nz,Gloria,Ellis,6293
harold.harrison3@tak.nz,Harold,Harrison,6294
judy.simpson3@tak.nz,Judy,Simpson,6295
billy.pedersen3@tak.nz,Billy,Pedersen,6296
danielle.ferguson3@tak.nz,Danielle,Ferguson,6297
albert.marsh3@tak.nz,Albert,Marsh,6298
lori.boyd3@tak.nz,Lori,Boyd,6299
roy.palmer3@tak.nz,Roy,Palmer,6300
erin.burton3@tak.nz,Erin,Burton,6301
curtis.radley3@tak.nz,Curtis,Radley,6302
bethany.smith3@tak.nz,Bethany,Smith,6303
fred.davis3@tak.nz,Fred,Davis,6304
mary.anderson3@tak.nz,Mary,Anderson,6305
william.perez3@tak.nz,William,Perez,6306
jessica.lewis3@tak.nz,Jessica,Lewis,6307
daniel.scott3@tak.nz,Daniel,Scott,6308
sandra.nelson3@tak.nz,Sandra,Nelson,6309
andrew.roberts3@tak.nz,Andrew,Roberts,6310
amanda.cruz3@tak.nz,Amanda,Cruz,6311
ronald.murphy3@tak.nz,Ronald,Murphy,6312
cynthia.peterson3@tak.nz,Cynthia,Peterson,6313
nicholas.cox3@tak.nz,Nicholas,Cox,6314
brenda.james3@tak.nz,Brenda,James,6315
brandon.alvarez3@tak.nz,Brandon,Alvarez,6316
debra.foster3@tak.nz,Debra,Foster,6317
raymond.bell3@tak.nz,Raymond,Bell,6318
heather.vasquez3@tak.nz,Heather,Vasquez,6319
adam.graham3@tak.nz,Adam,Graham,6320
kelly.hayes3@tak.nz,Kelly,Hayes,6321
ethan.ford3@tak.nz,Ethan,Ford,6322
andrea.wells3@tak.nz,Andrea,Wells,6323
terry.berg3@tak.nz,Terry,Berg,6324
sara.fraser3@tak.nz,Sara,Fraser,6325
arthur.douglas3@tak.nz,Arthur,Douglas,6326
madison.harvey3@tak.nz,Madison,Harvey,6327
gabriel.hunt3@tak.nz,Gabriel,Hunt,6328
brittany.franklin3@tak.nz,Brittany,Franklin,6329
elijah.whitfield3@tak.nz,Elijah,Whitfield,6330
tiffany.redmond3@tak.nz,Tiffany,Redmond,6331
bobby.brown3@tak.nz,Bobby,Brown,6332
sophia.hernandez3@tak.nz,Sophia,Hernandez,6333
jimmy.moore3@tak.nz,Jimmy,Moore,6334
leah.harris3@tak.nz,Leah,Harris,6335
chad.young3@tak.nz,Chad,Young,6336
jennifer.hill3@tak.nz,Jennifer,Hill,6337
richard.rivera3@tak.nz,Richard,Rivera,6338
karen.evans3@tak.nz,Karen,Evans,6339
anthony.reyes3@tak.nz,Anthony,Reyes,6340
kimberly.gutierrez3@tak.nz,Kimberly,Gutierrez,6341
kenneth.kelly3@tak.nz,Kenneth,Kelly,6342
deborah.watson3@tak.nz,Deborah,Watson,6343
jason.mendoza3@tak.nz,Jason,Mendoza,6344
amy.patel3@tak.nz,Amy,Patel,6345
jonathan.jenkins3@tak.nz,Jonathan,Jenkins,6346
nicole.henderson3@tak.nz,Nicole,Henderson,6347
samuel.jordan3@tak.nz,Samuel,Jordan,6348
catherine.wallace3@tak.nz,Catherine,Wallace,6349
dennis.bryant3@tak.nz,Dennis,Bryant,6350
virginia.mcdonald3@tak.nz,Virginia,McDonald,6351
henry.webb3@tak.nz,Henry,Webb,6352
lauren.andersen3@tak.nz,Lauren,Andersen,6353
noah.macdonald3@tak.nz,Noah,MacDonald,6354
hannah.bishop3@tak.nz,Hannah,Bishop,6355
sean.holt3@tak.nz,Sean,Holt,6356
marie.curtis3@tak.nz,Marie,Curtis,6357
jordan.manning3@tak.nz,Jordan,Manning,6358
denise.kingsley3@tak.nz,Denise,Kingsley,6359
logan.ashford3@tak.nz,Logan,Ashford,6360
abigail.miller3@tak.nz,Abigail,Miller,6361
randy.wilson3@tak.nz,Randy,Wilson,6362
alice.lee3@tak.nz,Alice,Lee,6363
bradley.ramirez3@tak.nz,Bradley,Ramirez,6364
renee.wright3@tak.nz,Renee,Wright,6365
todd.adams3@tak.nz,Todd,Adams,6366
tara.carter3@tak.nz,Tara,Carter,6367
john.parker3@tak.nz,John,Parker,6368
elizabeth.morales3@tak.nz,Elizabeth,Morales,6369
thomas.cooper3@tak.nz,Thomas,Cooper,6370
lisa.kim3@tak.nz,Lisa,Kim,6371
donald.wood3@tak.nz,Donald,Wood,6372
donna.price3@tak.nz,Donna,Price,6373
brian.ross3@tak.nz,Brian,Ross,6374
rebecca.sullivan3@tak.nz,Rebecca,Sullivan,6375
ryan.fisher3@tak.nz,Ryan,Fisher,6376
angela.hamilton3@tak.nz,Angela,Hamilton,6377
larry.cole3@tak.nz,Larry,Cole,6378
samantha.murray3@tak.nz,Samantha,Murray,6379
alexander.kennedy3@tak.nz,Alexander,Kennedy,6380
janet.christensen3@tak.nz,Janet,Christensen,6381
tyler.erikson3@tak.nz,Tyler,Erikson,6382
joyce.sinclair3@tak.nz,Joyce,Sinclair,6383
douglas.barker3@tak.nz,Douglas,Barker,6384
evelyn.dixon3@tak.nz,Evelyn,Dixon,6385
christian.gardner3@tak.nz,Christian,Gardner,6386
martha.chapman3@tak.nz,Martha,Chapman,6387
carl.delaney3@tak.nz,Carl,Delaney,6388
grace.williams3@tak.nz,Grace,Williams,6389
bryan.martinez3@tak.nz,Bryan,Martinez,6390
amber.taylor3@tak.nz,Amber,Taylor,6391
juan.white3@tak.nz,Juan,White,6392
jane.walker3@tak.nz,Jane,Walker,6393
mason.nguyen3@tak.nz,Mason,Nguyen,6394
gina.hall3@tak.nz,Gina,Hall,6395
eugene.phillips3@tak.nz,Eugene,Phillips,6396
charlotte.collins3@tak.nz,Charlotte,Collins,6397
alexis.rogers3@tak.nz,Alexis,Rogers,6398
priscilla.reed3@tak.nz,Priscilla,Reed,6399
michael.richardson3@tak.nz,Michael,Richardson,6400
susan.gray3@tak.nz,Susan,Gray,6401
christopher.sanders3@tak.nz,Christopher,Sanders,6402
betty.powell3@tak.nz,Betty,Powell,6403
paul.butler3@tak.nz,Paul,Butler,6404
carol.romero3@tak.nz,Carol,Romero,6405
timothy.griffin3@tak.nz,Timothy,Griffin,6406
laura.gibson3@tak.nz,Laura,Gibson,6407
gary.owens3@tak.nz,Gary,Owens,6408
anna.fernandez3@tak.nz,Anna,Fernandez,6409
scott.hansen3@tak.nz,Scott,Hansen,6410
christine.stewart3@tak.nz,Christine,Stewart,6411
patrick.henderson3@tak.nz,Patrick,Henderson,6412
maria.newton3@tak.nz,Maria,Newton,6413
jose.barrett3@tak.nz,Jose,Barrett,6414
olivia.todd3@tak.nz,Olivia,Todd,6415
kyle.ashworth3@tak.nz,Kyle,Ashworth,6416
megan.blackburn3@tak.nz,Megan,Blackburn,6417
roger.garcia3@tak.nz,Roger,Garcia,6418
teresa.gonzalez3@tak.nz,Teresa,Gonzalez,6419
dylan.martin3@tak.nz,Dylan,Martin,6420
theresa.clark3@tak.nz,Theresa,Clark,5781
bruce.king3@tak.nz,Bruce,King,5782
rose.green3@tak.nz,Rose,Green,5783
willie.mitchell3@tak.nz,Willie,Mitchell,5784
alexis.diaz3@tak.nz,Alexis,Diaz,5785
ralph.morris3@tak.nz,Ralph,Morris,5786
isabella.morgan3@tak.nz,Isabella,Morgan,5787
louis.ramos3@tak.nz,Louis,Ramos,5788
jasmine.chavez3@tak.nz,Jasmine,Chavez,5789
marcus.hughes3@tak.nz,Marcus,Hughes,5790
patricia.long3@tak.nz,Patricia,Long,5791
david.russell3@tak.nz,David,Russell,5792
sarah.gonzales3@tak.nz,Sarah,Gonzales,5793
matthew.alexander3@tak.nz,Matthew,Alexander,5794
ashley.west3@tak.nz,Ashley,West,5795
joshua.stevens3@tak.nz,Joshua,Stevens,5796
melissa.ruiz3@tak.nz,Melissa,Ruiz,5797
edward.stevenson3@tak.nz,Edward,Stevenson,5798
kathleen.olsen3@tak.nz,Kathleen,Olsen,5799
eric.duncan3@tak.nz,Eric,Duncan,5800
pamela.fletcher3@tak.nz,Pamela,Fletcher,5801
benjamin.pearce3@tak.nz,Benjamin,Pearce,5802
rachel.osborne3@tak.nz,Rachel,Osborne,5803
jack.kirk3@tak.nz,Jack,Kirk,5804
diane.winslow3@tak.nz,Diane,Winslow,5805
nathan.johnson3@tak.nz,Nathan,Johnson,5806
christina.rodriguez3@tak.nz,Christina,Rodriguez,5807
walter.thomas3@tak.nz,Walter,Thomas,5808
cheryl.thompson3@tak.nz,Cheryl,Thompson,5809
austin.robinson3@tak.nz,Austin,Robinson,5810
janice.torres3@tak.nz,Janice,Torres,5811
lawrence.baker3@tak.nz,Lawrence,Baker,5812
beverly.gomez3@tak.nz,Beverly,Gomez,5813
joe.edwards3@tak.nz,Joe,Edwards,5814
diana.cook3@tak.nz,Diana,Cook,5815
wayne.bailey3@tak.nz,Wayne,Bailey,5816
kayla.ward3@tak.nz,Kayla,Ward,5817
russell.bennett3@tak.nz,Russell,Bennett,5818
ava.castillo3@tak.nz,Ava,Castillo,5819
lee.jimenez3@tak.nz,Lee,Jimenez,5820
kylie.coleman3@tak.nz,Kylie,Coleman,5821
james.simmons3@tak.nz,James,Simmons,5822
linda.reynolds3@tak.nz,Linda,Reynolds,5823
joseph.chapman3@tak.nz,Joseph,Chapman,5824
nancy.marshall3@tak.nz,Nancy,Marshall,5825
mark.warren3@tak.nz,Mark,Warren,5826
emily.larsen3@tak.nz,Emily,Larsen,5827
kevin.cameron3@tak.nz,Kevin,Cameron,5828
stephanie.grant3@tak.nz,Stephanie,Grant,5829
jeffrey.chambers3@tak.nz,Jeffrey,Chambers,5830
shirley.nolan3@tak.nz,Shirley,Nolan,5831
stephen.lawson3@tak.nz,Stephen,Lawson,5832
emma.blackwood3@tak.nz,Emma,Blackwood,5833
gregory.sutherland3@tak.nz,Gregory,Sutherland,5834
carolyn.jones3@tak.nz,Carolyn,Jones,5835
jerry.lopez3@tak.nz,Jerry,Lopez,5836
julie.jackson3@tak.nz,Julie,Jackson,5837
zachary.sanchez3@tak.nz,Zachary,Sanchez,5838
joan.allen3@tak.nz,Joan,Allen,5839
jeremy.flores3@tak.nz,Jeremy,Flores,5840
jacqueline.campbell3@tak.nz,Jacqueline,Campbell,5841
gerald.turner3@tak.nz,Gerald,Turner,5842
julia.stewart3@tak.nz,Julia,Stewart,5843
jesse.ortiz3@tak.nz,Jesse,Ortiz,5844
marilyn.howard3@tak.nz,Marilyn,Howard,5845
alan.brooks3@tak.nz,Alan,Brooks,5846
natalie.ruiz3@tak.nz,Natalie,Ruiz,5847
vincent.myers3@tak.nz,Vincent,Myers,5848
doris.perry3@tak.nz,Doris,Perry,5849
philip.barnes3@tak.nz,Philip,Barnes,5850
chloe.patterson3@tak.nz,Chloe,Patterson,5851
craig.moreno3@tak.nz,Craig,Moreno,5852
ellie.ellis3@tak.nz,Ellie,Ellis,5853
robert.harrison3@tak.nz,Robert,Harrison,5854
barbara.simpson3@tak.nz,Barbara,Simpson,5855
charles.pedersen3@tak.nz,Charles,Pedersen,5856
margaret.ferguson3@tak.nz,Margaret,Ferguson,5857
steven.marsh3@tak.nz,Steven,Marsh,5858
michelle.boyd3@tak.nz,Michelle,Boyd,5859
george.palmer3@tak.nz,George,Palmer,5860
sharon.burton3@tak.nz,Sharon,Burton,5861
jacob.radley3@tak.nz,Jacob,Radley,5862
helen.smith3@tak.nz,Helen,Smith,5863
justin.davis3@tak.nz,Justin,Davis,5864
katherine.anderson3@tak.nz,Katherine,Anderson,5865
frank.perez3@tak.nz,Frank,Perez,5866
ruth.lewis3@tak.nz,Ruth,Lewis,5867
aaron.scott3@tak.nz,Aaron,Scott,5868
victoria.nelson3@tak.nz,Victoria,Nelson,5869
peter.roberts3@tak.nz,Peter,Roberts,5870
judith.cruz3@tak.nz,Judith,Cruz,5871
keith.murphy3@tak.nz,Keith,Murphy,5872
gloria.peterson3@tak.nz,Gloria,Peterson,5873
harold.cox3@tak.nz,Harold,Cox,5874
judy.james3@tak.nz,Judy,James,5875
billy.alvarez3@tak.nz,Billy,Alvarez,5876
danielle.foster3@tak.nz,Danielle,Foster,5877
albert.bell3@tak.nz,Albert,Bell,5878
lori.vasquez3@tak.nz,Lori,Vasquez,5879
roy.graham3@tak.nz,Roy,Graham,5880
erin.hayes3@tak.nz,Erin,Hayes,5881
curtis.ford3@tak.nz,Curtis,Ford,5882
bethany.wells3@tak.nz,Bethany,Wells,5883
fred.berg3@tak.nz,Fred,Berg,5884
mary.fraser3@tak.nz,Mary,Fraser,5885
william.douglas3@tak.nz,William,Douglas,5886
jessica.harvey3@tak.nz,Jessica,Harvey,5887
daniel.hunt3@tak.nz,Daniel,Hunt,5888
sandra.franklin3@tak.nz,Sandra,Franklin,5889
andrew.whitfield3@tak.nz,Andrew,Whitfield,5890
amanda.redmond3@tak.nz,Amanda,Redmond,5891
ronald.brown3@tak.nz,Ronald,Brown,5892
cynthia.hernandez3@tak.nz,Cynthia,Hernandez,5893
nicholas.moore3@tak.nz,Nicholas,Moore,5894
brenda.harris3@tak.nz,Brenda,Harris,5895
brandon.young3@tak.nz,Brandon,Young,5896
debra.hill3@tak.nz,Debra,Hill,5897
raymond.rivera3@tak.nz,Raymond,Rivera,5898
heather.evans3@tak.nz,Heather,Evans,5899
adam.reyes3@tak.nz,Adam,Reyes,5900
kelly.gutierrez3@tak.nz,Kelly,Gutierrez,5901
ethan.kelly3@tak.nz,Ethan,Kelly,5902
andrea.watson3@tak.nz,Andrea,Watson,5903
terry.mendoza3@tak.nz,Terry,Mendoza,5904
sara.patel3@tak.nz,Sara,Patel,5905
arthur.jenkins3@tak.nz,Arthur,Jenkins,5906
madison.henderson3@tak.nz,Madison,Henderson,5907
gabriel.jordan3@tak.nz,Gabriel,Jordan,5908
brittany.wallace3@tak.nz,Brittany,Wallace,5909
elijah.bryant3@tak.nz,Elijah,Bryant,5910
tiffany.mcdonald3@tak.nz,Tiffany,McDonald,5911
bobby.webb3@tak.nz,Bobby,Webb,5912
sophia.andersen3@tak.nz,Sophia,Andersen,5913
jimmy.macdonald3@tak.nz,Jimmy,MacDonald,5914
leah.bishop3@tak.nz,Leah,Bishop,5915
chad.holt3@tak.nz,Chad,Holt,5916
jennifer.curtis3@tak.nz,Jennifer,Curtis,5917
richard.manning3@tak.nz,Richard,Manning,5918
karen.kingsley3@tak.nz,Karen,Kingsley,5919
anthony.ashford3@tak.nz,Anthony,Ashford,5920
kimberly.miller3@tak.nz,Kimberly,Miller,5921
kenneth.wilson3@tak.nz,Kenneth,Wilson,5922
deborah.lee3@tak.nz,Deborah,Lee,5923
jason.ramirez3@tak.nz,Jason,Ramirez,5924
amy.wright3@tak.nz,Amy,Wright,5925
jonathan.adams3@tak.nz,Jonathan,Adams,5926
nicole.carter3@tak.nz,Nicole,Carter,5927
samuel.parker3@tak.nz,Samuel,Parker,5928
catherine.morales3@tak.nz,Catherine,Morales,5929
dennis.cooper3@tak.nz,Dennis,Cooper,5930
virginia.kim3@tak.nz,Virginia,Kim,5931
henry.wood3@tak.nz,Henry,Wood,5932
lauren.price3@tak.nz,Lauren,Price,5933
noah.ross3@tak.nz,Noah,Ross,5934
hannah.sullivan3@tak.nz,Hannah,Sullivan,5935
sean.fisher3@tak.nz,Sean,Fisher,5936
marie.hamilton3@tak.nz,Marie,Hamilton,5937
jordan.cole3@tak.nz,Jordan,Cole,5938
denise.murray3@tak.nz,Denise,Murray,5939
logan.kennedy3@tak.nz,Logan,Kennedy,5940
abigail.christensen3@tak.nz,Abigail,Christensen,5941
randy.erikson3@tak.nz,Randy,Erikson,5942
alice.sinclair3@tak.nz,Alice,Sinclair,5943
bradley.barker3@tak.nz,Bradley,Barker,5944
renee.dixon3@tak.nz,Renee,Dixon,5945
todd.gardner3@tak.nz,Todd,Gardner,5946
tara.chapman3@tak.nz,Tara,Chapman,5947
john.delaney3@tak.nz,John,Delaney,5948
elizabeth.williams3@tak.nz,Elizabeth,Williams,5949
thomas.martinez3@tak.nz,Thomas,Martinez,5950
lisa.taylor3@tak.nz,Lisa,Taylor,5951
donald.white3@tak.nz,Donald,White,5952
donna.walker3@tak.nz,Donna,Walker,5953
brian.nguyen3@tak.nz,Brian,Nguyen,5954
rebecca.hall3@tak.nz,Rebecca,Hall,5955
ryan.phillips3@tak.nz,Ryan,Phillips,5956
angela.collins3@tak.nz,Angela,Collins,5957
larry.rogers3@tak.nz,Larry,Rogers,5958
samantha.reed3@tak.nz,Samantha,Reed,5959
alexander.richardson3@tak.nz,Alexander,Richardson,5960
janet.gray3@tak.nz,Janet,Gray,5961
tyler.sanders3@tak.nz,Tyler,Sanders,5962
joyce.powell3@tak.nz,Joyce,Powell,5963
douglas.butler3@tak.nz,Douglas,Butler,5964
evelyn.romero3@tak.nz,Evelyn,Romero,5965
christian.griffin3@tak.nz,Christian,Griffin,5966
martha.gibson3@tak.nz,Martha,Gibson,5967
carl.owens3@tak.nz,Carl,Owens,5968
grace.fernandez3@tak.nz,Grace,Fernandez,5969
bryan.hansen3@tak.nz,Bryan,Hansen,5970
amber.stewart3@tak.nz,Amber,Stewart,5971
juan.henderson3@tak.nz,Juan,Henderson,5972
jane.newton3@tak.nz,Jane,Newton,5973
mason.barrett3@tak.nz,Mason,Barrett,5974
gina.todd3@tak.nz,Gina,Todd,5975
eugene.ashworth3@tak.nz,Eugene,Ashworth,5976
charlotte.blackburn3@tak.nz,Charlotte,Blackburn,5977
alexis.garcia3@tak.nz,Alexis,Garcia,5978
priscilla.gonzalez3@tak.nz,Priscilla,Gonzalez,5979
michael.martin3@tak.nz,Michael,Martin,5980
susan.clark4@tak.nz,Susan,Clark,5981
christopher.king4@tak.nz,Christopher,King,5982
betty.green4@tak.nz,Betty,Green,5983
paul.mitchell4@tak.nz,Paul,Mitchell,5984
carol.diaz4@tak.nz,Carol,Diaz,5985
timothy.morris4@tak.nz,Timothy,Morris,5986
laura.morgan4@tak.nz,Laura,Morgan,5987
gary.ramos4@tak.nz,Gary,Ramos,5988
anna.chavez4@tak.nz,Anna,Chavez,5989
scott.hughes4@tak.nz,Scott,Hughes,5990
christine.long4@tak.nz,Christine,Long,5991
patrick.russell4@tak.nz,Patrick,Russell,5992
maria.gonzales4@tak.nz,Maria,Gonzales,5993
jose.alexander4@tak.nz,Jose,Alexander,5994
olivia.west4@tak.nz,Olivia,West,5995
kyle.stevens4@tak.nz,Kyle,Stevens,5996
megan.ruiz4@tak.nz,Megan,Ruiz,5997
roger.stevenson4@tak.nz,Roger,Stevenson,5998
teresa.olsen4@tak.nz,Teresa,Olsen,5999
dylan.duncan4@tak.nz,Dylan,Duncan,6000
theresa.fletcher4@tak.nz,Theresa,Fletcher,6001
bruce.pearce4@tak.nz,Bruce,Pearce,6002
rose.osborne4@tak.nz,Rose,Osborne,6003
willie.kirk4@tak.nz,Willie,Kirk,6004
alexis.winslow4@tak.nz,Alexis,Winslow,6005
ralph.johnson4@tak.nz,Ralph,Johnson,6006
isabella.rodriguez4@tak.nz,Isabella,Rodriguez,6007
louis.thomas4@tak.nz,Louis,Thomas,6008
jasmine.thompson4@tak.nz,Jasmine,Thompson,6009
marcus.robinson4@tak.nz,Marcus,Robinson,6010
patricia.torres4@tak.nz,Patricia,Torres,6011
david.baker4@tak.nz,David,Baker,6012
sarah.gomez4@tak.nz,Sarah,Gomez,6013
matthew.edwards4@tak.nz,Matthew,Edwards,6014
ashley.cook4@tak.nz,Ashley,Cook,6015
joshua.bailey4@tak.nz,Joshua,Bailey,6016
melissa.ward4@tak.nz,Melissa,Ward,6017
edward.bennett4@tak.nz,Edward,Bennett,6018
kathleen.castillo4@tak.nz,Kathleen,Castillo,6019
eric.jimenez4@tak.nz,Eric,Jimenez,6020
pamela.coleman4@tak.nz,Pamela,Coleman,6021
benjamin.simmons4@tak.nz,Benjamin,Simmons,6022
rachel.reynolds4@tak.nz,Rachel,Reynolds,6023
jack.chapman4@tak.nz,Jack,Chapman,6024
diane.marshall4@tak.nz,Diane,Marshall,6025
nathan.warren4@tak.nz,Nathan,Warren,6026
christina.larsen4@tak.nz,Christina,Larsen,6027
walter.cameron4@tak.nz,Walter,Cameron,6028
cheryl.grant4@tak.nz,Cheryl,Grant,6029
austin.chambers4@tak.nz,Austin,Chambers,6030
janice.nolan4@tak.nz,Janice,Nolan,6031
lawrence.lawson4@tak.nz,Lawrence,Lawson,6032
beverly.blackwood4@tak.nz,Beverly,Blackwood,6033
joe.sutherland4@tak.nz,Joe,Sutherland,6034
diana.jones4@tak.nz,Diana,Jones,6035
wayne.lopez4@tak.nz,Wayne,Lopez,6036
kayla.jackson4@tak.nz,Kayla,Jackson,6037
russell.sanchez4@tak.nz,Russell,Sanchez,6038
ava.allen4@tak.nz,Ava,Allen,6039
lee.flores4@tak.nz,Lee,Flores,6040
kylie.campbell4@tak.nz,Kylie,Campbell,6041
james.turner4@tak.nz,James,Turner,6042
linda.stewart4@tak.nz,Linda,Stewart,6043
joseph.ortiz4@tak.nz,Joseph,Ortiz,6044
nancy.howard4@tak.nz,Nancy,Howard,6045
mark.brooks4@tak.nz,Mark,Brooks,6046
emily.ruiz4@tak.nz,Emily,Ruiz,6047
kevin.myers4@tak.nz,Kevin,Myers,6048
stephanie.perry4@tak.nz,Stephanie,Perry,6049
jeffrey.barnes4@tak.nz,Jeffrey,Barnes,6050
shirley.patterson4@tak.nz,Shirley,Patterson,6051
stephen.moreno4@tak.nz,Stephen,Moreno,6052
emma.ellis4@tak.nz,Emma,Ellis,6053
gregory.harrison4@tak.nz,Gregory,Harrison,6054
carolyn.simpson4@tak.nz,Carolyn,Simpson,6055
jerry.pedersen4@tak.nz,Jerry,Pedersen,6056
julie.ferguson4@tak.nz,Julie,Ferguson,6057
zachary.marsh4@tak.nz,Zachary,Marsh,6058
joan.boyd4@tak.nz,Joan,Boyd,6059
jeremy.palmer4@tak.nz,Jeremy,Palmer,6060
jacqueline.burton4@tak.nz,Jacqueline,Burton,6061
gerald.radley4@tak.nz,Gerald,Radley,6062
julia.smith4@tak.nz,Julia,Smith,6063
jesse.davis4@tak.nz,Jesse,Davis,6064
marilyn.anderson4@tak.nz,Marilyn,Anderson,6065
alan.perez4@tak.nz,Alan,Perez,6066
natalie.lewis4@tak.nz,Natalie,Lewis,6067
vincent.scott4@tak.nz,Vincent,Scott,6068
doris.nelson4@tak.nz,Doris,Nelson,6069
philip.roberts4@tak.nz,Philip,Roberts,6070
chloe.cruz4@tak.nz,Chloe,Cruz,6071
craig.murphy4@tak.nz,Craig,Murphy,6072
ellie.peterson4@tak.nz,Ellie,Peterson,6073
robert.cox4@tak.nz,Robert,Cox,6074
barbara.james4@tak.nz,Barbara,James,6075
charles.alvarez4@tak.nz,Charles,Alvarez,6076
margaret.foster4@tak.nz,Margaret,Foster,6077
steven.bell4@tak.nz,Steven,Bell,6078
michelle.vasquez4@tak.nz,Michelle,Vasquez,6079
george.graham4@tak.nz,George,Graham,6080
sharon.hayes4@tak.nz,Sharon,Hayes,6081
jacob.ford4@tak.nz,Jacob,Ford,6082
helen.wells4@tak.nz,Helen,Wells,6083
justin.berg4@tak.nz,Justin,Berg,6084
katherine.fraser4@tak.nz,Katherine,Fraser,6085
frank.douglas4@tak.nz,Frank,Douglas,6086
ruth.harvey4@tak.nz,Ruth,Harvey,6087
aaron.hunt4@tak.nz,Aaron,Hunt,6088
victoria.franklin4@tak.nz,Victoria,Franklin,6089
peter.whitfield4@tak.nz,Peter,Whitfield,6090
judith.redmond4@tak.nz,Judith,Redmond,6091
keith.brown4@tak.nz,Keith,Brown,6092
gloria.hernandez4@tak.nz,Gloria,Hernandez,6093
harold.moore4@tak.nz,Harold,Moore,6094
judy.harris4@tak.nz,Judy,Harris,6095
billy.young4@tak.nz,Billy,Young,6096
danielle.hill4@tak.nz,Danielle,Hill,6097
albert.rivera4@tak.nz,Albert,Rivera,6098
lori.evans4@tak.nz,Lori,Evans,6099
roy.reyes4@tak.nz,Roy,Reyes,6100
erin.gutierrez4@tak.nz,Erin,Gutierrez,6101
curtis.kelly4@tak.nz,Curtis,Kelly,6102
bethany.watson4@tak.nz,Bethany,Watson,6103
fred.mendoza4@tak.nz,Fred,Mendoza,6104
mary.patel4@tak.nz,Mary,Patel,6105
william.jenkins4@tak.nz,William,Jenkins,6106
jessica.henderson4@tak.nz,Jessica,Henderson,6107
daniel.jordan4@tak.nz,Daniel,Jordan,6108
sandra.wallace4@tak.nz,Sandra,Wallace,6109
andrew.bryant4@tak.nz,Andrew,Bryant,6110
amanda.mcdonald4@tak.nz,Amanda,McDonald,6111
ronald.webb4@tak.nz,Ronald,Webb,6112
cynthia.andersen4@tak.nz,Cynthia,Andersen,6113
nicholas.macdonald4@tak.nz,Nicholas,MacDonald,6114
brenda.bishop4@tak.nz,Brenda,Bishop,6115
brandon.holt4@tak.nz,Brandon,Holt,6116
debra.curtis4@tak.nz,Debra,Curtis,6117
raymond.manning4@tak.nz,Raymond,Manning,6118
heather.kingsley4@tak.nz,Heather,Kingsley,6119
adam.ashford4@tak.nz,Adam,Ashford,6120
kelly.miller4@tak.nz,Kelly,Miller,6121
ethan.wilson4@tak.nz,Ethan,Wilson,6122
andrea.lee4@tak.nz,Andrea,Lee,6123
terry.ramirez4@tak.nz,Terry,Ramirez,6124
sara.wright4@tak.nz,Sara,Wright,6125
arthur.adams4@tak.nz,Arthur,Adams,6126
madison.carter4@tak.nz,Madison,Carter,6127
gabriel.parker4@tak.nz,Gabriel,Parker,6128
brittany.morales4@tak.nz,Brittany,Morales,6129
elijah.cooper4@tak.nz,Elijah,Cooper,6130
tiffany.kim4@tak.nz,Tiffany,Kim,6131
bobby.wood4@tak.nz,Bobby,Wood,6132
sophia.price4@tak.nz,Sophia,Price,6133
jimmy.ross4@tak.nz,Jimmy,Ross,6134
leah.sullivan4@tak.nz,Leah,Sullivan,6135
chad.fisher4@tak.nz,Chad,Fisher,6136
jennifer.hamilton4@tak.nz,Jennifer,Hamilton,6137
richard.cole4@tak.nz,Richard,Cole,6138
karen.murray4@tak.nz,Karen,Murray,6139
anthony.kennedy4@tak.nz,Anthony,Kennedy,6140
kimberly.christensen4@tak.nz,Kimberly,Christensen,6141
kenneth.erikson4@tak.nz,Kenneth,Erikson,6142
deborah.sinclair4@tak.nz,Deborah,Sinclair,6143
jason.barker4@tak.nz,Jason,Barker,6144
amy.dixon4@tak.nz,Amy,Dixon,6145
jonathan.gardner4@tak.nz,Jonathan,Gardner,6146
nicole.chapman4@tak.nz,Nicole,Chapman,6147
samuel.delaney4@tak.nz,Samuel,Delaney,6148
catherine.williams4@tak.nz,Catherine,Williams,6149
dennis.martinez4@tak.nz,Dennis,Martinez,6150
virginia.taylor4@tak.nz,Virginia,Taylor,6151
henry.white4@tak.nz,Henry,White,6152
lauren.walker4@tak.nz,Lauren,Walker,6153
noah.nguyen4@tak.nz,Noah,Nguyen,6154
hannah.hall4@tak.nz,Hannah,Hall,6155
sean.phillips4@tak.nz,Sean,Phillips,6156
marie.collins4@tak.nz,Marie,Collins,6157
jordan.rogers4@tak.nz,Jordan,Rogers,6158
denise.reed4@tak.nz,Denise,Reed,6159
logan.richardson4@tak.nz,Logan,Richardson,6160
abigail.gray4@tak.nz,Abigail,Gray,6161
randy.sanders4@tak.nz,Randy,Sanders,6162
alice.powell4@tak.nz,Alice,Powell,6163
bradley.butler4@tak.nz,Bradley,Butler,6164
renee.romero4@tak.nz,Renee,Romero,6165
todd.griffin4@tak.nz,Todd,Griffin,6166
tara.gibson4@tak.nz,Tara,Gibson,6167
john.owens4@tak.nz,John,Owens,6168
elizabeth.fernandez4@tak.nz,Elizabeth,Fernandez,6169
thomas.hansen4@tak.nz,Thomas,Hansen,6170
lisa.stewart4@tak.nz,Lisa,Stewart,6171
donald.henderson4@tak.nz,Donald,Henderson,6172
donna.newton4@tak.nz,Donna,Newton,6173
brian.barrett4@tak.nz,Brian,Barrett,6174
rebecca.todd4@tak.nz,Rebecca,Todd,6175
ryan.ashworth4@tak.nz,Ryan,Ashworth,6176
angela.blackburn4@tak.nz,Angela,Blackburn,6177
larry.garcia4@tak.nz,Larry,Garcia,6178
samantha.gonzalez4@tak.nz,Samantha,Gonzalez,6179
alexander.martin4@tak.nz,Alexander,Martin,6180
janet.clark4@tak.nz,Janet,Clark,6181
tyler.king4@tak.nz,Tyler,King,6182
joyce.green4@tak.nz,Joyce,Green,6183
douglas.mitchell4@tak.nz,Douglas,Mitchell,6184
evelyn.diaz4@tak.nz,Evelyn,Diaz,6185
christian.morris4@tak.nz,Christian,Morris,6186
martha.morgan4@tak.nz,Martha,Morgan,6187
carl.ramos4@tak.nz,Carl,Ramos,6188
grace.chavez4@tak.nz,Grace,Chavez,6189
bryan.hughes4@tak.nz,Bryan,Hughes,6190
amber.long4@tak.nz,Amber,Long,6191
juan.russell4@tak.nz,Juan,Russell,6192
jane.gonzales4@tak.nz,Jane,Gonzales,6193
mason.alexander4@tak.nz,Mason,Alexander,6194
gina.west4@tak.nz,Gina,West,6195
eugene.stevens4@tak.nz,Eugene,Stevens,6196
charlotte.ruiz4@tak.nz,Charlotte,Ruiz,6197
alexis.stevenson4@tak.nz,Alexis,Stevenson,6198
priscilla.olsen4@tak.nz,Priscilla,Olsen,6199
michael.duncan4@tak.nz,Michael,Duncan,6200
susan.fletcher4@tak.nz,Susan,Fletcher,6201
christopher.pearce4@tak.nz,Christopher,Pearce,6202
betty.osborne4@tak.nz,Betty,Osborne,6203
paul.kirk4@tak.nz,Paul,Kirk,6204
carol.winslow4@tak.nz,Carol,Winslow,6205
timothy.johnson4@tak.nz,Timothy,Johnson,6206
laura.rodriguez4@tak.nz,Laura,Rodriguez,6207
gary.thomas4@tak.nz,Gary,Thomas,6208
anna.thompson4@tak.nz,Anna,Thompson,6209
scott.robinson4@tak.nz,Scott,Robinson,6210
christine.torres4@tak.nz,Christine,Torres,6211
patrick.baker4@tak.nz,Patrick,Baker,6212
maria.gomez4@tak.nz,Maria,Gomez,6213
jose.edwards4@tak.nz,Jose,Edwards,6214
olivia.cook4@tak.nz,Olivia,Cook,6215
kyle.bailey4@tak.nz,Kyle,Bailey,6216
megan.ward4@tak.nz,Megan,Ward,6217
roger.bennett4@tak.nz,Roger,Bennett,6218
teresa.castillo4@tak.nz,Teresa,Castillo,6219
dylan.jimenez4@tak.nz,Dylan,Jimenez,6220
theresa.coleman4@tak.nz,Theresa,Coleman,6221
bruce.simmons4@tak.nz,Bruce,Simmons,6222
rose.reynolds4@tak.nz,Rose,Reynolds,6223
willie.chapman4@tak.nz,Willie,Chapman,6224
alexis.marshall4@tak.nz,Alexis,Marshall,6225
ralph.warren4@tak.nz,Ralph,Warren,6226
isabella.larsen4@tak.nz,Isabella,Larsen,6227
louis.cameron4@tak.nz,Louis,Cameron,6228
jasmine.grant4@tak.nz,Jasmine,Grant,6229
marcus.chambers4@tak.nz,Marcus,Chambers,6230
patricia.nolan4@tak.nz,Patricia,Nolan,6231
david.lawson4@tak.nz,David,Lawson,6232
sarah.blackwood4@tak.nz,Sarah,Blackwood,6233
matthew.sutherland4@tak.nz,Matthew,Sutherland,6234
ashley.jones4@tak.nz,Ashley,Jones,6235
joshua.lopez4@tak.nz,Joshua,Lopez,6236
melissa.jackson4@tak.nz,Melissa,Jackson,6237
edward.sanchez4@tak.nz,Edward,Sanchez,6238
kathleen.allen4@tak.nz,Kathleen,Allen,6239
eric.flores4@tak.nz,Eric,Flores,6240
pamela.campbell4@tak.nz,Pamela,Campbell,6241
benjamin.turner4@tak.nz,Benjamin,Turner,6242
rachel.stewart4@tak.nz,Rachel,Stewart,6243
jack.ortiz4@tak.nz,Jack,Ortiz,6244
diane.howard4@tak.nz,Diane,Howard,6245
nathan.brooks4@tak.nz,Nathan,Brooks,6246
christina.ruiz4@tak.nz,Christina,Ruiz,6247
walter.myers4@tak.nz,Walter,Myers,6248
cheryl.perry4@tak.nz,Cheryl,Perry,6249
austin.barnes4@tak.nz,Austin,Barnes,6250
janice.patterson4@tak.nz,Janice,Patterson,6251
lawrence.moreno4@tak.nz,Lawrence,Moreno,6252
beverly.ellis4@tak.nz,Beverly,Ellis,6253
joe.harrison4@tak.nz,Joe,Harrison,6254
diana.simpson4@tak.nz,Diana,Simpson,6255
wayne.pedersen4@tak.nz,Wayne,Pedersen,6256
kayla.ferguson4@tak.nz,Kayla,Ferguson,6257
russell.marsh4@tak.nz,Russell,Marsh,6258
ava.boyd4@tak.nz,Ava,Boyd,6259
lee.palmer4@tak.nz,Lee,Palmer,6260
kylie.burton4@tak.nz,Kylie,Burton,6261
james.radley4@tak.nz,James,Radley,6262
linda.smith4@tak.nz,Linda,Smith,6263
joseph.davis4@tak.nz,Joseph,Davis,6264
nancy.anderson4@tak.nz,Nancy,Anderson,6265
mark.perez4@tak.nz,Mark,Perez,6266
emily.lewis4@tak.nz,Emily,Lewis,6267
kevin.scott4@tak.nz,Kevin,Scott,6268
stephanie.nelson4@tak.nz,Stephanie,Nelson,6269
jeffrey.roberts4@tak.nz,Jeffrey,Roberts,6270
shirley.cruz4@tak.nz,Shirley,Cruz,6271
stephen.murphy4@tak.nz,Stephen,Murphy,6272
emma.peterson4@tak.nz,Emma,Peterson,6273
gregory.cox4@tak.nz,Gregory,Cox,6274
carolyn.james4@tak.nz,Carolyn,James,6275
jerry.alvarez4@tak.nz,Jerry,Alvarez,6276
julie.foster4@tak.nz,Julie,Foster,6277
zachary.bell4@tak.nz,Zachary,Bell,6278
joan.vasquez4@tak.nz,Joan,Vasquez,6279
jeremy.graham4@tak.nz,Jeremy,Graham,6280
jacqueline.hayes4@tak.nz,Jacqueline,Hayes,6281
gerald.ford4@tak.nz,Gerald,Ford,6282
julia.wells4@tak.nz,Julia,Wells,6283
jesse.berg4@tak.nz,Jesse,Berg,6284
marilyn.fraser4@tak.nz,Marilyn,Fraser,6285
alan.douglas4@tak.nz,Alan,Douglas,6286
natalie.harvey4@tak.nz,Natalie,Harvey,6287
vincent.hunt4@tak.nz,Vincent,Hunt,6288
doris.franklin4@tak.nz,Doris,Franklin,6289
philip.whitfield4@tak.nz,Philip,Whitfield,6290
chloe.redmond4@tak.nz,Chloe,Redmond,6291
craig.brown4@tak.nz,Craig,Brown,6292
ellie.hernandez4@tak.nz,Ellie,Hernandez,6293
robert.moore4@tak.nz,Robert,Moore,6294
barbara.harris4@tak.nz,Barbara,Harris,6295
charles.young4@tak.nz,Charles,Young,6296
margaret.hill4@tak.nz,Margaret,Hill,6297
steven.rivera4@tak.nz,Steven,Rivera,6298
michelle.evans4@tak.nz,Michelle,Evans,6299
george.reyes4@tak.nz,George,Reyes,6300
sharon.gutierrez4@tak.nz,Sharon,Gutierrez,6301
jacob.kelly4@tak.nz,Jacob,Kelly,6302
helen.watson4@tak.nz,Helen,Watson,6303
justin.mendoza4@tak.nz,Justin,Mendoza,6304
katherine.patel4@tak.nz,Katherine,Patel,6305
frank.jenkins4@tak.nz,Frank,Jenkins,6306
ruth.henderson4@tak.nz,Ruth,Henderson,6307
aaron.jordan4@tak.nz,Aaron,Jordan,6308
victoria.wallace4@tak.nz,Victoria,Wallace,6309
peter.bryant4@tak.nz,Peter,Bryant,6310
judith.mcdonald4@tak.nz,Judith,McDonald,6311
keith.webb4@tak.nz,Keith,Webb,6312
gloria.andersen4@tak.nz,Gloria,Andersen,6313
harold.macdonald4@tak.nz,Harold,MacDonald,6314
judy.bishop4@tak.nz,Judy,Bishop,6315
billy.holt4@tak.nz,Billy,Holt,6316
danielle.curtis4@tak.nz,Danielle,Curtis,6317
albert.manning4@tak.nz,Albert,Manning,6318
lori.kingsley4@tak.nz,Lori,Kingsley,6319
roy.ashford4@tak.nz,Roy,Ashford,6320
erin.miller4@tak.nz,Erin,Miller,6321
curtis.wilson4@tak.nz,Curtis,Wilson,6322
bethany.lee4@tak.nz,Bethany,Lee,6323
fred.ramirez4@tak.nz,Fred,Ramirez,6324
mary.wright4@tak.nz,Mary,Wright,6325
william.adams4@tak.nz,William,Adams,6326
jessica.carter4@tak.nz,Jessica,Carter,6327
daniel.parker4@tak.nz,Daniel,Parker,6328
sandra.morales4@tak.nz,Sandra,Morales,6329
andrew.cooper4@tak.nz,Andrew,Cooper,6330
amanda.kim4@tak.nz,Amanda,Kim,6331
ronald.wood4@tak.nz,Ronald,Wood,6332
cynthia.price4@tak.nz,Cynthia,Price,6333
nicholas.ross4@tak.nz,Nicholas,Ross,6334
brenda.sullivan4@tak.nz,Brenda,Sullivan,6335
brandon.fisher4@tak.nz,Brandon,Fisher,6336
debra.hamilton4@tak.nz,Debra,Hamilton,6337
raymond.cole4@tak.nz,Raymond,Cole,6338
heather.murray4@tak.nz,Heather,Murray,6339
adam.kennedy4@tak.nz,Adam,Kennedy,6340
kelly.christensen4@tak.nz,Kelly,Christensen,6341
ethan.erikson4@tak.nz,Ethan,Erikson,6342
andrea.sinclair4@tak.nz,Andrea,Sinclair,6343
terry.barker4@tak.nz,Terry,Barker,6344
sara.dixon4@tak.nz,Sara,Dixon,6345
arthur.gardner4@tak.nz,Arthur,Gardner,6346
madison.chapman4@tak.nz,Madison,Chapman,6347
gabriel.delaney4@tak.nz,Gabriel,Delaney,6348
brittany.williams4@tak.nz,Brittany,Williams,6349
elijah.martinez4@tak.nz,Elijah,Martinez,6350
tiffany.taylor4@tak.nz,Tiffany,Taylor,6351
bobby.white4@tak.nz,Bobby,White,6352
sophia.walker4@tak.nz,Sophia,Walker,6353
jimmy.nguyen4@tak.nz,Jimmy,Nguyen,6354
leah.hall4@tak.nz,Leah,Hall,6355
chad.phillips4@tak.nz,Chad,Phillips,6356
jennifer.collins4@tak.nz,Jennifer,Collins,6357
richard.rogers4@tak.nz,Richard,Rogers,6358
karen.reed4@tak.nz,Karen,Reed,6359
anthony.richardson4@tak.nz,Anthony,Richardson,6360
kimberly.gray4@tak.nz,Kimberly,Gray,6361
kenneth.sanders4@tak.nz,Kenneth,Sanders,6362
deborah.powell4@tak.nz,Deborah,Powell,6363
jason.butler4@tak.nz,Jason,Butler,6364
amy.romero4@tak.nz,Amy,Romero,6365
jonathan.griffin4@tak.nz,Jonathan,Griffin,6366
nicole.gibson4@tak.nz,Nicole,Gibson,6367
samuel.owens4@tak.nz,Samuel,Owens,6368
catherine.fernandez4@tak.nz,Catherine,Fernandez,6369
dennis.hansen4@tak.nz,Dennis,Hansen,6370
virginia.stewart4@tak.nz,Virginia,Stewart,6371
henry.henderson4@tak.nz,Henry,Henderson,6372
lauren.newton4@tak.nz,Lauren,Newton,6373
noah.barrett4@tak.nz,Noah,Barrett,6374
hannah.todd4@tak.nz,Hannah,Todd,6375
sean.ashworth4@tak.nz,Sean,Ashworth,6376
marie.blackburn4@tak.nz,Marie,Blackburn,6377
jordan.garcia4@tak.nz,Jordan,Garcia,6378
denise.gonzalez4@tak.nz,Denise,Gonzalez,6379
logan.martin4@tak.nz,Logan,Martin,6380
abigail.clark4@tak.nz,Abigail,Clark,6381
randy.king4@tak.nz,Randy,King,6382
alice.green4@tak.nz,Alice,Green,6383
bradley.mitchell4@tak.nz,Bradley,Mitchell,6384
renee.diaz4@tak.nz,Renee,Diaz,6385
todd.morris4@tak.nz,Todd,Morris,6386
tara.morgan4@tak.nz,Tara,Morgan,6387
john.ramos4@tak.nz,John,Ramos,6388
elizabeth.chavez4@tak.nz,Elizabeth,Chavez,6389
thomas.hughes4@tak.nz,Thomas,Hughes,6390
lisa.long4@tak.nz,Lisa,Long,6391
donald.russell4@tak.nz,Donald,Russell,6392
donna.gonzales4@tak.nz,Donna,Gonzales,6393
brian.alexander4@tak.nz,Brian,Alexander,6394
rebecca.west4@tak.nz,Rebecca,West,6395
ryan.stevens4@tak.nz,Ryan,Stevens,6396
angela.ruiz4@tak.nz,Angela,Ruiz,6397
larry.stevenson4@tak.nz,Larry,Stevenson,6398
samantha.olsen4@tak.nz,Samantha,Olsen,6399
alexander.duncan4@tak.nz,Alexander,Duncan,6400
janet.fletcher4@tak.nz,Janet,Fletcher,6401
tyler.pearce4@tak.nz,Tyler,Pearce,6402
joyce.osborne4@tak.nz,Joyce,Osborne,6403
douglas.kirk4@tak.nz,Douglas,Kirk,6404
evelyn.winslow4@tak.nz,Evelyn,Winslow,6405
christian.johnson4@tak.nz,Christian,Johnson,6406
martha.rodriguez4@tak.nz,Martha,Rodriguez,6407
carl.thomas4@tak.nz,Carl,Thomas,6408
grace.thompson4@tak.nz,Grace,Thompson,6409
bryan.robinson4@tak.nz,Bryan,Robinson,6410
amber.torres4@tak.nz,Amber,Torres,6411
juan.baker4@tak.nz,Juan,Baker,6412
jane.gomez4@tak.nz,Jane,Gomez,6413
mason.edwards4@tak.nz,Mason,Edwards,6414
gina.cook4@tak.nz,Gina,Cook,6415
eugene.bailey4@tak.nz,Eugene,Bailey,6416
charlotte.ward4@tak.nz,Charlotte,Ward,6417
alexis.bennett4@tak.nz,Alexis,Bennett,6418
priscilla.castillo4@tak.nz,Priscilla,Castillo,6419
michael.jimenez4@tak.nz,Michael,Jimenez,6420
susan.coleman4@tak.nz,Susan,Coleman,5781
christopher.simmons4@tak.nz,Christopher,Simmons,5782
betty.reynolds4@tak.nz,Betty,Reynolds,5783
paul.chapman4@tak.nz,Paul,Chapman,5784
carol.marshall4@tak.nz,Carol,Marshall,5785
timothy.warren4@tak.nz,Timothy,Warren,5786
laura.larsen4@tak.nz,Laura,Larsen,5787
gary.cameron4@tak.nz,Gary,Cameron,5788
anna.grant4@tak.nz,Anna,Grant,5789
scott.chambers4@tak.nz,Scott,Chambers,5790
christine.nolan4@tak.nz,Christine,Nolan,5791
patrick.lawson4@tak.nz,Patrick,Lawson,5792
maria.blackwood4@tak.nz,Maria,Blackwood,5793
jose.sutherland4@tak.nz,Jose,Sutherland,5794
olivia.jones4@tak.nz,Olivia,Jones,5795
kyle.lopez4@tak.nz,Kyle,Lopez,5796
megan.jackson4@tak.nz,Megan,Jackson,5797
roger.sanchez4@tak.nz,Roger,Sanchez,5798
teresa.allen4@tak.nz,Teresa,Allen,5799
dylan.flores4@tak.nz,Dylan,Flores,5800
theresa.campbell4@tak.nz,Theresa,Campbell,5801
bruce.turner4@tak.nz,Bruce,Turner,5802
rose.stewart4@tak.nz,Rose,Stewart,5803
willie.ortiz4@tak.nz,Willie,Ortiz,5804
alexis.howard4@tak.nz,Alexis,Howard,5805
ralph.brooks4@tak.nz,Ralph,Brooks,5806
isabella.ruiz4@tak.nz,Isabella,Ruiz,5807
louis.myers4@tak.nz,Louis,Myers,5808
jasmine.perry4@tak.nz,Jasmine,Perry,5809
marcus.barnes4@tak.nz,Marcus,Barnes,5810
patricia.patterson4@tak.nz,Patricia,Patterson,5811
david.moreno4@tak.nz,David,Moreno,5812
sarah.ellis4@tak.nz,Sarah,Ellis,5813
matthew.harrison4@tak.nz,Matthew,Harrison,5814
ashley.simpson4@tak.nz,Ashley,Simpson,5815
joshua.pedersen4@tak.nz,Joshua,Pedersen,5816
melissa.ferguson4@tak.nz,Melissa,Ferguson,5817
edward.marsh4@tak.nz,Edward,Marsh,5818
kathleen.boyd4@tak.nz,Kathleen,Boyd,5819
eric.palmer4@tak.nz,Eric,Palmer,5820
pamela.burton4@tak.nz,Pamela,Burton,5821
benjamin.radley4@tak.nz,Benjamin,Radley,5822
rachel.smith4@tak.nz,Rachel,Smith,5823
jack.davis4@tak.nz,Jack,Davis,5824
diane.anderson4@tak.nz,Diane,Anderson,5825
nathan.perez4@tak.nz,Nathan,Perez,5826
christina.lewis4@tak.nz,Christina,Lewis,5827
walter.scott4@tak.nz,Walter,Scott,5828
cheryl.nelson4@tak.nz,Cheryl,Nelson,5829
austin.roberts4@tak.nz,Austin,Roberts,5830
janice.cruz4@tak.nz,Janice,Cruz,5831
lawrence.murphy4@tak.nz,Lawrence,Murphy,5832
beverly.peterson4@tak.nz,Beverly,Peterson,5833
joe.cox4@tak.nz,Joe,Cox,5834
diana.james4@tak.nz,Diana,James,5835
wayne.alvarez4@tak.nz,Wayne,Alvarez,5836
kayla.foster4@tak.nz,Kayla,Foster,5837
russell.bell4@tak.nz,Russell,Bell,5838
ava.vasquez4@tak.nz,Ava,Vasquez,5839
lee.graham4@tak.nz,Lee,Graham,5840
kylie.hayes4@tak.nz,Kylie,Hayes,5841
james.ford4@tak.nz,James,Ford,5842
linda.wells4@tak.nz,Linda,Wells,5843
joseph.berg4@tak.nz,Joseph,Berg,5844
nancy.fraser4@tak.nz,Nancy,Fraser,5845
mark.douglas4@tak.nz,Mark,Douglas,5846
emily.harvey4@tak.nz,Emily,Harvey,5847
kevin.hunt4@tak.nz,Kevin,Hunt,5848
stephanie.franklin4@tak.nz,Stephanie,Franklin,5849
jeffrey.whitfield4@tak.nz,Jeffrey,Whitfield,5850
shirley.redmond4@tak.nz,Shirley,Redmond,5851
stephen.brown4@tak.nz,Stephen,Brown,5852
emma.hernandez4@tak.nz,Emma,Hernandez,5853
gregory.moore4@tak.nz,Gregory,Moore,5854
carolyn.harris4@tak.nz,Carolyn,Harris,5855
jerry.young4@tak.nz,Jerry,Young,5856
julie.hill4@tak.nz,Julie,Hill,5857
zachary.rivera4@tak.nz,Zachary,Rivera,5858
joan.evans4@tak.nz,Joan,Evans,5859
jeremy.reyes4@tak.nz,Jeremy,Reyes,5860
jacqueline.gutierrez4@tak.nz,Jacqueline,Gutierrez,5861
gerald.kelly4@tak.nz,Gerald,Kelly,5862
julia.watson4@tak.nz,Julia,Watson,5863
jesse.mendoza4@tak.nz,Jesse,Mendoza,5864
marilyn.patel4@tak.nz,Marilyn,Patel,5865
alan.jenkins4@tak.nz,Alan,Jenkins,5866
natalie.henderson4@tak.nz,Natalie,Henderson,5867
vincent.jordan4@tak.nz,Vincent,Jordan,5868
doris.wallace4@tak.nz,Doris,Wallace,5869
philip.bryant4@tak.nz,Philip,Bryant,5870
chloe.mcdonald4@tak.nz,Chloe,McDonald,5871
craig.webb4@tak.nz,Craig,Webb,5872
ellie.andersen4@tak.nz,Ellie,Andersen,5873
robert.macdonald4@tak.nz,Robert,MacDonald,5874
barbara.bishop4@tak.nz,Barbara,Bishop,5875
charles.holt4@tak.nz,Charles,Holt,5876
margaret.curtis4@tak.nz,Margaret,Curtis,5877
steven.manning4@tak.nz,Steven,Manning,5878
michelle.kingsley4@tak.nz,Michelle,Kingsley,5879
george.ashford4@tak.nz,George,Ashford,5880
sharon.miller4@tak.nz,Sharon,Miller,5881
jacob.wilson4@tak.nz,Jacob,Wilson,5882
helen.lee4@tak.nz,Helen,Lee,5883
justin.ramirez4@tak.nz,Justin,Ramirez,5884
katherine.wright4@tak.nz,Katherine,Wright,5885
frank.adams4@tak.nz,Frank,Adams,5886
ruth.carter4@tak.nz,Ruth,Carter,5887
aaron.parker4@tak.nz,Aaron,Parker,5888
victoria.morales4@tak.nz,Victoria,Morales,5889
peter.cooper4@tak.nz,Peter,Cooper,5890
judith.kim4@tak.nz,Judith,Kim,5891
keith.wood4@tak.nz,Keith,Wood,5892
gloria.price4@tak.nz,Gloria,Price,5893
harold.ross4@tak.nz,Harold,Ross,5894
judy.sullivan4@tak.nz,Judy,Sullivan,5895
billy.fisher4@tak.nz,Billy,Fisher,5896
danielle.hamilton4@tak.nz,Danielle,Hamilton,5897
albert.cole4@tak.nz,Albert,Cole,5898
lori.murray4@tak.nz,Lori,Murray,5899
roy.kennedy4@tak.nz,Roy,Kennedy,5900
erin.christensen4@tak.nz,Erin,Christensen,5901
curtis.erikson4@tak.nz,Curtis,Erikson,5902
bethany.sinclair4@tak.nz,Bethany,Sinclair,5903
fred.barker4@tak.nz,Fred,Barker,5904
mary.dixon4@tak.nz,Mary,Dixon,5905
william.gardner4@tak.nz,William,Gardner,5906
jessica.chapman4@tak.nz,Jessica,Chapman,5907
daniel.delaney4@tak.nz,Daniel,Delaney,5908
sandra.williams4@tak.nz,Sandra,Williams,5909
andrew.martinez4@tak.nz,Andrew,Martinez,5910
amanda.taylor4@tak.nz,Amanda,Taylor,5911
ronald.white4@tak.nz,Ronald,White,5912
cynthia.walker4@tak.nz,Cynthia,Walker,5913
nicholas.nguyen4@tak.nz,Nicholas,Nguyen,5914
brenda.hall4@tak.nz,Brenda,Hall,5915
brandon.phillips4@tak.nz,Brandon,Phillips,5916
debra.collins4@tak.nz,Debra,Collins,5917
raymond.rogers4@tak.nz,Raymond,Rogers,5918
heather.reed4@tak.nz,Heather,Reed,5919
adam.richardson4@tak.nz,Adam,Richardson,5920
kelly.gray4@tak.nz,Kelly,Gray,5921
ethan.sanders4@tak.nz,Ethan,Sanders,5922
andrea.powell4@tak.nz,Andrea,Powell,5923
terry.butler4@tak.nz,Terry,Butler,5924
sara.romero4@tak.nz,Sara,Romero,5925
arthur.griffin4@tak.nz,Arthur,Griffin,5926
madison.gibson4@tak.nz,Madison,Gibson,5927
gabriel.owens4@tak.nz,Gabriel,Owens,5928
brittany.fernandez4@tak.nz,Brittany,Fernandez,5929
elijah.hansen4@tak.nz,Elijah,Hansen,5930
tiffany.stewart4@tak.nz,Tiffany,Stewart,5931
bobby.henderson4@tak.nz,Bobby,Henderson,5932
sophia.newton4@tak.nz,Sophia,Newton,5933
jimmy.barrett4@tak.nz,Jimmy,Barrett,5934
leah.todd4@tak.nz,Leah,Todd,5935
chad.ashworth4@tak.nz,Chad,Ashworth,5936
jennifer.blackburn4@tak.nz,Jennifer,Blackburn,5937
richard.garcia4@tak.nz,Richard,Garcia,5938
karen.gonzalez4@tak.nz,Karen,Gonzalez,5939
anthony.martin4@tak.nz,Anthony,Martin,5940
kimberly.clark4@tak.nz,Kimberly,Clark,5941
kenneth.king4@tak.nz,Kenneth,King,5942
deborah.green4@tak.nz,Deborah,Green,5943
jason.mitchell4@tak.nz,Jason,Mitchell,5944
amy.diaz4@tak.nz,Amy,Diaz,5945
jonathan.morris4@tak.nz,Jonathan,Morris,5946
nicole.morgan4@tak.nz,Nicole,Morgan,5947
samuel.ramos4@tak.nz,Samuel,Ramos,5948
catherine.chavez4@tak.nz,Catherine,Chavez,5949
dennis.hughes4@tak.nz,Dennis,Hughes,5950
virginia.long4@tak.nz,Virginia,Long,5951
henry.russell4@tak.nz,Henry,Russell,5952
lauren.gonzales4@tak.nz,Lauren,Gonzales,5953
noah.alexander4@tak.nz,Noah,Alexander,5954
hannah.west4@tak.nz,Hannah,West,5955
sean.stevens4@tak.nz,Sean,Stevens,5956
marie.ruiz4@tak.nz,Marie,Ruiz,5957
jordan.stevenson4@tak.nz,Jordan,Stevenson,5958
denise.olsen4@tak.nz,Denise,Olsen,5959
logan.duncan4@tak.nz,Logan,Duncan,5960
abigail.fletcher4@tak.nz,Abigail,Fletcher,5961
randy.pearce4@tak.nz,Randy,Pearce,5962
alice.osborne4@tak.nz,Alice,Osborne,5963
bradley.kirk4@tak.nz,Bradley,Kirk,5964
renee.winslow4@tak.nz,Renee,Winslow,5965
todd.johnson4@tak.nz,Todd,Johnson,5966
tara.rodriguez4@tak.nz,Tara,Rodriguez,5967
john.thomas4@tak.nz,John,Thomas,5968
elizabeth.thompson4@tak.nz,Elizabeth,Thompson,5969
thomas.robinson4@tak.nz,Thomas,Robinson,5970
lisa.torres4@tak.nz,Lisa,Torres,5971
donald.baker4@tak.nz,Donald,Baker,5972
donna.gomez4@tak.nz,Donna,Gomez,5973
brian.edwards4@tak.nz,Brian,Edwards,5974
rebecca.cook4@tak.nz,Rebecca,Cook,5975
ryan.bailey4@tak.nz,Ryan,Bailey,5976
angela.ward4@tak.nz,Angela,Ward,5977
larry.bennett4@tak.nz,Larry,Bennett,5978
samantha.castillo4@tak.nz,Samantha,Castillo,5979
alexander.jimenez4@tak.nz,Alexander,Jimenez,5980
janet.coleman4@tak.nz,Janet,Coleman,5981
tyler.simmons4@tak.nz,Tyler,Simmons,5982
joyce.reynolds4@tak.nz,Joyce,Reynolds,5983
douglas.chapman4@tak.nz,Douglas,Chapman,5984
evelyn.marshall4@tak.nz,Evelyn,Marshall,5985
christian.warren4@tak.nz,Christian,Warren,5986
martha.larsen4@tak.nz,Martha,Larsen,5987
carl.cameron4@tak.nz,Carl,Cameron,5988
grace.grant4@tak.nz,Grace,Grant,5989
bryan.chambers4@tak.nz,Bryan,Chambers,5990
amber.nolan4@tak.nz,Amber,Nolan,5991
juan.lawson4@tak.nz,Juan,Lawson,5992
jane.blackwood4@tak.nz,Jane,Blackwood,5993
mason.sutherland4@tak.nz,Mason,Sutherland,5994
gina.jones4@tak.nz,Gina,Jones,5995
eugene.lopez4@tak.nz,Eugene,Lopez,5996
charlotte.jackson4@tak.nz,Charlotte,Jackson,5997
alexis.sanchez4@tak.nz,Alexis,Sanchez,5998
priscilla.allen4@tak.nz,Priscilla,Allen,5999
michael.flores4@tak.nz,Michael,Flores,6000
susan.campbell4@tak.nz,Susan,Campbell,6001
christopher.turner4@tak.nz,Christopher,Turner,6002
betty.stewart4@tak.nz,Betty,Stewart,6003
paul.ortiz4@tak.nz,Paul,Ortiz,6004
carol.howard4@tak.nz,Carol,Howard,6005
timothy.brooks4@tak.nz,Timothy,Brooks,6006
laura.ruiz4@tak.nz,Laura,Ruiz,6007
gary.myers4@tak.nz,Gary,Myers,6008
anna.perry4@tak.nz,Anna,Perry,6009
scott.barnes4@tak.nz,Scott,Barnes,6010
christine.patterson4@tak.nz,Christine,Patterson,6011
patrick.moreno4@tak.nz,Patrick,Moreno,6012
maria.ellis4@tak.nz,Maria,Ellis,6013
jose.harrison4@tak.nz,Jose,Harrison,6014
olivia.simpson4@tak.nz,Olivia,Simpson,6015
kyle.pedersen4@tak.nz,Kyle,Pedersen,6016
megan.ferguson4@tak.nz,Megan,Ferguson,6017
roger.marsh4@tak.nz,Roger,Marsh,6018
teresa.boyd4@tak.nz,Teresa,Boyd,6019
dylan.palmer4@tak.nz,Dylan,Palmer,6020
theresa.burton4@tak.nz,Theresa,Burton,6021
bruce.radley4@tak.nz,Bruce,Radley,6022
rose.smith4@tak.nz,Rose,Smith,6023
willie.davis4@tak.nz,Willie,Davis,6024
alexis.anderson4@tak.nz,Alexis,Anderson,6025
ralph.perez4@tak.nz,Ralph,Perez,6026
isabella.lewis4@tak.nz,Isabella,Lewis,6027
louis.scott4@tak.nz,Louis,Scott,6028
jasmine.nelson4@tak.nz,Jasmine,Nelson,6029
marcus.roberts4@tak.nz,Marcus,Roberts,6030
patricia.cruz4@tak.nz,Patricia,Cruz,6031
david.murphy4@tak.nz,David,Murphy,6032
sarah.peterson4@tak.nz,Sarah,Peterson,6033
matthew.cox4@tak.nz,Matthew,Cox,6034
ashley.james4@tak.nz,Ashley,James,6035
joshua.alvarez4@tak.nz,Joshua,Alvarez,6036
melissa.foster4@tak.nz,Melissa,Foster,6037
edward.bell4@tak.nz,Edward,Bell,6038
kathleen.vasquez4@tak.nz,Kathleen,Vasquez,6039
eric.graham4@tak.nz,Eric,Graham,6040
pamela.hayes4@tak.nz,Pamela,Hayes,6041
benjamin.ford4@tak.nz,Benjamin,Ford,6042
rachel.wells4@tak.nz,Rachel,Wells,6043
jack.berg4@tak.nz,Jack,Berg,6044
diane.fraser4@tak.nz,Diane,Fraser,6045
nathan.douglas4@tak.nz,Nathan,Douglas,6046
christina.harvey4@tak.nz,Christina,Harvey,6047
walter.hunt4@tak.nz,Walter,Hunt,6048
cheryl.franklin4@tak.nz,Cheryl,Franklin,6049
austin.whitfield4@tak.nz,Austin,Whitfield,6050
janice.redmond4@tak.nz,Janice,Redmond,6051
lawrence.brown4@tak.nz,Lawrence,Brown,6052
beverly.hernandez4@tak.nz,Beverly,Hernandez,6053
joe.moore4@tak.nz,Joe,Moore,6054
diana.harris4@tak.nz,Diana,Harris,6055
wayne.young4@tak.nz,Wayne,Young,6056
kayla.hill4@tak.nz,Kayla,Hill,6057
russell.rivera4@tak.nz,Russell,Rivera,6058
ava.evans4@tak.nz,Ava,Evans,6059
lee.reyes4@tak.nz,Lee,Reyes,6060
kylie.gutierrez4@tak.nz,Kylie,Gutierrez,6061
james.kelly4@tak.nz,James,Kelly,6062
linda.watson4@tak.nz,Linda,Watson,6063
joseph.mendoza4@tak.nz,Joseph,Mendoza,6064
nancy.patel4@tak.nz,Nancy,Patel,6065
mark.jenkins4@tak.nz,Mark,Jenkins,6066
emily.henderson4@tak.nz,Emily,Henderson,6067
kevin.jordan4@tak.nz,Kevin,Jordan,6068
stephanie.wallace4@tak.nz,Stephanie,Wallace,6069
jeffrey.bryant4@tak.nz,Jeffrey,Bryant,6070
shirley.mcdonald4@tak.nz,Shirley,McDonald,6071
stephen.webb4@tak.nz,Stephen,Webb,6072
emma.andersen4@tak.nz,Emma,Andersen,6073
gregory.macdonald4@tak.nz,Gregory,MacDonald,6074
carolyn.bishop4@tak.nz,Carolyn,Bishop,6075
jerry.holt4@tak.nz,Jerry,Holt,6076
julie.curtis4@tak.nz,Julie,Curtis,6077
zachary.manning4@tak.nz,Zachary,Manning,6078
joan.kingsley4@tak.nz,Joan,Kingsley,6079
jeremy.ashford4@tak.nz,Jeremy,Ashford,6080
jacqueline.miller4@tak.nz,Jacqueline,Miller,6081
gerald.wilson4@tak.nz,Gerald,Wilson,6082
julia.lee4@tak.nz,Julia,Lee,6083
jesse.ramirez4@tak.nz,Jesse,Ramirez,6084
marilyn.wright4@tak.nz,Marilyn,Wright,6085
alan.adams4@tak.nz,Alan,Adams,6086
natalie.carter4@tak.nz,Natalie,Carter,6087
vincent.parker4@tak.nz,Vincent,Parker,6088
doris.morales4@tak.nz,Doris,Morales,6089
philip.cooper4@tak.nz,Philip,Cooper,6090
chloe.kim4@tak.nz,Chloe,Kim,6091
craig.wood4@tak.nz,Craig,Wood,6092
ellie.price4@tak.nz,Ellie,Price,6093
robert.ross4@tak.nz,Robert,Ross,6094
barbara.sullivan4@tak.nz,Barbara,Sullivan,6095
charles.fisher4@tak.nz,Charles,Fisher,6096
margaret.hamilton4@tak.nz,Margaret,Hamilton,6097
steven.cole4@tak.nz,Steven,Cole,6098
michelle.murray4@tak.nz,Michelle,Murray,6099
george.kennedy4@tak.nz,George,Kennedy,6100
sharon.christensen4@tak.nz,Sharon,Christensen,6101
jacob.erikson4@tak.nz,Jacob,Erikson,6102
helen.sinclair4@tak.nz,Helen,Sinclair,6103
justin.barker4@tak.nz,Justin,Barker,6104
katherine.dixon4@tak.nz,Katherine,Dixon,6105
frank.gardner4@tak.nz,Frank,Gardner,6106
ruth.chapman4@tak.nz,Ruth,Chapman,6107
aaron.delaney4@tak.nz,Aaron,Delaney,6108
victoria.williams4@tak.nz,Victoria,Williams,6109
peter.martinez4@tak.nz,Peter,Martinez,6110
judith.taylor4@tak.nz,Judith,Taylor,6111
keith.white4@tak.nz,Keith,White,6112
gloria.walker4@tak.nz,Gloria,Walker,6113
harold.nguyen4@tak.nz,Harold,Nguyen,6114
judy.hall4@tak.nz,Judy,Hall,6115
billy.phillips4@tak.nz,Billy,Phillips,6116
danielle.collins4@tak.nz,Danielle,Collins,6117
albert.rogers4@tak.nz,Albert,Rogers,6118
lori.reed4@tak.nz,Lori,Reed,6119
roy.richardson4@tak.nz,Roy,Richardson,6120
erin.gray4@tak.nz,Erin,Gray,6121
curtis.sanders4@tak.nz,Curtis,Sanders,6122
bethany.powell4@tak.nz,Bethany,Powell,6123
fred.butler4@tak.nz,Fred,Butler,6124
mary.romero4@tak.nz,Mary,Romero,6125
william.griffin4@tak.nz,William,Griffin,6126
jessica.gibson4@tak.nz,Jessica,Gibson,6127
daniel.owens4@tak.nz,Daniel,Owens,6128
sandra.fernandez4@tak.nz,Sandra,Fernandez,6129
andrew.hansen4@tak.nz,Andrew,Hansen,6130
amanda.stewart4@tak.nz,Amanda,Stewart,6131
ronald.henderson4@tak.nz,Ronald,Henderson,6132
cynthia.newton4@tak.nz,Cynthia,Newton,6133
nicholas.barrett4@tak.nz,Nicholas,Barrett,6134
brenda.todd4@tak.nz,Brenda,Todd,6135
brandon.ashworth4@tak.nz,Brandon,Ashworth,6136
debra.blackburn4@tak.nz,Debra,Blackburn,6137
raymond.garcia4@tak.nz,Raymond,Garcia,6138
heather.gonzalez4@tak.nz,Heather,Gonzalez,6139
adam.martin4@tak.nz,Adam,Martin,6140
kelly.clark4@tak.nz,Kelly,Clark,6141
ethan.king4@tak.nz,Ethan,King,6142
andrea.green4@tak.nz,Andrea,Green,6143
terry.mitchell4@tak.nz,Terry,Mitchell,6144
sara.diaz4@tak.nz,Sara,Diaz,6145
arthur.morris4@tak.nz,Arthur,Morris,6146
madison.morgan4@tak.nz,Madison,Morgan,6147
gabriel.ramos4@tak.nz,Gabriel,Ramos,6148
brittany.chavez4@tak.nz,Brittany,Chavez,6149
elijah.hughes4@tak.nz,Elijah,Hughes,6150
tiffany.long4@tak.nz,Tiffany,Long,6151
bobby.russell4@tak.nz,Bobby,Russell,6152
sophia.gonzales4@tak.nz,Sophia,Gonzales,6153
jimmy.alexander4@tak.nz,Jimmy,Alexander,6154
leah.west4@tak.nz,Leah,West,6155
chad.stevens4@tak.nz,Chad,Stevens,6156
jennifer.ruiz4@tak.nz,Jennifer,Ruiz,6157
richard.stevenson4@tak.nz,Richard,Stevenson,6158
karen.olsen4@tak.nz,Karen,Olsen,6159
anthony.duncan4@tak.nz,Anthony,Duncan,6160
kimberly.fletcher4@tak.nz,Kimberly,Fletcher,6161
kenneth.pearce4@tak.nz,Kenneth,Pearce,6162
deborah.osborne4@tak.nz,Deborah,Osborne,6163
jason.kirk4@tak.nz,Jason,Kirk,6164
amy.winslow4@tak.nz,Amy,Winslow,6165
jonathan.johnson4@tak.nz,Jonathan,Johnson,6166
nicole.rodriguez4@tak.nz,Nicole,Rodriguez,6167
samuel.thomas4@tak.nz,Samuel,Thomas,6168
catherine.thompson4@tak.nz,Catherine,Thompson,6169
dennis.robinson4@tak.nz,Dennis,Robinson,6170
virginia.torres4@tak.nz,Virginia,Torres,6171
henry.baker4@tak.nz,Henry,Baker,6172
lauren.gomez4@tak.nz,Lauren,Gomez,6173
noah.edwards4@tak.nz,Noah,Edwards,6174
hannah.cook4@tak.nz,Hannah,Cook,6175
sean.bailey4@tak.nz,Sean,Bailey,6176
marie.ward4@tak.nz,Marie,Ward,6177
jordan.bennett4@tak.nz,Jordan,Bennett,6178
denise.castillo4@tak.nz,Denise,Castillo,6179
logan.jimenez4@tak.nz,Logan,Jimenez,6180
abigail.coleman4@tak.nz,Abigail,Coleman,6181
randy.simmons4@tak.nz,Randy,Simmons,6182
alice.reynolds4@tak.nz,Alice,Reynolds,6183
bradley.chapman4@tak.nz,Bradley,Chapman,6184
renee.marshall4@tak.nz,Renee,Marshall,6185
todd.warren4@tak.nz,Todd,Warren,6186
tara.larsen4@tak.nz,Tara,Larsen,6187
john.cameron4@tak.nz,John,Cameron,6188
elizabeth.grant4@tak.nz,Elizabeth,Grant,6189
thomas.chambers4@tak.nz,Thomas,Chambers,6190
lisa.nolan4@tak.nz,Lisa,Nolan,6191
donald.lawson4@tak.nz,Donald,Lawson,6192
donna.blackwood4@tak.nz,Donna,Blackwood,6193
brian.sutherland4@tak.nz,Brian,Sutherland,6194
rebecca.jones4@tak.nz,Rebecca,Jones,6195
ryan.lopez4@tak.nz,Ryan,Lopez,6196
angela.jackson4@tak.nz,Angela,Jackson,6197
larry.sanchez4@tak.nz,Larry,Sanchez,6198
samantha.allen4@tak.nz,Samantha,Allen,6199
alexander.flores4@tak.nz,Alexander,Flores,6200
janet.campbell4@tak.nz,Janet,Campbell,6201
tyler.turner4@tak.nz,Tyler,Turner,6202
joyce.stewart4@tak.nz,Joyce,Stewart,6203
douglas.ortiz4@tak.nz,Douglas,Ortiz,6204
evelyn.howard4@tak.nz,Evelyn,Howard,6205
christian.brooks4@tak.nz,Christian,Brooks,6206
martha.ruiz4@tak.nz,Martha,Ruiz,6207
carl.myers4@tak.nz,Carl,Myers,6208
grace.perry4@tak.nz,Grace,Perry,6209
bryan.barnes4@tak.nz,Bryan,Barnes,6210
amber.patterson4@tak.nz,Amber,Patterson,6211
juan.moreno4@tak.nz,Juan,Moreno,6212
jane.ellis4@tak.nz,Jane,Ellis,6213
mason.harrison4@tak.nz,Mason,Harrison,6214
gina.simpson4@tak.nz,Gina,Simpson,6215
eugene.pedersen4@tak.nz,Eugene,Pedersen,6216
charlotte.ferguson4@tak.nz,Charlotte,Ferguson,6217
alexis.marsh4@tak.nz,Alexis,Marsh,6218
priscilla.boyd4@tak.nz,Priscilla,Boyd,6219
michael.palmer4@tak.nz,Michael,Palmer,6220
susan.burton4@tak.nz,Susan,Burton,6221
christopher.radley4@tak.nz,Christopher,Radley,6222
betty.smith4@tak.nz,Betty,Smith,6223
paul.davis4@tak.nz,Paul,Davis,6224
carol.anderson4@tak.nz,Carol,Anderson,6225
timothy.perez4@tak.nz,Timothy,Perez,6226
laura.lewis4@tak.nz,Laura,Lewis,6227
gary.scott4@tak.nz,Gary,Scott,6228
anna.nelson4@tak.nz,Anna,Nelson,6229
scott.roberts4@tak.nz,Scott,Roberts,6230
christine.cruz4@tak.nz,Christine,Cruz,6231
patrick.murphy4@tak.nz,Patrick,Murphy,6232
maria.peterson4@tak.nz,Maria,Peterson,6233
jose.cox4@tak.nz,Jose,Cox,6234
olivia.james4@tak.nz,Olivia,James,6235
kyle.alvarez4@tak.nz,Kyle,Alvarez,6236
megan.foster4@tak.nz,Megan,Foster,6237
roger.bell4@tak.nz,Roger,Bell,6238
teresa.vasquez4@tak.nz,Teresa,Vasquez,6239
dylan.graham4@tak.nz,Dylan,Graham,6240
theresa.hayes4@tak.nz,Theresa,Hayes,6241
bruce.ford4@tak.nz,Bruce,Ford,6242
rose.wells4@tak.nz,Rose,Wells,6243
willie.berg4@tak.nz,Willie,Berg,6244
alexis.fraser4@tak.nz,Alexis,Fraser,6245
ralph.douglas4@tak.nz,Ralph,Douglas,6246
isabella.harvey4@tak.nz,Isabella,Harvey,6247
louis.hunt4@tak.nz,Louis,Hunt,6248
jasmine.franklin4@tak.nz,Jasmine,Franklin,6249
marcus.whitfield4@tak.nz,Marcus,Whitfield,6250
patricia.redmond4@tak.nz,Patricia,Redmond,6251
david.brown4@tak.nz,David,Brown,6252
sarah.hernandez4@tak.nz,Sarah,Hernandez,6253
matthew.moore4@tak.nz,Matthew,Moore,6254
ashley.harris4@tak.nz,Ashley,Harris,6255
joshua.young4@tak.nz,Joshua,Young,6256
melissa.hill4@tak.nz,Melissa,Hill,6257
edward.rivera4@tak.nz,Edward,Rivera,6258
kathleen.evans4@tak.nz,Kathleen,Evans,6259
eric.reyes4@tak.nz,Eric,Reyes,6260
pamela.gutierrez4@tak.nz,Pamela,Gutierrez,6261
benjamin.kelly4@tak.nz,Benjamin,Kelly,6262
rachel.watson4@tak.nz,Rachel,Watson,6263
jack.mendoza4@tak.nz,Jack,Mendoza,6264
diane.patel4@tak.nz,Diane,Patel,6265
nathan.jenkins4@tak.nz,Nathan,Jenkins,6266
christina.henderson4@tak.nz,Christina,Henderson,6267
walter.jordan4@tak.nz,Walter,Jordan,6268
cheryl.wallace4@tak.nz,Cheryl,Wallace,6269
austin.bryant4@tak.nz,Austin,Bryant,6270
janice.mcdonald4@tak.nz,Janice,McDonald,6271
lawrence.webb4@tak.nz,Lawrence,Webb,6272
beverly.andersen4@tak.nz,Beverly,Andersen,6273
joe.macdonald4@tak.nz,Joe,MacDonald,6274
diana.bishop4@tak.nz,Diana,Bishop,6275
wayne.holt4@tak.nz,Wayne,Holt,6276
kayla.curtis4@tak.nz,Kayla,Curtis,6277
russell.manning4@tak.nz,Russell,Manning,6278
ava.kingsley4@tak.nz,Ava,Kingsley,6279
lee.ashford4@tak.nz,Lee,Ashford,6280
kylie.miller4@tak.nz,Kylie,Miller,6281
james.wilson4@tak.nz,James,Wilson,6282
linda.lee4@tak.nz,Linda,Lee,6283
joseph.ramirez4@tak.nz,Joseph,Ramirez,6284
nancy.wright4@tak.nz,Nancy,Wright,6285
mark.adams4@tak.nz,Mark,Adams,6286
emily.carter4@tak.nz,Emily,Carter,6287
kevin.parker4@tak.nz,Kevin,Parker,6288
stephanie.morales4@tak.nz,Stephanie,Morales,6289
jeffrey.cooper4@tak.nz,Jeffrey,Cooper,6290
shirley.kim4@tak.nz,Shirley,Kim,6291
stephen.wood4@tak.nz,Stephen,Wood,6292
emma.price4@tak.nz,Emma,Price,6293
gregory.ross4@tak.nz,Gregory,Ross,6294
carolyn.sullivan4@tak.nz,Carolyn,Sullivan,6295
jerry.fisher4@tak.nz,Jerry,Fisher,6296
julie.hamilton4@tak.nz,Julie,Hamilton,6297
zachary.cole4@tak.nz,Zachary,Cole,6298
joan.murray4@tak.nz,Joan,Murray,6299
jeremy.kennedy4@tak.nz,Jeremy,Kennedy,6300
jacqueline.christensen4@tak.nz,Jacqueline,Christensen,6301
gerald.erikson4@tak.nz,Gerald,Erikson,6302
julia.sinclair4@tak.nz,Julia,Sinclair,6303
jesse.barker4@tak.nz,Jesse,Barker,6304
marilyn.dixon4@tak.nz,Marilyn,Dixon,6305
alan.gardner4@tak.nz,Alan,Gardner,6306
natalie.chapman4@tak.nz,Natalie,Chapman,6307
vincent.delaney4@tak.nz,Vincent,Delaney,6308
doris.williams4@tak.nz,Doris,Williams,6309
philip.martinez4@tak.nz,Philip,Martinez,6310
chloe.taylor4@tak.nz,Chloe,Taylor,6311
craig.white4@tak.nz,Craig,White,6312
ellie.walker4@tak.nz,Ellie,Walker,6313
robert.nguyen4@tak.nz,Robert,Nguyen,6314
barbara.hall4@tak.nz,Barbara,Hall,6315
charles.phillips4@tak.nz,Charles,Phillips,6316
margaret.collins4@tak.nz,Margaret,Collins,6317
steven.rogers4@tak.nz,Steven,Rogers,6318
michelle.reed4@tak.nz,Michelle,Reed,6319
george.richardson4@tak.nz,George,Richardson,6320
sharon.gray4@tak.nz,Sharon,Gray,6321
jacob.sanders4@tak.nz,Jacob,Sanders,6322
helen.powell4@tak.nz,Helen,Powell,6323
justin.butler4@tak.nz,Justin,Butler,6324
katherine.romero4@tak.nz,Katherine,Romero,6325
frank.griffin4@tak.nz,Frank,Griffin,6326
ruth.gibson4@tak.nz,Ruth,Gibson,6327
aaron.owens4@tak.nz,Aaron,Owens,6328
victoria.fernandez4@tak.nz,Victoria,Fernandez,6329
peter.hansen4@tak.nz,Peter,Hansen,6330
judith.stewart4@tak.nz,Judith,Stewart,6331
keith.henderson4@tak.nz,Keith,Henderson,6332
gloria.newton4@tak.nz,Gloria,Newton,6333
harold.barrett4@tak.nz,Harold,Barrett,6334
judy.todd4@tak.nz,Judy,Todd,6335
billy.ashworth4@tak.nz,Billy,Ashworth,6336
danielle.blackburn4@tak.nz,Danielle,Blackburn,6337
albert.garcia4@tak.nz,Albert,Garcia,6338
lori.gonzalez4@tak.nz,Lori,Gonzalez,6339
roy.martin4@tak.nz,Roy,Martin,6340
erin.clark4@tak.nz,Erin,Clark,6341
curtis.king4@tak.nz,Curtis,King,6342
bethany.green4@tak.nz,Bethany,Green,6343
fred.mitchell4@tak.nz,Fred,Mitchell,6344
mary.diaz4@tak.nz,Mary,Diaz,6345
william.morris4@tak.nz,William,Morris,6346
jessica.morgan4@tak.nz,Jessica,Morgan,6347
daniel.ramos4@tak.nz,Daniel,Ramos,6348
sandra.chavez4@tak.nz,Sandra,Chavez,6349
andrew.hughes4@tak.nz,Andrew,Hughes,6350
amanda.long4@tak.nz,Amanda,Long,6351
ronald.russell4@tak.nz,Ronald,Russell,6352
cynthia.gonzales4@tak.nz,Cynthia,Gonzales,6353
nicholas.alexander4@tak.nz,Nicholas,Alexander,6354
brenda.west4@tak.nz,Brenda,West,6355
brandon.stevens4@tak.nz,Brandon,Stevens,6356
debra.ruiz4@tak.nz,Debra,Ruiz,6357
raymond.stevenson4@tak.nz,Raymond,Stevenson,6358
heather.olsen4@tak.nz,Heather,Olsen,6359
adam.duncan4@tak.nz,Adam,Duncan,6360
kelly.fletcher4@tak.nz,Kelly,Fletcher,6361
ethan.pearce4@tak.nz,Ethan,Pearce,6362
andrea.osborne4@tak.nz,Andrea,Osborne,6363
terry.kirk4@tak.nz,Terry,Kirk,6364
sara.winslow4@tak.nz,Sara,Winslow,6365
arthur.johnson4@tak.nz,Arthur,Johnson,6366
madison.rodriguez4@tak.nz,Madison,Rodriguez,6367
gabriel.thomas4@tak.nz,Gabriel,Thomas,6368
brittany.thompson4@tak.nz,Brittany,Thompson,6369
elijah.robinson4@tak.nz,Elijah,Robinson,6370
tiffany.torres4@tak.nz,Tiffany,Torres,6371
bobby.baker4@tak.nz,Bobby,Baker,6372
sophia.gomez4@tak.nz,Sophia,Gomez,6373
jimmy.edwards4@tak.nz,Jimmy,Edwards,6374
leah.cook4@tak.nz,Leah,Cook,6375
chad.bailey4@tak.nz,Chad,Bailey,6376
jennifer.ward4@tak.nz,Jennifer,Ward,6377
richard.bennett4@tak.nz,Richard,Bennett,6378
karen.castillo4@tak.nz,Karen,Castillo,6379
anthony.jimenez4@tak.nz,Anthony,Jimenez,6380
kimberly.coleman4@tak.nz,Kimberly,Coleman,6381
kenneth.simmons4@tak.nz,Kenneth,Simmons,6382
deborah.reynolds4@tak.nz,Deborah,Reynolds,6383
jason.chapman4@tak.nz,Jason,Chapman,6384
amy.marshall4@tak.nz,Amy,Marshall,6385
jonathan.warren4@tak.nz,Jonathan,Warren,6386
nicole.larsen4@tak.nz,Nicole,Larsen,6387
samuel.cameron4@tak.nz,Samuel,Cameron,6388
catherine.grant4@tak.nz,Catherine,Grant,6389
dennis.chambers4@tak.nz,Dennis,Chambers,6390
virginia.nolan4@tak.nz,Virginia,Nolan,6391
henry.lawson4@tak.nz,Henry,Lawson,6392
lauren.blackwood4@tak.nz,Lauren,Blackwood,6393
noah.sutherland4@tak.nz,Noah,Sutherland,6394
hannah.jones4@tak.nz,Hannah,Jones,6395
sean.lopez4@tak.nz,Sean,Lopez,6396
marie.jackson4@tak.nz,Marie,Jackson,6397
jordan.sanchez4@tak.nz,Jordan,Sanchez,6398
denise.allen4@tak.nz,Denise,Allen,6399
logan.flores4@tak.nz,Logan,Flores,6400
abigail.campbell4@tak.nz,Abigail,Campbell,6401
randy.turner4@tak.nz,Randy,Turner,6402
alice.stewart4@tak.nz,Alice,Stewart,6403
bradley.ortiz4@tak.nz,Bradley,Ortiz,6404
renee.howard4@tak.nz,Renee,Howard,6405
todd.brooks4@tak.nz,Todd,Brooks,6406
tara.ruiz4@tak.nz,Tara,Ruiz,6407
john.myers4@tak.nz,John,Myers,6408
elizabeth.perry4@tak.nz,Elizabeth,Perry,6409
thomas.barnes4@tak.nz,Thomas,Barnes,6410
lisa.patterson4@tak.nz,Lisa,Patterson,6411
donald.moreno4@tak.nz,Donald,Moreno,6412
donna.ellis4@tak.nz,Donna,Ellis,6413
brian.harrison4@tak.nz,Brian,Harrison,6414
rebecca.simpson4@tak.nz,Rebecca,Simpson,6415
ryan.pedersen4@tak.nz,Ryan,Pedersen,6416
angela.ferguson4@tak.nz,Angela,Ferguson,6417
larry.marsh4@tak.nz,Larry,Marsh,6418
samantha.boyd4@tak.nz,Samantha,Boyd,6419
alexander.palmer4@tak.nz,Alexander,Palmer,6420
janet.burton4@tak.nz,Janet,Burton,5781
tyler.radley4@tak.nz,Tyler,Radley,5782
joyce.smith4@tak.nz,Joyce,Smith,5783
douglas.davis4@tak.nz,Douglas,Davis,5784
evelyn.anderson4@tak.nz,Evelyn,Anderson,5785
christian.perez4@tak.nz,Christian,Perez,5786
martha.lewis4@tak.nz,Martha,Lewis,5787
carl.scott4@tak.nz,Carl,Scott,5788
grace.nelson4@tak.nz,Grace,Nelson,5789
bryan.roberts4@tak.nz,Bryan,Roberts,5790
amber.cruz4@tak.nz,Amber,Cruz,5791
juan.murphy4@tak.nz,Juan,Murphy,5792
jane.peterson4@tak.nz,Jane,Peterson,5793
mason.cox4@tak.nz,Mason,Cox,5794
gina.james4@tak.nz,Gina,James,5795
eugene.alvarez4@tak.nz,Eugene,Alvarez,5796
charlotte.foster4@tak.nz,Charlotte,Foster,5797
alexis.bell4@tak.nz,Alexis,Bell,5798
priscilla.vasquez4@tak.nz,Priscilla,Vasquez,5799
michael.graham4@tak.nz,Michael,Graham,5800
susan.hayes4@tak.nz,Susan,Hayes,5801
christopher.ford4@tak.nz,Christopher,Ford,5802
betty.wells4@tak.nz,Betty,Wells,5803
paul.berg4@tak.nz,Paul,Berg,5804
carol.fraser4@tak.nz,Carol,Fraser,5805
timothy.douglas4@tak.nz,Timothy,Douglas,5806
laura.harvey4@tak.nz,Laura,Harvey,5807
gary.hunt4@tak.nz,Gary,Hunt,5808
anna.franklin4@tak.nz,Anna,Franklin,5809
scott.whitfield4@tak.nz,Scott,Whitfield,5810
christine.redmond4@tak.nz,Christine,Redmond,5811
patrick.brown4@tak.nz,Patrick,Brown,5812
maria.hernandez4@tak.nz,Maria,Hernandez,5813
jose.moore4@tak.nz,Jose,Moore,5814
olivia.harris4@tak.nz,Olivia,Harris,5815
kyle.young4@tak.nz,Kyle,Young,5816
megan.hill4@tak.nz,Megan,Hill,5817
roger.rivera4@tak.nz,Roger,Rivera,5818
teresa.evans4@tak.nz,Teresa,Evans,5819
dylan.reyes4@tak.nz,Dylan,Reyes,5820
theresa.gutierrez4@tak.nz,Theresa,Gutierrez,5821
bruce.kelly4@tak.nz,Bruce,Kelly,5822
rose.watson4@tak.nz,Rose,Watson,5823
willie.mendoza4@tak.nz,Willie,Mendoza,5824
alexis.patel4@tak.nz,Alexis,Patel,5825
ralph.jenkins4@tak.nz,Ralph,Jenkins,5826
isabella.henderson4@tak.nz,Isabella,Henderson,5827
louis.jordan4@tak.nz,Louis,Jordan,5828
jasmine.wallace4@tak.nz,Jasmine,Wallace,5829
marcus.bryant4@tak.nz,Marcus,Bryant,5830
patricia.mcdonald4@tak.nz,Patricia,McDonald,5831
david.webb4@tak.nz,David,Webb,5832
sarah.andersen4@tak.nz,Sarah,Andersen,5833
matthew.macdonald4@tak.nz,Matthew,MacDonald,5834
ashley.bishop4@tak.nz,Ashley,Bishop,5835
joshua.holt4@tak.nz,Joshua,Holt,5836
melissa.curtis4@tak.nz,Melissa,Curtis,5837
edward.manning4@tak.nz,Edward,Manning,5838
kathleen.kingsley4@tak.nz,Kathleen,Kingsley,5839
eric.ashford4@tak.nz,Eric,Ashford,5840
pamela.miller4@tak.nz,Pamela,Miller,5841
benjamin.wilson4@tak.nz,Benjamin,Wilson,5842
rachel.lee4@tak.nz,Rachel,Lee,5843
jack.ramirez4@tak.nz,Jack,Ramirez,5844
diane.wright4@tak.nz,Diane,Wright,5845
nathan.adams4@tak.nz,Nathan,Adams,5846
christina.carter4@tak.nz,Christina,Carter,5847
walter.parker4@tak.nz,Walter,Parker,5848
cheryl.morales4@tak.nz,Cheryl,Morales,5849
austin.cooper4@tak.nz,Austin,Cooper,5850
janice.kim4@tak.nz,Janice,Kim,5851
lawrence.wood4@tak.nz,Lawrence,Wood,5852
beverly.price4@tak.nz,Beverly,Price,5853
joe.ross4@tak.nz,Joe,Ross,5854
diana.sullivan4@tak.nz,Diana,Sullivan,5855
wayne.fisher4@tak.nz,Wayne,Fisher,5856
kayla.hamilton4@tak.nz,Kayla,Hamilton,5857
russell.cole4@tak.nz,Russell,Cole,5858
ava.murray4@tak.nz,Ava,Murray,5859
lee.kennedy4@tak.nz,Lee,Kennedy,5860
kylie.christensen4@tak.nz,Kylie,Christensen,5861
james.erikson4@tak.nz,James,Erikson,5862
linda.sinclair4@tak.nz,Linda,Sinclair,5863
joseph.barker4@tak.nz,Joseph,Barker,5864
nancy.dixon4@tak.nz,Nancy,Dixon,5865
mark.gardner4@tak.nz,Mark,Gardner,5866
emily.chapman4@tak.nz,Emily,Chapman,5867
kevin.delaney4@tak.nz,Kevin,Delaney,5868
stephanie.williams4@tak.nz,Stephanie,Williams,5869
jeffrey.martinez4@tak.nz,Jeffrey,Martinez,5870
shirley.taylor4@tak.nz,Shirley,Taylor,5871
stephen.white4@tak.nz,Stephen,White,5872
emma.walker4@tak.nz,Emma,Walker,5873
gregory.nguyen4@tak.nz,Gregory,Nguyen,5874
carolyn.hall4@tak.nz,Carolyn,Hall,5875
jerry.phillips4@tak.nz,Jerry,Phillips,5876
julie.collins4@tak.nz,Julie,Collins,5877
zachary.rogers4@tak.nz,Zachary,Rogers,5878
joan.reed4@tak.nz,Joan,Reed,5879
jeremy.richardson4@tak.nz,Jeremy,Richardson,5880
jacqueline.gray4@tak.nz,Jacqueline,Gray,5881
gerald.sanders4@tak.nz,Gerald,Sanders,5882
julia.powell4@tak.nz,Julia,Powell,5883
jesse.butler4@tak.nz,Jesse,Butler,5884
marilyn.romero4@tak.nz,Marilyn,Romero,5885
alan.griffin4@tak.nz,Alan,Griffin,5886
natalie.gibson4@tak.nz,Natalie,Gibson,5887
vincent.owens4@tak.nz,Vincent,Owens,5888
doris.fernandez4@tak.nz,Doris,Fernandez,5889
philip.hansen4@tak.nz,Philip,Hansen,5890
chloe.stewart4@tak.nz,Chloe,Stewart,5891
craig.henderson4@tak.nz,Craig,Henderson,5892
ellie.newton4@tak.nz,Ellie,Newton,5893
robert.barrett4@tak.nz,Robert,Barrett,5894
barbara.todd4@tak.nz,Barbara,Todd,5895
charles.ashworth4@tak.nz,Charles,Ashworth,5896
margaret.blackburn4@tak.nz,Margaret,Blackburn,5897
steven.garcia4@tak.nz,Steven,Garcia,5898
michelle.gonzalez4@tak.nz,Michelle,Gonzalez,5899
george.martin4@tak.nz,George,Martin,5900
sharon.clark4@tak.nz,Sharon,Clark,5901
jacob.king4@tak.nz,Jacob,King,5902
helen.green4@tak.nz,Helen,Green,5903
justin.mitchell4@tak.nz,Justin,Mitchell,5904
katherine.diaz4@tak.nz,Katherine,Diaz,5905
frank.morris4@tak.nz,Frank,Morris,5906
ruth.morgan4@tak.nz,Ruth,Morgan,5907
aaron.ramos4@tak.nz,Aaron,Ramos,5908
victoria.chavez4@tak.nz,Victoria,Chavez,5909
peter.hughes4@tak.nz,Peter,Hughes,5910
judith.long4@tak.nz,Judith,Long,5911
keith.russell4@tak.nz,Keith,Russell,5912
gloria.gonzales4@tak.nz,Gloria,Gonzales,5913
harold.alexander4@tak.nz,Harold,Alexander,5914
judy.west4@tak.nz,Judy,West,5915
billy.stevens4@tak.nz,Billy,Stevens,5916
danielle.ruiz4@tak.nz,Danielle,Ruiz,5917
albert.stevenson4@tak.nz,Albert,Stevenson,5918
lori.olsen4@tak.nz,Lori,Olsen,5919
roy.duncan4@tak.nz,Roy,Duncan,5920
erin.fletcher4@tak.nz,Erin,Fletcher,5921
curtis.pearce4@tak.nz,Curtis,Pearce,5922
bethany.osborne4@tak.nz,Bethany,Osborne,5923
fred.kirk4@tak.nz,Fred,Kirk,5924
mary.winslow4@tak.nz,Mary,Winslow,5925
william.johnson4@tak.nz,William,Johnson,5926
jessica.rodriguez4@tak.nz,Jessica,Rodriguez,5927
daniel.thomas4@tak.nz,Daniel,Thomas,5928
sandra.thompson4@tak.nz,Sandra,Thompson,5929
andrew.robinson4@tak.nz,Andrew,Robinson,5930
amanda.torres4@tak.nz,Amanda,Torres,5931
ronald.baker4@tak.nz,Ronald,Baker,5932
cynthia.gomez4@tak.nz,Cynthia,Gomez,5933
nicholas.edwards4@tak.nz,Nicholas,Edwards,5934
brenda.cook4@tak.nz,Brenda,Cook,5935
brandon.bailey4@tak.nz,Brandon,Bailey,5936
debra.ward4@tak.nz,Debra,Ward,5937
raymond.bennett4@tak.nz,Raymond,Bennett,5938
heather.castillo4@tak.nz,Heather,Castillo,5939
adam.jimenez4@tak.nz,Adam,Jimenez,5940
kelly.coleman4@tak.nz,Kelly,Coleman,5941
ethan.simmons4@tak.nz,Ethan,Simmons,5942
andrea.reynolds4@tak.nz,Andrea,Reynolds,5943
terry.chapman4@tak.nz,Terry,Chapman,5944
sara.marshall4@tak.nz,Sara,Marshall,5945
arthur.warren4@tak.nz,Arthur,Warren,5946
madison.larsen4@tak.nz,Madison,Larsen,5947
gabriel.cameron4@tak.nz,Gabriel,Cameron,5948
brittany.grant4@tak.nz,Brittany,Grant,5949
elijah.chambers4@tak.nz,Elijah,Chambers,5950
tiffany.nolan4@tak.nz,Tiffany,Nolan,5951
bobby.lawson4@tak.nz,Bobby,Lawson,5952
sophia.blackwood4@tak.nz,Sophia,Blackwood,5953
jimmy.sutherland4@tak.nz,Jimmy,Sutherland,5954
leah.jones4@tak.nz,Leah,Jones,5955
chad.lopez4@tak.nz,Chad,Lopez,5956
jennifer.jackson4@tak.nz,Jennifer,Jackson,5957
richard.sanchez4@tak.nz,Richard,Sanchez,5958
karen.allen4@tak.nz,Karen,Allen,5959
anthony.flores4@tak.nz,Anthony,Flores,5960
kimberly.campbell4@tak.nz,Kimberly,Campbell,5961
kenneth.turner4@tak.nz,Kenneth,Turner,5962
deborah.stewart4@tak.nz,Deborah,Stewart,5963
jason.ortiz4@tak.nz,Jason,Ortiz,5964
amy.howard4@tak.nz,Amy,Howard,5965
jonathan.brooks4@tak.nz,Jonathan,Brooks,5966
nicole.ruiz4@tak.nz,Nicole,Ruiz,5967
samuel.myers4@tak.nz,Samuel,Myers,5968
catherine.perry4@tak.nz,Catherine,Perry,5969
dennis.barnes4@tak.nz,Dennis,Barnes,5970
virginia.patterson4@tak.nz,Virginia,Patterson,5971
henry.moreno4@tak.nz,Henry,Moreno,5972
lauren.ellis4@tak.nz,Lauren,Ellis,5973
noah.harrison4@tak.nz,Noah,Harrison,5974
hannah.simpson4@tak.nz,Hannah,Simpson,5975
sean.pedersen4@tak.nz,Sean,Pedersen,5976
marie.ferguson4@tak.nz,Marie,Ferguson,5977
jordan.marsh4@tak.nz,Jordan,Marsh,5978
denise.boyd4@tak.nz,Denise,Boyd,5979
logan.palmer4@tak.nz,Logan,Palmer,5980
abigail.burton4@tak.nz,Abigail,Burton,5981
randy.radley4@tak.nz,Randy,Radley,5982
alice.smith4@tak.nz,Alice,Smith,5983
bradley.davis4@tak.nz,Bradley,Davis,5984
renee.anderson4@tak.nz,Renee,Anderson,5985
todd.perez4@tak.nz,Todd,Perez,5986
tara.lewis4@tak.nz,Tara,Lewis,5987
john.scott4@tak.nz,John,Scott,5988
elizabeth.nelson4@tak.nz,Elizabeth,Nelson,5989
thomas.roberts4@tak.nz,Thomas,Roberts,5990
lisa.cruz4@tak.nz,Lisa,Cruz,5991
donald.murphy4@tak.nz,Donald,Murphy,5992
donna.peterson4@tak.nz,Donna,Peterson,5993
brian.cox4@tak.nz,Brian,Cox,5994
rebecca.james4@tak.nz,Rebecca,James,5995
ryan.alvarez4@tak.nz,Ryan,Alvarez,5996
angela.foster4@tak.nz,Angela,Foster,5997
larry.bell4@tak.nz,Larry,Bell,5998
samantha.vasquez4@tak.nz,Samantha,Vasquez,5999
alexander.graham4@tak.nz,Alexander,Graham,6000
janet.hayes4@tak.nz,Janet,Hayes,6001
tyler.ford4@tak.nz,Tyler,Ford,6002
joyce.wells4@tak.nz,Joyce,Wells,6003
douglas.berg4@tak.nz,Douglas,Berg,6004
evelyn.fraser4@tak.nz,Evelyn,Fraser,6005
christian.douglas4@tak.nz,Christian,Douglas,6006
martha.harvey4@tak.nz,Martha,Harvey,6007
carl.hunt4@tak.nz,Carl,Hunt,6008
grace.franklin4@tak.nz,Grace,Franklin,6009
bryan.whitfield4@tak.nz,Bryan,Whitfield,6010
amber.redmond4@tak.nz,Amber,Redmond,6011
juan.brown4@tak.nz,Juan,Brown,6012
jane.hernandez4@tak.nz,Jane,Hernandez,6013
mason.moore4@tak.nz,Mason,Moore,6014
gina.harris4@tak.nz,Gina,Harris,6015
eugene.young4@tak.nz,Eugene,Young,6016
charlotte.hill4@tak.nz,Charlotte,Hill,6017
alexis.rivera4@tak.nz,Alexis,Rivera,6018
priscilla.evans4@tak.nz,Priscilla,Evans,6019
michael.reyes4@tak.nz,Michael,Reyes,6020
susan.gutierrez4@tak.nz,Susan,Gutierrez,6021
christopher.kelly4@tak.nz,Christopher,Kelly,6022
betty.watson4@tak.nz,Betty,Watson,6023
paul.mendoza4@tak.nz,Paul,Mendoza,6024
carol.patel4@tak.nz,Carol,Patel,6025
timothy.jenkins4@tak.nz,Timothy,Jenkins,6026
laura.henderson4@tak.nz,Laura,Henderson,6027
gary.jordan4@tak.nz,Gary,Jordan,6028
anna.wallace4@tak.nz,Anna,Wallace,6029
scott.bryant4@tak.nz,Scott,Bryant,6030
christine.mcdonald4@tak.nz,Christine,McDonald,6031
patrick.webb4@tak.nz,Patrick,Webb,6032
maria.andersen4@tak.nz,Maria,Andersen,6033
jose.macdonald4@tak.nz,Jose,MacDonald,6034
olivia.bishop4@tak.nz,Olivia,Bishop,6035
kyle.holt4@tak.nz,Kyle,Holt,6036
megan.curtis4@tak.nz,Megan,Curtis,6037
roger.manning4@tak.nz,Roger,Manning,6038
teresa.kingsley4@tak.nz,Teresa,Kingsley,6039
dylan.ashford4@tak.nz,Dylan,Ashford,6040
theresa.miller4@tak.nz,Theresa,Miller,6041
bruce.wilson4@tak.nz,Bruce,Wilson,6042
rose.lee4@tak.nz,Rose,Lee,6043
willie.ramirez4@tak.nz,Willie,Ramirez,6044
alexis.wright4@tak.nz,Alexis,Wright,6045
ralph.adams4@tak.nz,Ralph,Adams,6046
isabella.carter4@tak.nz,Isabella,Carter,6047
louis.parker4@tak.nz,Louis,Parker,6048
jasmine.morales4@tak.nz,Jasmine,Morales,6049
marcus.cooper4@tak.nz,Marcus,Cooper,6050
patricia.kim4@tak.nz,Patricia,Kim,6051
david.wood4@tak.nz,David,Wood,6052
sarah.price4@tak.nz,Sarah,Price,6053
matthew.ross4@tak.nz,Matthew,Ross,6054
ashley.sullivan4@tak.nz,Ashley,Sullivan,6055
joshua.fisher4@tak.nz,Joshua,Fisher,6056
melissa.hamilton4@tak.nz,Melissa,Hamilton,6057
edward.cole4@tak.nz,Edward,Cole,6058
kathleen.murray4@tak.nz,Kathleen,Murray,6059
eric.kennedy4@tak.nz,Eric,Kennedy,6060
pamela.christensen4@tak.nz,Pamela,Christensen,6061
benjamin.erikson4@tak.nz,Benjamin,Erikson,6062
rachel.sinclair4@tak.nz,Rachel,Sinclair,6063
jack.barker4@tak.nz,Jack,Barker,6064
diane.dixon4@tak.nz,Diane,Dixon,6065
nathan.gardner4@tak.nz,Nathan,Gardner,6066
christina.chapman4@tak.nz,Christina,Chapman,6067
walter.delaney4@tak.nz,Walter,Delaney,6068
cheryl.williams4@tak.nz,Cheryl,Williams,6069
austin.martinez4@tak.nz,Austin,Martinez,6070
janice.taylor4@tak.nz,Janice,Taylor,6071
lawrence.white4@tak.nz,Lawrence,White,6072
beverly.walker4@tak.nz,Beverly,Walker,6073
joe.nguyen4@tak.nz,Joe,Nguyen,6074
diana.hall4@tak.nz,Diana,Hall,6075
wayne.phillips4@tak.nz,Wayne,Phillips,6076
kayla.collins4@tak.nz,Kayla,Collins,6077
russell.rogers4@tak.nz,Russell,Rogers,6078
ava.reed4@tak.nz,Ava,Reed,6079
lee.richardson4@tak.nz,Lee,Richardson,6080
kylie.gray4@tak.nz,Kylie,Gray,6081
james.sanders4@tak.nz,James,Sanders,6082
linda.powell4@tak.nz,Linda,Powell,6083
joseph.butler4@tak.nz,Joseph,Butler,6084
nancy.romero4@tak.nz,Nancy,Romero,6085
mark.griffin4@tak.nz,Mark,Griffin,6086
emily.gibson4@tak.nz,Emily,Gibson,6087
kevin.owens4@tak.nz,Kevin,Owens,6088
stephanie.fernandez4@tak.nz,Stephanie,Fernandez,6089
jeffrey.hansen4@tak.nz,Jeffrey,Hansen,6090
shirley.stewart4@tak.nz,Shirley,Stewart,6091
stephen.henderson4@tak.nz,Stephen,Henderson,6092
emma.newton4@tak.nz,Emma,Newton,6093
gregory.barrett4@tak.nz,Gregory,Barrett,6094
carolyn.todd4@tak.nz,Carolyn,Todd,6095
jerry.ashworth4@tak.nz,Jerry,Ashworth,6096
julie.blackburn4@tak.nz,Julie,Blackburn,6097
zachary.garcia4@tak.nz,Zachary,Garcia,6098
joan.gonzalez4@tak.nz,Joan,Gonzalez,6099
jeremy.martin4@tak.nz,Jeremy,Martin,6100
jacqueline.clark4@tak.nz,Jacqueline,Clark,6101
gerald.king4@tak.nz,Gerald,King,6102
julia.green4@tak.nz,Julia,Green,6103
jesse.mitchell4@tak.nz,Jesse,Mitchell,6104
marilyn.diaz4@tak.nz,Marilyn,Diaz,6105
alan.morris4@tak.nz,Alan,Morris,6106
natalie.morgan4@tak.nz,Natalie,Morgan,6107
vincent.ramos4@tak.nz,Vincent,Ramos,6108
doris.chavez4@tak.nz,Doris,Chavez,6109
philip.hughes4@tak.nz,Philip,Hughes,6110
chloe.long4@tak.nz,Chloe,Long,6111
craig.russell4@tak.nz,Craig,Russell,6112
ellie.gonzales4@tak.nz,Ellie,Gonzales,6113
robert.alexander4@tak.nz,Robert,Alexander,6114
barbara.west4@tak.nz,Barbara,West,6115
charles.stevens4@tak.nz,Charles,Stevens,6116
margaret.ruiz4@tak.nz,Margaret,Ruiz,6117
steven.stevenson4@tak.nz,Steven,Stevenson,6118
michelle.olsen4@tak.nz,Michelle,Olsen,6119
george.duncan4@tak.nz,George,Duncan,6120
sharon.fletcher4@tak.nz,Sharon,Fletcher,6121
jacob.pearce4@tak.nz,Jacob,Pearce,6122
helen.osborne4@tak.nz,Helen,Osborne,6123
justin.kirk4@tak.nz,Justin,Kirk,6124
katherine.winslow4@tak.nz,Katherine,Winslow,6125
frank.johnson4@tak.nz,Frank,Johnson,6126
ruth.rodriguez4@tak.nz,Ruth,Rodriguez,6127
aaron.thomas4@tak.nz,Aaron,Thomas,6128
victoria.thompson4@tak.nz,Victoria,Thompson,6129
peter.robinson4@tak.nz,Peter,Robinson,6130
judith.torres4@tak.nz,Judith,Torres,6131
keith.baker4@tak.nz,Keith,Baker,6132
gloria.gomez4@tak.nz,Gloria,Gomez,6133
harold.edwards4@tak.nz,Harold,Edwards,6134
judy.cook4@tak.nz,Judy,Cook,6135
billy.bailey4@tak.nz,Billy,Bailey,6136
danielle.ward4@tak.nz,Danielle,Ward,6137
albert.bennett4@tak.nz,Albert,Bennett,6138
lori.castillo4@tak.nz,Lori,Castillo,6139
roy.jimenez4@tak.nz,Roy,Jimenez,6140
erin.coleman4@tak.nz,Erin,Coleman,6141
curtis.simmons4@tak.nz,Curtis,Simmons,6142
bethany.reynolds4@tak.nz,Bethany,Reynolds,6143
fred.chapman4@tak.nz,Fred,Chapman,6144
mary.marshall4@tak.nz,Mary,Marshall,6145
william.warren4@tak.nz,William,Warren,6146
jessica.larsen4@tak.nz,Jessica,Larsen,6147
daniel.cameron4@tak.nz,Daniel,Cameron,6148
sandra.grant4@tak.nz,Sandra,Grant,6149
andrew.chambers4@tak.nz,Andrew,Chambers,6150
amanda.nolan4@tak.nz,Amanda,Nolan,6151
ronald.lawson4@tak.nz,Ronald,Lawson,6152
cynthia.blackwood4@tak.nz,Cynthia,Blackwood,6153
nicholas.sutherland4@tak.nz,Nicholas,Sutherland,6154
brenda.jones4@tak.nz,Brenda,Jones,6155
brandon.lopez4@tak.nz,Brandon,Lopez,6156
debra.jackson4@tak.nz,Debra,Jackson,6157
raymond.sanchez4@tak.nz,Raymond,Sanchez,6158
heather.allen4@tak.nz,Heather,Allen,6159
adam.flores4@tak.nz,Adam,Flores,6160
kelly.campbell4@tak.nz,Kelly,Campbell,6161
ethan.turner4@tak.nz,Ethan,Turner,6162
andrea.stewart4@tak.nz,Andrea,Stewart,6163
terry.ortiz4@tak.nz,Terry,Ortiz,6164
sara.howard4@tak.nz,Sara,Howard,6165
arthur.brooks4@tak.nz,Arthur,Brooks,6166
madison.ruiz4@tak.nz,Madison,Ruiz,6167
gabriel.myers4@tak.nz,Gabriel,Myers,6168
brittany.perry4@tak.nz,Brittany,Perry,6169
elijah.barnes4@tak.nz,Elijah,Barnes,6170
tiffany.patterson4@tak.nz,Tiffany,Patterson,6171
bobby.moreno4@tak.nz,Bobby,Moreno,6172
sophia.ellis4@tak.nz,Sophia,Ellis,6173
jimmy.harrison4@tak.nz,Jimmy,Harrison,6174
leah.simpson4@tak.nz,Leah,Simpson,6175
chad.pedersen4@tak.nz,Chad,Pedersen,6176
jennifer.ferguson4@tak.nz,Jennifer,Ferguson,6177
richard.marsh4@tak.nz,Richard,Marsh,6178
karen.boyd4@tak.nz,Karen,Boyd,6179
anthony.palmer4@tak.nz,Anthony,Palmer,6180
kimberly.burton4@tak.nz,Kimberly,Burton,6181
kenneth.radley4@tak.nz,Kenneth,Radley,6182
deborah.smith4@tak.nz,Deborah,Smith,6183
jason.davis4@tak.nz,Jason,Davis,6184
amy.anderson4@tak.nz,Amy,Anderson,6185
jonathan.perez4@tak.nz,Jonathan,Perez,6186
nicole.lewis4@tak.nz,Nicole,Lewis,6187
samuel.scott4@tak.nz,Samuel,Scott,6188
catherine.nelson4@tak.nz,Catherine,Nelson,6189
dennis.roberts4@tak.nz,Dennis,Roberts,6190
virginia.cruz4@tak.nz,Virginia,Cruz,6191
henry.murphy4@tak.nz,Henry,Murphy,6192
lauren.peterson4@tak.nz,Lauren,Peterson,6193
noah.cox4@tak.nz,Noah,Cox,6194
hannah.james4@tak.nz,Hannah,James,6195
sean.alvarez4@tak.nz,Sean,Alvarez,6196
marie.foster4@tak.nz,Marie,Foster,6197
jordan.bell4@tak.nz,Jordan,Bell,6198
denise.vasquez4@tak.nz,Denise,Vasquez,6199
logan.graham4@tak.nz,Logan,Graham,6200
abigail.hayes4@tak.nz,Abigail,Hayes,6201
randy.ford4@tak.nz,Randy,Ford,6202
alice.wells4@tak.nz,Alice,Wells,6203
bradley.berg4@tak.nz,Bradley,Berg,6204
renee.fraser4@tak.nz,Renee,Fraser,6205
todd.douglas4@tak.nz,Todd,Douglas,6206
tara.harvey4@tak.nz,Tara,Harvey,6207
john.hunt4@tak.nz,John,Hunt,6208
elizabeth.franklin4@tak.nz,Elizabeth,Franklin,6209
thomas.whitfield4@tak.nz,Thomas,Whitfield,6210
lisa.redmond4@tak.nz,Lisa,Redmond,6211
donald.brown4@tak.nz,Donald,Brown,6212
donna.hernandez4@tak.nz,Donna,Hernandez,6213
brian.moore4@tak.nz,Brian,Moore,6214
rebecca.harris4@tak.nz,Rebecca,Harris,6215
ryan.young4@tak.nz,Ryan,Young,6216
angela.hill4@tak.nz,Angela,Hill,6217
larry.rivera4@tak.nz,Larry,Rivera,6218
samantha.evans4@tak.nz,Samantha,Evans,6219
alexander.reyes4@tak.nz,Alexander,Reyes,6220
janet.gutierrez4@tak.nz,Janet,Gutierrez,6221
tyler.kelly4@tak.nz,Tyler,Kelly,6222
joyce.watson4@tak.nz,Joyce,Watson,6223
douglas.mendoza4@tak.nz,Douglas,Mendoza,6224
evelyn.patel4@tak.nz,Evelyn,Patel,6225
christian.jenkins4@tak.nz,Christian,Jenkins,6226
martha.henderson4@tak.nz,Martha,Henderson,6227
carl.jordan4@tak.nz,Carl,Jordan,6228
grace.wallace4@tak.nz,Grace,Wallace,6229
bryan.bryant4@tak.nz,Bryan,Bryant,6230
amber.mcdonald4@tak.nz,Amber,McDonald,6231
juan.webb4@tak.nz,Juan,Webb,6232
jane.andersen4@tak.nz,Jane,Andersen,6233
mason.macdonald4@tak.nz,Mason,MacDonald,6234
gina.bishop4@tak.nz,Gina,Bishop,6235
eugene.holt4@tak.nz,Eugene,Holt,6236
charlotte.curtis4@tak.nz,Charlotte,Curtis,6237
alexis.manning4@tak.nz,Alexis,Manning,6238
priscilla.kingsley4@tak.nz,Priscilla,Kingsley,6239
michael.ashford4@tak.nz,Michael,Ashford,6240
susan.miller4@tak.nz,Susan,Miller,6241
christopher.wilson4@tak.nz,Christopher,Wilson,6242
betty.lee4@tak.nz,Betty,Lee,6243
paul.ramirez4@tak.nz,Paul,Ramirez,6244
carol.wright4@tak.nz,Carol,Wright,6245
timothy.adams4@tak.nz,Timothy,Adams,6246
laura.carter4@tak.nz,Laura,Carter,6247
gary.parker4@tak.nz,Gary,Parker,6248
anna.morales4@tak.nz,Anna,Morales,6249
scott.cooper4@tak.nz,Scott,Cooper,6250
christine.kim4@tak.nz,Christine,Kim,6251
patrick.wood4@tak.nz,Patrick,Wood,6252
maria.price4@tak.nz,Maria,Price,6253
jose.ross4@tak.nz,Jose,Ross,6254
olivia.sullivan4@tak.nz,Olivia,Sullivan,6255
kyle.fisher4@tak.nz,Kyle,Fisher,6256
megan.hamilton4@tak.nz,Megan,Hamilton,6257
roger.cole4@tak.nz,Roger,Cole,6258
teresa.murray4@tak.nz,Teresa,Murray,6259
dylan.kennedy4@tak.nz,Dylan,Kennedy,6260
theresa.christensen4@tak.nz,Theresa,Christensen,6261
bruce.erikson4@tak.nz,Bruce,Erikson,6262
rose.sinclair4@tak.nz,Rose,Sinclair,6263
willie.barker4@tak.nz,Willie,Barker,6264
alexis.dixon4@tak.nz,Alexis,Dixon,6265
ralph.gardner4@tak.nz,Ralph,Gardner,6266
isabella.chapman4@tak.nz,Isabella,Chapman,6267
louis.delaney4@tak.nz,Louis,Delaney,6268
jasmine.williams4@tak.nz,Jasmine,Williams,6269
marcus.martinez4@tak.nz,Marcus,Martinez,6270
patricia.taylor4@tak.nz,Patricia,Taylor,6271
david.white4@tak.nz,David,White,6272
sarah.walker4@tak.nz,Sarah,Walker,6273
matthew.nguyen4@tak.nz,Matthew,Nguyen,6274
ashley.hall4@tak.nz,Ashley,Hall,6275
joshua.phillips4@tak.nz,Joshua,Phillips,6276
melissa.collins4@tak.nz,Melissa,Collins,6277
edward.rogers4@tak.nz,Edward,Rogers,6278
kathleen.reed4@tak.nz,Kathleen,Reed,6279
eric.richardson4@tak.nz,Eric,Richardson,6280
pamela.gray4@tak.nz,Pamela,Gray,6281
benjamin.sanders4@tak.nz,Benjamin,Sanders,6282
rachel.powell4@tak.nz,Rachel,Powell,6283
jack.butler4@tak.nz,Jack,Butler,6284
diane.romero4@tak.nz,Diane,Romero,6285
nathan.griffin4@tak.nz,Nathan,Griffin,6286
christina.gibson4@tak.nz,Christina,Gibson,6287
walter.owens4@tak.nz,Walter,Owens,6288
cheryl.fernandez4@tak.nz,Cheryl,Fernandez,6289
austin.hansen4@tak.nz,Austin,Hansen,6290
janice.stewart4@tak.nz,Janice,Stewart,6291
lawrence.henderson4@tak.nz,Lawrence,Henderson,6292
beverly.newton4@tak.nz,Beverly,Newton,6293
joe.barrett4@tak.nz,Joe,Barrett,6294
diana.todd4@tak.nz,Diana,Todd,6295
wayne.ashworth4@tak.nz,Wayne,Ashworth,6296
kayla.blackburn4@tak.nz,Kayla,Blackburn,6297
russell.garcia4@tak.nz,Russell,Garcia,6298
ava.gonzalez4@tak.nz,Ava,Gonzalez,6299
lee.martin4@tak.nz,Lee,Martin,6300
kylie.clark4@tak.nz,Kylie,Clark,6301
james.king4@tak.nz,James,King,6302
linda.green4@tak.nz,Linda,Green,6303
joseph.mitchell4@tak.nz,Joseph,Mitchell,6304
nancy.diaz4@tak.nz,Nancy,Diaz,6305
mark.morris4@tak.nz,Mark,Morris,6306
emily.morgan4@tak.nz,Emily,Morgan,6307
kevin.ramos4@tak.nz,Kevin,Ramos,6308
stephanie.chavez4@tak.nz,Stephanie,Chavez,6309
jeffrey.hughes4@tak.nz,Jeffrey,Hughes,6310
shirley.long4@tak.nz,Shirley,Long,6311
stephen.russell4@tak.nz,Stephen,Russell,6312
emma.gonzales4@tak.nz,Emma,Gonzales,6313
gregory.alexander4@tak.nz,Gregory,Alexander,6314
carolyn.west4@tak.nz,Carolyn,West,6315
jerry.stevens4@tak.nz,Jerry,Stevens,6316
julie.ruiz4@tak.nz,Julie,Ruiz,6317
zachary.stevenson4@tak.nz,Zachary,Stevenson,6318
joan.olsen4@tak.nz,Joan,Olsen,6319
jeremy.duncan4@tak.nz,Jeremy,Duncan,6320
jacqueline.fletcher4@tak.nz,Jacqueline,Fletcher,6321
gerald.pearce4@tak.nz,Gerald,Pearce,6322
julia.osborne4@tak.nz,Julia,Osborne,6323
jesse.kirk4@tak.nz,Jesse,Kirk,6324
marilyn.winslow4@tak.nz,Marilyn,Winslow,6325
alan.johnson4@tak.nz,Alan,Johnson,6326
natalie.rodriguez4@tak.nz,Natalie,Rodriguez,6327
vincent.thomas4@tak.nz,Vincent,Thomas,6328
doris.thompson4@tak.nz,Doris,Thompson,6329
philip.robinson4@tak.nz,Philip,Robinson,6330
chloe.torres4@tak.nz,Chloe,Torres,6331
craig.baker4@tak.nz,Craig,Baker,6332
ellie.gomez4@tak.nz,Ellie,Gomez,6333
robert.edwards4@tak.nz,Robert,Edwards,6334
barbara.cook4@tak.nz,Barbara,Cook,6335
charles.bailey4@tak.nz,Charles,Bailey,6336
margaret.ward4@tak.nz,Margaret,Ward,6337
steven.bennett4@tak.nz,Steven,Bennett,6338
michelle.castillo4@tak.nz,Michelle,Castillo,6339
george.jimenez4@tak.nz,George,Jimenez,6340
sharon.coleman4@tak.nz,Sharon,Coleman,6341
jacob.simmons4@tak.nz,Jacob,Simmons,6342
helen.reynolds4@tak.nz,Helen,Reynolds,6343
justin.chapman4@tak.nz,Justin,Chapman,6344
katherine.marshall4@tak.nz,Katherine,Marshall,6345
frank.warren4@tak.nz,Frank,Warren,6346
ruth.larsen4@tak.nz,Ruth,Larsen,6347
aaron.cameron4@tak.nz,Aaron,Cameron,6348
victoria.grant4@tak.nz,Victoria,Grant,6349
peter.chambers4@tak.nz,Peter,Chambers,6350
judith.nolan4@tak.nz,Judith,Nolan,6351
keith.lawson4@tak.nz,Keith,Lawson,6352
gloria.blackwood4@tak.nz,Gloria,Blackwood,6353
harold.sutherland4@tak.nz,Harold,Sutherland,6354
judy.jones4@tak.nz,Judy,Jones,6355
billy.lopez4@tak.nz,Billy,Lopez,6356
danielle.jackson4@tak.nz,Danielle,Jackson,6357
albert.sanchez4@tak.nz,Albert,Sanchez,6358
lori.allen4@tak.nz,Lori,Allen,6359
roy.flores4@tak.nz,Roy,Flores,6360
erin.campbell4@tak.nz,Erin,Campbell,6361
curtis.turner4@tak.nz,Curtis,Turner,6362
bethany.stewart4@tak.nz,Bethany,Stewart,6363
fred.ortiz4@tak.nz,Fred,Ortiz,6364
mary.howard4@tak.nz,Mary,Howard,6365
william.brooks4@tak.nz,William,Brooks,6366
jessica.ruiz4@tak.nz,Jessica,Ruiz,6367
daniel.myers4@tak.nz,Daniel,Myers,6368
sandra.perry4@tak.nz,Sandra,Perry,6369
andrew.barnes4@tak.nz,Andrew,Barnes,6370
amanda.patterson4@tak.nz,Amanda,Patterson,6371
ronald.moreno4@tak.nz,Ronald,Moreno,6372
cynthia.ellis4@tak.nz,Cynthia,Ellis,6373
nicholas.harrison4@tak.nz,Nicholas,Harrison,6374
brenda.simpson4@tak.nz,Brenda,Simpson,6375
brandon.pedersen4@tak.nz,Brandon,Pedersen,6376
debra.ferguson4@tak.nz,Debra,Ferguson,6377
raymond.marsh4@tak.nz,Raymond,Marsh,6378
heather.boyd4@tak.nz,Heather,Boyd,6379
adam.palmer4@tak.nz,Adam,Palmer,6380
kelly.burton4@tak.nz,Kelly,Burton,6381
ethan.radley4@tak.nz,Ethan,Radley,6382
andrea.smith4@tak.nz,Andrea,Smith,6383
terry.davis4@tak.nz,Terry,Davis,6384
sara.anderson4@tak.nz,Sara,Anderson,6385
arthur.perez4@tak.nz,Arthur,Perez,6386
madison.lewis4@tak.nz,Madison,Lewis,6387
gabriel.scott4@tak.nz,Gabriel,Scott,6388
brittany.nelson4@tak.nz,Brittany,Nelson,6389
elijah.roberts4@tak.nz,Elijah,Roberts,6390
tiffany.cruz4@tak.nz,Tiffany,Cruz,6391
bobby.murphy4@tak.nz,Bobby,Murphy,6392
sophia.peterson4@tak.nz,Sophia,Peterson,6393
jimmy.cox4@tak.nz,Jimmy,Cox,6394
leah.james4@tak.nz,Leah,James,6395
chad.alvarez4@tak.nz,Chad,Alvarez,6396
jennifer.foster4@tak.nz,Jennifer,Foster,6397
richard.bell4@tak.nz,Richard,Bell,6398
karen.vasquez4@tak.nz,Karen,Vasquez,6399
anthony.graham4@tak.nz,Anthony,Graham,6400
kimberly.hayes4@tak.nz,Kimberly,Hayes,6401
kenneth.ford4@tak.nz,Kenneth,Ford,6402
deborah.wells4@tak.nz,Deborah,Wells,6403
jason.berg4@tak.nz,Jason,Berg,6404
amy.fraser4@tak.nz,Amy,Fraser,6405
jonathan.douglas4@tak.nz,Jonathan,Douglas,6406
nicole.harvey4@tak.nz,Nicole,Harvey,6407
samuel.hunt4@tak.nz,Samuel,Hunt,6408
catherine.franklin4@tak.nz,Catherine,Franklin,6409
dennis.whitfield4@tak.nz,Dennis,Whitfield,6410
virginia.redmond4@tak.nz,Virginia,Redmond,6411
henry.brown4@tak.nz,Henry,Brown,6412
lauren.hernandez4@tak.nz,Lauren,Hernandez,6413
noah.moore4@tak.nz,Noah,Moore,6414
hannah.harris4@tak.nz,Hannah,Harris,6415
sean.young4@tak.nz,Sean,Young,6416
marie.hill4@tak.nz,Marie,Hill,6417
jordan.rivera4@tak.nz,Jordan,Rivera,6418
denise.evans4@tak.nz,Denise,Evans,6419
logan.reyes4@tak.nz,Logan,Reyes,6420
abigail.gutierrez4@tak.nz,Abigail,Gutierrez,5781
randy.kelly4@tak.nz,Randy,Kelly,5782
alice.watson4@tak.nz,Alice,Watson,5783
bradley.mendoza4@tak.nz,Bradley,Mendoza,5784
renee.patel4@tak.nz,Renee,Patel,5785
todd.jenkins4@tak.nz,Todd,Jenkins,5786
tara.henderson4@tak.nz,Tara,Henderson,5787
john.jordan4@tak.nz,John,Jordan,5788
elizabeth.wallace4@tak.nz,Elizabeth,Wallace,5789
thomas.bryant4@tak.nz,Thomas,Bryant,5790
lisa.mcdonald4@tak.nz,Lisa,McDonald,5791
donald.webb4@tak.nz,Donald,Webb,5792
donna.andersen4@tak.nz,Donna,Andersen,5793
brian.macdonald4@tak.nz,Brian,MacDonald,5794
rebecca.bishop4@tak.nz,Rebecca,Bishop,5795
ryan.holt4@tak.nz,Ryan,Holt,5796
angela.curtis4@tak.nz,Angela,Curtis,5797
larry.manning4@tak.nz,Larry,Manning,5798
samantha.kingsley4@tak.nz,Samantha,Kingsley,5799
alexander.ashford4@tak.nz,Alexander,Ashford,5800
janet.miller4@tak.nz,Janet,Miller,5801
tyler.wilson4@tak.nz,Tyler,Wilson,5802
joyce.lee4@tak.nz,Joyce,Lee,5803
douglas.ramirez4@tak.nz,Douglas,Ramirez,5804
evelyn.wright4@tak.nz,Evelyn,Wright,5805
christian.adams4@tak.nz,Christian,Adams,5806
martha.carter4@tak.nz,Martha,Carter,5807
carl.parker4@tak.nz,Carl,Parker,5808
grace.morales4@tak.nz,Grace,Morales,5809
bryan.cooper4@tak.nz,Bryan,Cooper,5810
amber.kim4@tak.nz,Amber,Kim,5811
juan.wood4@tak.nz,Juan,Wood,5812
jane.price4@tak.nz,Jane,Price,5813
mason.ross4@tak.nz,Mason,Ross,5814
gina.sullivan4@tak.nz,Gina,Sullivan,5815
eugene.fisher4@tak.nz,Eugene,Fisher,5816
charlotte.hamilton4@tak.nz,Charlotte,Hamilton,5817
alexis.cole4@tak.nz,Alexis,Cole,5818
priscilla.murray4@tak.nz,Priscilla,Murray,5819
michael.kennedy4@tak.nz,Michael,Kennedy,5820
susan.christensen4@tak.nz,Susan,Christensen,5821
christopher.erikson4@tak.nz,Christopher,Erikson,5822
betty.sinclair4@tak.nz,Betty,Sinclair,5823
paul.barker4@tak.nz,Paul,Barker,5824
carol.dixon4@tak.nz,Carol,Dixon,5825
timothy.gardner4@tak.nz,Timothy,Gardner,5826
laura.chapman4@tak.nz,Laura,Chapman,5827
gary.delaney4@tak.nz,Gary,Delaney,5828
anna.williams4@tak.nz,Anna,Williams,5829
scott.martinez4@tak.nz,Scott,Martinez,5830
christine.taylor4@tak.nz,Christine,Taylor,5831
patrick.white4@tak.nz,Patrick,White,5832
maria.walker4@tak.nz,Maria,Walker,5833
jose.nguyen4@tak.nz,Jose,Nguyen,5834
olivia.hall4@tak.nz,Olivia,Hall,5835
kyle.phillips4@tak.nz,Kyle,Phillips,5836
megan.collins4@tak.nz,Megan,Collins,5837
roger.rogers4@tak.nz,Roger,Rogers,5838
teresa.reed4@tak.nz,Teresa,Reed,5839
dylan.richardson4@tak.nz,Dylan,Richardson,5840
theresa.gray4@tak.nz,Theresa,Gray,5841
bruce.sanders4@tak.nz,Bruce,Sanders,5842
rose.powell4@tak.nz,Rose,Powell,5843
willie.butler4@tak.nz,Willie,Butler,5844
alexis.romero4@tak.nz,Alexis,Romero,5845
ralph.griffin4@tak.nz,Ralph,Griffin,5846
isabella.gibson4@tak.nz,Isabella,Gibson,5847
louis.owens4@tak.nz,Louis,Owens,5848
jasmine.fernandez4@tak.nz,Jasmine,Fernandez,5849
marcus.hansen4@tak.nz,Marcus,Hansen,5850
patricia.stewart4@tak.nz,Patricia,Stewart,5851
david.henderson4@tak.nz,David,Henderson,5852
sarah.newton4@tak.nz,Sarah,Newton,5853
matthew.barrett4@tak.nz,Matthew,Barrett,5854
ashley.todd4@tak.nz,Ashley,Todd,5855
joshua.ashworth4@tak.nz,Joshua,Ashworth,5856
melissa.blackburn4@tak.nz,Melissa,Blackburn,5857
edward.garcia4@tak.nz,Edward,Garcia,5858
kathleen.gonzalez4@tak.nz,Kathleen,Gonzalez,5859
eric.martin4@tak.nz,Eric,Martin,5860
pamela.clark4@tak.nz,Pamela,Clark,5861
benjamin.king4@tak.nz,Benjamin,King,5862
rachel.green4@tak.nz,Rachel,Green,5863
jack.mitchell4@tak.nz,Jack,Mitchell,5864
diane.diaz4@tak.nz,Diane,Diaz,5865
nathan.morris4@tak.nz,Nathan,Morris,5866
christina.morgan4@tak.nz,Christina,Morgan,5867
walter.ramos4@tak.nz,Walter,Ramos,5868
cheryl.chavez4@tak.nz,Cheryl,Chavez,5869
austin.hughes4@tak.nz,Austin,Hughes,5870
janice.long4@tak.nz,Janice,Long,5871
lawrence.russell4@tak.nz,Lawrence,Russell,5872
beverly.gonzales4@tak.nz,Beverly,Gonzales,5873
joe.alexander4@tak.nz,Joe,Alexander,5874
diana.west4@tak.nz,Diana,West,5875
wayne.stevens4@tak.nz,Wayne,Stevens,5876
kayla.ruiz4@tak.nz,Kayla,Ruiz,5877
russell.stevenson4@tak.nz,Russell,Stevenson,5878
ava.olsen4@tak.nz,Ava,Olsen,5879
lee.duncan4@tak.nz,Lee,Duncan,5880
kylie.fletcher4@tak.nz,Kylie,Fletcher,5881
james.pearce4@tak.nz,James,Pearce,5882
linda.osborne4@tak.nz,Linda,Osborne,5883
joseph.kirk4@tak.nz,Joseph,Kirk,5884
nancy.winslow4@tak.nz,Nancy,Winslow,5885
mark.johnson4@tak.nz,Mark,Johnson,5886
emily.rodriguez4@tak.nz,Emily,Rodriguez,5887
kevin.thomas4@tak.nz,Kevin,Thomas,5888
stephanie.thompson4@tak.nz,Stephanie,Thompson,5889
jeffrey.robinson4@tak.nz,Jeffrey,Robinson,5890
shirley.torres4@tak.nz,Shirley,Torres,5891
stephen.baker4@tak.nz,Stephen,Baker,5892
emma.gomez4@tak.nz,Emma,Gomez,5893
gregory.edwards4@tak.nz,Gregory,Edwards,5894
carolyn.cook4@tak.nz,Carolyn,Cook,5895
jerry.bailey4@tak.nz,Jerry,Bailey,5896
julie.ward4@tak.nz,Julie,Ward,5897
zachary.bennett4@tak.nz,Zachary,Bennett,5898
joan.castillo4@tak.nz,Joan,Castillo,5899
jeremy.jimenez4@tak.nz,Jeremy,Jimenez,5900
jacqueline.coleman4@tak.nz,Jacqueline,Coleman,5901
gerald.simmons4@tak.nz,Gerald,Simmons,5902
julia.reynolds4@tak.nz,Julia,Reynolds,5903
jesse.chapman4@tak.nz,Jesse,Chapman,5904
marilyn.marshall4@tak.nz,Marilyn,Marshall,5905
alan.warren4@tak.nz,Alan,Warren,5906
natalie.larsen4@tak.nz,Natalie,Larsen,5907
vincent.cameron4@tak.nz,Vincent,Cameron,5908
doris.grant4@tak.nz,Doris,Grant,5909
philip.chambers4@tak.nz,Philip,Chambers,5910
chloe.nolan4@tak.nz,Chloe,Nolan,5911
craig.lawson4@tak.nz,Craig,Lawson,5912
ellie.blackwood4@tak.nz,Ellie,Blackwood,5913
robert.sutherland4@tak.nz,Robert,Sutherland,5914
barbara.jones4@tak.nz,Barbara,Jones,5915
charles.lopez4@tak.nz,Charles,Lopez,5916
margaret.jackson4@tak.nz,Margaret,Jackson,5917
steven.sanchez4@tak.nz,Steven,Sanchez,5918
michelle.allen4@tak.nz,Michelle,Allen,5919
george.flores4@tak.nz,George,Flores,5920
sharon.campbell4@tak.nz,Sharon,Campbell,5921
jacob.turner4@tak.nz,Jacob,Turner,5922
helen.stewart4@tak.nz,Helen,Stewart,5923
justin.ortiz4@tak.nz,Justin,Ortiz,5924
katherine.howard4@tak.nz,Katherine,Howard,5925
frank.brooks4@tak.nz,Frank,Brooks,5926
ruth.ruiz4@tak.nz,Ruth,Ruiz,5927
aaron.myers4@tak.nz,Aaron,Myers,5928
victoria.perry4@tak.nz,Victoria,Perry,5929
peter.barnes4@tak.nz,Peter,Barnes,5930
judith.patterson4@tak.nz,Judith,Patterson,5931
keith.moreno4@tak.nz,Keith,Moreno,5932
gloria.ellis4@tak.nz,Gloria,Ellis,5933
harold.harrison4@tak.nz,Harold,Harrison,5934
judy.simpson4@tak.nz,Judy,Simpson,5935
billy.pedersen4@tak.nz,Billy,Pedersen,5936
danielle.ferguson4@tak.nz,Danielle,Ferguson,5937
albert.marsh4@tak.nz,Albert,Marsh,5938
lori.boyd4@tak.nz,Lori,Boyd,5939
roy.palmer4@tak.nz,Roy,Palmer,5940
erin.burton4@tak.nz,Erin,Burton,5941
curtis.radley4@tak.nz,Curtis,Radley,5942
bethany.smith4@tak.nz,Bethany,Smith,5943
fred.davis4@tak.nz,Fred,Davis,5944
mary.anderson4@tak.nz,Mary,Anderson,5945
william.perez4@tak.nz,William,Perez,5946
jessica.lewis4@tak.nz,Jessica,Lewis,5947
daniel.scott4@tak.nz,Daniel,Scott,5948
sandra.nelson4@tak.nz,Sandra,Nelson,5949
andrew.roberts4@tak.nz,Andrew,Roberts,5950
amanda.cruz4@tak.nz,Amanda,Cruz,5951
ronald.murphy4@tak.nz,Ronald,Murphy,5952
cynthia.peterson4@tak.nz,Cynthia,Peterson,5953
nicholas.cox4@tak.nz,Nicholas,Cox,5954
brenda.james4@tak.nz,Brenda,James,5955
brandon.alvarez4@tak.nz,Brandon,Alvarez,5956
debra.foster4@tak.nz,Debra,Foster,5957
raymond.bell4@tak.nz,Raymond,Bell,5958
heather.vasquez4@tak.nz,Heather,Vasquez,5959
adam.graham4@tak.nz,Adam,Graham,5960
kelly.hayes4@tak.nz,Kelly,Hayes,5961
ethan.ford4@tak.nz,Ethan,Ford,5962
andrea.wells4@tak.nz,Andrea,Wells,5963
terry.berg4@tak.nz,Terry,Berg,5964
sara.fraser4@tak.nz,Sara,Fraser,5965
arthur.douglas4@tak.nz,Arthur,Douglas,5966
madison.harvey4@tak.nz,Madison,Harvey,5967
gabriel.hunt4@tak.nz,Gabriel,Hunt,5968
brittany.franklin4@tak.nz,Brittany,Franklin,5969
elijah.whitfield4@tak.nz,Elijah,Whitfield,5970
tiffany.redmond4@tak.nz,Tiffany,Redmond,5971
bobby.brown4@tak.nz,Bobby,Brown,5972
sophia.hernandez4@tak.nz,Sophia,Hernandez,5973
jimmy.moore4@tak.nz,Jimmy,Moore,5974
leah.harris4@tak.nz,Leah,Harris,5975
chad.young4@tak.nz,Chad,Young,5976
jennifer.hill4@tak.nz,Jennifer,Hill,5977
richard.rivera4@tak.nz,Richard,Rivera,5978
karen.evans4@tak.nz,Karen,Evans,5979
anthony.reyes4@tak.nz,Anthony,Reyes,5980
kimberly.gutierrez4@tak.nz,Kimberly,Gutierrez,5981
kenneth.kelly4@tak.nz,Kenneth,Kelly,5982
deborah.watson4@tak.nz,Deborah,Watson,5983
jason.mendoza4@tak.nz,Jason,Mendoza,5984
amy.patel4@tak.nz,Amy,Patel,5985
jonathan.jenkins4@tak.nz,Jonathan,Jenkins,5986
nicole.henderson4@tak.nz,Nicole,Henderson,5987
samuel.jordan4@tak.nz,Samuel,Jordan,5988
catherine.wallace4@tak.nz,Catherine,Wallace,5989
dennis.bryant4@tak.nz,Dennis,Bryant,5990
virginia.mcdonald4@tak.nz,Virginia,McDonald,5991
henry.webb4@tak.nz,Henry,Webb,5992
lauren.andersen4@tak.nz,Lauren,Andersen,5993
noah.macdonald4@tak.nz,Noah,MacDonald,5994
hannah.bishop4@tak.nz,Hannah,Bishop,5995
sean.holt4@tak.nz,Sean,Holt,5996
marie.curtis4@tak.nz,Marie,Curtis,5997
jordan.manning4@tak.nz,Jordan,Manning,5998
denise.kingsley4@tak.nz,Denise,Kingsley,5999
logan.ashford4@tak.nz,Logan,Ashford,6000
abigail.miller4@tak.nz,Abigail,Miller,6001
randy.wilson4@tak.nz,Randy,Wilson,6002
alice.lee4@tak.nz,Alice,Lee,6003
bradley.ramirez4@tak.nz,Bradley,Ramirez,6004
renee.wright4@tak.nz,Renee,Wright,6005
todd.adams4@tak.nz,Todd,Adams,6006
tara.carter4@tak.nz,Tara,Carter,6007
john.parker4@tak.nz,John,Parker,6008
elizabeth.morales4@tak.nz,Elizabeth,Morales,6009
thomas.cooper4@tak.nz,Thomas,Cooper,6010
lisa.kim4@tak.nz,Lisa,Kim,6011
donald.wood4@tak.nz,Donald,Wood,6012
donna.price4@tak.nz,Donna,Price,6013
brian.ross4@tak.nz,Brian,Ross,6014
rebecca.sullivan4@tak.nz,Rebecca,Sullivan,6015
ryan.fisher4@tak.nz,Ryan,Fisher,6016
angela.hamilton4@tak.nz,Angela,Hamilton,6017
larry.cole4@tak.nz,Larry,Cole,6018
samantha.murray4@tak.nz,Samantha,Murray,6019
alexander.kennedy4@tak.nz,Alexander,Kennedy,6020
janet.christensen4@tak.nz,Janet,Christensen,6021
tyler.erikson4@tak.nz,Tyler,Erikson,6022
joyce.sinclair4@tak.nz,Joyce,Sinclair,6023
douglas.barker4@tak.nz,Douglas,Barker,6024
evelyn.dixon4@tak.nz,Evelyn,Dixon,6025
christian.gardner4@tak.nz,Christian,Gardner,6026
martha.chapman4@tak.nz,Martha,Chapman,6027
carl.delaney4@tak.nz,Carl,Delaney,6028
grace.williams4@tak.nz,Grace,Williams,6029
bryan.martinez4@tak.nz,Bryan,Martinez,6030
amber.taylor4@tak.nz,Amber,Taylor,6031
juan.white4@tak.nz,Juan,White,6032
jane.walker4@tak.nz,Jane,Walker,6033
mason.nguyen4@tak.nz,Mason,Nguyen,6034
gina.hall4@tak.nz,Gina,Hall,6035
eugene.phillips4@tak.nz,Eugene,Phillips,6036
charlotte.collins4@tak.nz,Charlotte,Collins,6037
alexis.rogers4@tak.nz,Alexis,Rogers,6038
priscilla.reed4@tak.nz,Priscilla,Reed,6039
michael.richardson4@tak.nz,Michael,Richardson,6040
susan.gray4@tak.nz,Susan,Gray,6041
christopher.sanders4@tak.nz,Christopher,Sanders,6042
betty.powell4@tak.nz,Betty,Powell,6043
paul.butler4@tak.nz,Paul,Butler,6044
carol.romero4@tak.nz,Carol,Romero,6045
timothy.griffin4@tak.nz,Timothy,Griffin,6046
laura.gibson4@tak.nz,Laura,Gibson,6047
gary.owens4@tak.nz,Gary,Owens,6048
anna.fernandez4@tak.nz,Anna,Fernandez,6049
scott.hansen4@tak.nz,Scott,Hansen,6050
christine.stewart4@tak.nz,Christine,Stewart,6051
patrick.henderson4@tak.nz,Patrick,Henderson,6052
maria.newton4@tak.nz,Maria,Newton,6053
jose.barrett4@tak.nz,Jose,Barrett,6054
olivia.todd4@tak.nz,Olivia,Todd,6055
kyle.ashworth4@tak.nz,Kyle,Ashworth,6056
megan.blackburn4@tak.nz,Megan,Blackburn,6057
roger.garcia4@tak.nz,Roger,Garcia,6058
teresa.gonzalez4@tak.nz,Teresa,Gonzalez,6059
dylan.martin4@tak.nz,Dylan,Martin,6060
theresa.clark4@tak.nz,Theresa,Clark,6061
bruce.king4@tak.nz,Bruce,King,6062
rose.green4@tak.nz,Rose,Green,6063
willie.mitchell4@tak.nz,Willie,Mitchell,6064
alexis.diaz4@tak.nz,Alexis,Diaz,6065
ralph.morris4@tak.nz,Ralph,Morris,6066
isabella.morgan4@tak.nz,Isabella,Morgan,6067
louis.ramos4@tak.nz,Louis,Ramos,6068
jasmine.chavez4@tak.nz,Jasmine,Chavez,6069
marcus.hughes4@tak.nz,Marcus,Hughes,6070
patricia.long4@tak.nz,Patricia,Long,6071
david.russell4@tak.nz,David,Russell,6072
sarah.gonzales4@tak.nz,Sarah,Gonzales,6073
matthew.alexander4@tak.nz,Matthew,Alexander,6074
ashley.west4@tak.nz,Ashley,West,6075
joshua.stevens4@tak.nz,Joshua,Stevens,6076
melissa.ruiz4@tak.nz,Melissa,Ruiz,6077
edward.stevenson4@tak.nz,Edward,Stevenson,6078
kathleen.olsen4@tak.nz,Kathleen,Olsen,6079
eric.duncan4@tak.nz,Eric,Duncan,6080
pamela.fletcher4@tak.nz,Pamela,Fletcher,6081
benjamin.pearce4@tak.nz,Benjamin,Pearce,6082
rachel.osborne4@tak.nz,Rachel,Osborne,6083
jack.kirk4@tak.nz,Jack,Kirk,6084
diane.winslow4@tak.nz,Diane,Winslow,6085
nathan.johnson4@tak.nz,Nathan,Johnson,6086
christina.rodriguez4@tak.nz,Christina,Rodriguez,6087
walter.thomas4@tak.nz,Walter,Thomas,6088
cheryl.thompson4@tak.nz,Cheryl,Thompson,6089
austin.robinson4@tak.nz,Austin,Robinson,6090
janice.torres4@tak.nz,Janice,Torres,6091
lawrence.baker4@tak.nz,Lawrence,Baker,6092
beverly.gomez4@tak.nz,Beverly,Gomez,6093
joe.edwards4@tak.nz,Joe,Edwards,6094
diana.cook4@tak.nz,Diana,Cook,6095
wayne.bailey4@tak.nz,Wayne,Bailey,6096
kayla.ward4@tak.nz,Kayla,Ward,6097
russell.bennett4@tak.nz,Russell,Bennett,6098
ava.castillo4@tak.nz,Ava,Castillo,6099
lee.jimenez4@tak.nz,Lee,Jimenez,6100
kylie.coleman4@tak.nz,Kylie,Coleman,6101
james.simmons4@tak.nz,James,Simmons,6102
linda.reynolds4@tak.nz,Linda,Reynolds,6103
joseph.chapman4@tak.nz,Joseph,Chapman,6104
nancy.marshall4@tak.nz,Nancy,Marshall,6105
mark.warren4@tak.nz,Mark,Warren,6106
emily.larsen4@tak.nz,Emily,Larsen,6107
kevin.cameron4@tak.nz,Kevin,Cameron,6108
stephanie.grant4@tak.nz,Stephanie,Grant,6109
jeffrey.chambers4@tak.nz,Jeffrey,Chambers,6110
shirley.nolan4@tak.nz,Shirley,Nolan,6111
stephen.lawson4@tak.nz,Stephen,Lawson,6112
emma.blackwood4@tak.nz,Emma,Blackwood,6113
gregory.sutherland4@tak.nz,Gregory,Sutherland,6114
carolyn.jones4@tak.nz,Carolyn,Jones,6115
jerry.lopez4@tak.nz,Jerry,Lopez,6116
julie.jackson4@tak.nz,Julie,Jackson,6117
zachary.sanchez4@tak.nz,Zachary,Sanchez,6118
joan.allen4@tak.nz,Joan,Allen,6119
jeremy.flores4@tak.nz,Jeremy,Flores,6120
jacqueline.campbell4@tak.nz,Jacqueline,Campbell,6121
gerald.turner4@tak.nz,Gerald,Turner,6122
julia.stewart4@tak.nz,Julia,Stewart,6123
jesse.ortiz4@tak.nz,Jesse,Ortiz,6124
marilyn.howard4@tak.nz,Marilyn,Howard,6125
alan.brooks4@tak.nz,Alan,Brooks,6126
natalie.ruiz4@tak.nz,Natalie,Ruiz,6127
vincent.myers4@tak.nz,Vincent,Myers,6128
doris.perry4@tak.nz,Doris,Perry,6129
philip.barnes4@tak.nz,Philip,Barnes,6130
chloe.patterson4@tak.nz,Chloe,Patterson,6131
craig.moreno4@tak.nz,Craig,Moreno,6132
ellie.ellis4@tak.nz,Ellie,Ellis,6133
robert.harrison4@tak.nz,Robert,Harrison,6134
barbara.simpson4@tak.nz,Barbara,Simpson,6135
charles.pedersen4@tak.nz,Charles,Pedersen,6136
margaret.ferguson4@tak.nz,Margaret,Ferguson,6137
steven.marsh4@tak.nz,Steven,Marsh,6138
michelle.boyd4@tak.nz,Michelle,Boyd,6139
george.palmer4@tak.nz,George,Palmer,6140
sharon.burton4@tak.nz,Sharon,Burton,6141
jacob.radley4@tak.nz,Jacob,Radley,6142
helen.smith4@tak.nz,Helen,Smith,6143
justin.davis4@tak.nz,Justin,Davis,6144
katherine.anderson4@tak.nz,Katherine,Anderson,6145
frank.perez4@tak.nz,Frank,Perez,6146
ruth.lewis4@tak.nz,Ruth,Lewis,6147
aaron.scott4@tak.nz,Aaron,Scott,6148
victoria.nelson4@tak.nz,Victoria,Nelson,6149
peter.roberts4@tak.nz,Peter,Roberts,6150
judith.cruz4@tak.nz,Judith,Cruz,6151
keith.murphy4@tak.nz,Keith,Murphy,6152
gloria.peterson4@tak.nz,Gloria,Peterson,6153
harold.cox4@tak.nz,Harold,Cox,6154
judy.james4@tak.nz,Judy,James,6155
billy.alvarez4@tak.nz,Billy,Alvarez,6156
danielle.foster4@tak.nz,Danielle,Foster,6157
albert.bell4@tak.nz,Albert,Bell,6158
lori.vasquez4@tak.nz,Lori,Vasquez,6159
roy.graham4@tak.nz,Roy,Graham,6160
erin.hayes4@tak.nz,Erin,Hayes,6161
curtis.ford4@tak.nz,Curtis,Ford,6162
bethany.wells4@tak.nz,Bethany,Wells,6163
fred.berg4@tak.nz,Fred,Berg,6164
mary.fraser4@tak.nz,Mary,Fraser,6165
william.douglas4@tak.nz,William,Douglas,6166
jessica.harvey4@tak.nz,Jessica,Harvey,6167
daniel.hunt4@tak.nz,Daniel,Hunt,6168
sandra.franklin4@tak.nz,Sandra,Franklin,6169
andrew.whitfield4@tak.nz,Andrew,Whitfield,6170
amanda.redmond4@tak.nz,Amanda,Redmond,6171
ronald.brown4@tak.nz,Ronald,Brown,6172
cynthia.hernandez4@tak.nz,Cynthia,Hernandez,6173
nicholas.moore4@tak.nz,Nicholas,Moore,6174
brenda.harris4@tak.nz,Brenda,Harris,6175
brandon.young4@tak.nz,Brandon,Young,6176
debra.hill4@tak.nz,Debra,Hill,6177
raymond.rivera4@tak.nz,Raymond,Rivera,6178
heather.evans4@tak.nz,Heather,Evans,6179
adam.reyes4@tak.nz,Adam,Reyes,6180
kelly.gutierrez4@tak.nz,Kelly,Gutierrez,6181
ethan.kelly4@tak.nz,Ethan,Kelly,6182
andrea.watson4@tak.nz,Andrea,Watson,6183
terry.mendoza4@tak.nz,Terry,Mendoza,6184
sara.patel4@tak.nz,Sara,Patel,6185
arthur.jenkins4@tak.nz,Arthur,Jenkins,6186
madison.henderson4@tak.nz,Madison,Henderson,6187
gabriel.jordan4@tak.nz,Gabriel,Jordan,6188
brittany.wallace4@tak.nz,Brittany,Wallace,6189
elijah.bryant4@tak.nz,Elijah,Bryant,6190
tiffany.mcdonald4@tak.nz,Tiffany,McDonald,6191
bobby.webb4@tak.nz,Bobby,Webb,6192
sophia.andersen4@tak.nz,Sophia,Andersen,6193
jimmy.macdonald4@tak.nz,Jimmy,MacDonald,6194
leah.bishop4@tak.nz,Leah,Bishop,6195
chad.holt4@tak.nz,Chad,Holt,6196
jennifer.curtis4@tak.nz,Jennifer,Curtis,6197
richard.manning4@tak.nz,Richard,Manning,6198
karen.kingsley4@tak.nz,Karen,Kingsley,6199
anthony.ashford4@tak.nz,Anthony,Ashford,6200
kimberly.miller4@tak.nz,Kimberly,Miller,6201
kenneth.wilson4@tak.nz,Kenneth,Wilson,6202
deborah.lee4@tak.nz,Deborah,Lee,6203
jason.ramirez4@tak.nz,Jason,Ramirez,6204
amy.wright4@tak.nz,Amy,Wright,6205
jonathan.adams4@tak.nz,Jonathan,Adams,6206
nicole.carter4@tak.nz,Nicole,Carter,6207
samuel.parker4@tak.nz,Samuel,Parker,6208
catherine.morales4@tak.nz,Catherine,Morales,6209
dennis.cooper4@tak.nz,Dennis,Cooper,6210
virginia.kim4@tak.nz,Virginia,Kim,6211
henry.wood4@tak.nz,Henry,Wood,6212
lauren.price4@tak.nz,Lauren,Price,6213
noah.ross4@tak.nz,Noah,Ross,6214
hannah.sullivan4@tak.nz,Hannah,Sullivan,6215
sean.fisher4@tak.nz,Sean,Fisher,6216
marie.hamilton4@tak.nz,Marie,Hamilton,6217
jordan.cole4@tak.nz,Jordan,Cole,6218
denise.murray4@tak.nz,Denise,Murray,6219
logan.kennedy4@tak.nz,Logan,Kennedy,6220
abigail.christensen4@tak.nz,Abigail,Christensen,6221
randy.erikson4@tak.nz,Randy,Erikson,6222
alice.sinclair4@tak.nz,Alice,Sinclair,6223
bradley.barker4@tak.nz,Bradley,Barker,6224
renee.dixon4@tak.nz,Renee,Dixon,6225
todd.gardner4@tak.nz,Todd,Gardner,6226
tara.chapman4@tak.nz,Tara,Chapman,6227
john.delaney4@tak.nz,John,Delaney,6228
elizabeth.williams4@tak.nz,Elizabeth,Williams,6229
thomas.martinez4@tak.nz,Thomas,Martinez,6230
lisa.taylor4@tak.nz,Lisa,Taylor,6231
donald.white4@tak.nz,Donald,White,6232
donna.walker4@tak.nz,Donna,Walker,6233
brian.nguyen4@tak.nz,Brian,Nguyen,6234
rebecca.hall4@tak.nz,Rebecca,Hall,6235
ryan.phillips4@tak.nz,Ryan,Phillips,6236
angela.collins4@tak.nz,Angela,Collins,6237
larry.rogers4@tak.nz,Larry,Rogers,6238
samantha.reed4@tak.nz,Samantha,Reed,6239
alexander.richardson4@tak.nz,Alexander,Richardson,6240
janet.gray4@tak.nz,Janet,Gray,6241
tyler.sanders4@tak.nz,Tyler,Sanders,6242
joyce.powell4@tak.nz,Joyce,Powell,6243
douglas.butler4@tak.nz,Douglas,Butler,6244
evelyn.romero4@tak.nz,Evelyn,Romero,6245
christian.griffin4@tak.nz,Christian,Griffin,6246
martha.gibson4@tak.nz,Martha,Gibson,6247
carl.owens4@tak.nz,Carl,Owens,6248
grace.fernandez4@tak.nz,Grace,Fernandez,6249
bryan.hansen4@tak.nz,Bryan,Hansen,6250
amber.stewart4@tak.nz,Amber,Stewart,6251
juan.henderson4@tak.nz,Juan,Henderson,6252
jane.newton4@tak.nz,Jane,Newton,6253
mason.barrett4@tak.nz,Mason,Barrett,6254
gina.todd4@tak.nz,Gina,Todd,6255
eugene.ashworth4@tak.nz,Eugene,Ashworth,6256
charlotte.blackburn4@tak.nz,Charlotte,Blackburn,6257
alexis.garcia4@tak.nz,Alexis,Garcia,6258
priscilla.gonzalez4@tak.nz,Priscilla,Gonzalez,6259
michael.martin4@tak.nz,Michael,Martin,6260
susan.clark5@tak.nz,Susan,Clark,6261
christopher.king5@tak.nz,Christopher,King,6262
betty.green5@tak.nz,Betty,Green,6263
paul.mitchell5@tak.nz,Paul,Mitchell,6264
carol.diaz5@tak.nz,Carol,Diaz,6265
timothy.morris5@tak.nz,Timothy,Morris,6266
laura.morgan5@tak.nz,Laura,Morgan,6267
gary.ramos5@tak.nz,Gary,Ramos,6268
anna.chavez5@tak.nz,Anna,Chavez,6269
scott.hughes5@tak.nz,Scott,Hughes,6270
christine.long5@tak.nz,Christine,Long,6271
patrick.russell5@tak.nz,Patrick,Russell,6272
maria.gonzales5@tak.nz,Maria,Gonzales,6273
jose.alexander5@tak.nz,Jose,Alexander,6274
olivia.west5@tak.nz,Olivia,West,6275
kyle.stevens5@tak.nz,Kyle,Stevens,6276
megan.ruiz5@tak.nz,Megan,Ruiz,6277
roger.stevenson5@tak.nz,Roger,Stevenson,6278
teresa.olsen5@tak.nz,Teresa,Olsen,6279
dylan.duncan5@tak.nz,Dylan,Duncan,6280
theresa.fletcher5@tak.nz,Theresa,Fletcher,6281
bruce.pearce5@tak.nz,Bruce,Pearce,6282
rose.osborne5@tak.nz,Rose,Osborne,6283
willie.kirk5@tak.nz,Willie,Kirk,6284
alexis.winslow5@tak.nz,Alexis,Winslow,6285
ralph.johnson5@tak.nz,Ralph,Johnson,6286
isabella.rodriguez5@tak.nz,Isabella,Rodriguez,6287
louis.thomas5@tak.nz,Louis,Thomas,6288
jasmine.thompson5@tak.nz,Jasmine,Thompson,6289
marcus.robinson5@tak.nz,Marcus,Robinson,6290
patricia.torres5@tak.nz,Patricia,Torres,6291
david.baker5@tak.nz,David,Baker,6292
sarah.gomez5@tak.nz,Sarah,Gomez,6293
matthew.edwards5@tak.nz,Matthew,Edwards,6294
ashley.cook5@tak.nz,Ashley,Cook,6295
joshua.bailey5@tak.nz,Joshua,Bailey,6296
melissa.ward5@tak.nz,Melissa,Ward,6297
edward.bennett5@tak.nz,Edward,Bennett,6298
kathleen.castillo5@tak.nz,Kathleen,Castillo,6299
eric.jimenez5@tak.nz,Eric,Jimenez,6300
pamela.coleman5@tak.nz,Pamela,Coleman,6301
benjamin.simmons5@tak.nz,Benjamin,Simmons,6302
rachel.reynolds5@tak.nz,Rachel,Reynolds,6303
jack.chapman5@tak.nz,Jack,Chapman,6304
diane.marshall5@tak.nz,Diane,Marshall,6305
nathan.warren5@tak.nz,Nathan,Warren,6306
christina.larsen5@tak.nz,Christina,Larsen,6307
walter.cameron5@tak.nz,Walter,Cameron,6308
cheryl.grant5@tak.nz,Cheryl,Grant,6309
austin.chambers5@tak.nz,Austin,Chambers,6310
janice.nolan5@tak.nz,Janice,Nolan,6311
lawrence.lawson5@tak.nz,Lawrence,Lawson,6312
beverly.blackwood5@tak.nz,Beverly,Blackwood,6313
joe.sutherland5@tak.nz,Joe,Sutherland,6314
diana.jones5@tak.nz,Diana,Jones,6315
wayne.lopez5@tak.nz,Wayne,Lopez,6316
kayla.jackson5@tak.nz,Kayla,Jackson,6317
russell.sanchez5@tak.nz,Russell,Sanchez,6318
ava.allen5@tak.nz,Ava,Allen,6319
lee.flores5@tak.nz,Lee,Flores,6320
kylie.campbell5@tak.nz,Kylie,Campbell,6321
james.turner5@tak.nz,James,Turner,6322
linda.stewart5@tak.nz,Linda,Stewart,6323
joseph.ortiz5@tak.nz,Joseph,Ortiz,6324
nancy.howard5@tak.nz,Nancy,Howard,6325
mark.brooks5@tak.nz,Mark,Brooks,6326
emily.ruiz5@tak.nz,Emily,Ruiz,6327
kevin.myers5@tak.nz,Kevin,Myers,6328
stephanie.perry5@tak.nz,Stephanie,Perry,6329
jeffrey.barnes5@tak.nz,Jeffrey,Barnes,6330
shirley.patterson5@tak.nz,Shirley,Patterson,6331
stephen.moreno5@tak.nz,Stephen,Moreno,6332
emma.ellis5@tak.nz,Emma,Ellis,6333
gregory.harrison5@tak.nz,Gregory,Harrison,6334
carolyn.simpson5@tak.nz,Carolyn,Simpson,6335
jerry.pedersen5@tak.nz,Jerry,Pedersen,6336
julie.ferguson5@tak.nz,Julie,Ferguson,6337
zachary.marsh5@tak.nz,Zachary,Marsh,6338
joan.boyd5@tak.nz,Joan,Boyd,6339
jeremy.palmer5@tak.nz,Jeremy,Palmer,6340
jacqueline.burton5@tak.nz,Jacqueline,Burton,6341
gerald.radley5@tak.nz,Gerald,Radley,6342
julia.smith5@tak.nz,Julia,Smith,6343
jesse.davis5@tak.nz,Jesse,Davis,6344
marilyn.anderson5@tak.nz,Marilyn,Anderson,6345
alan.perez5@tak.nz,Alan,Perez,6346
natalie.lewis5@tak.nz,Natalie,Lewis,6347
vincent.scott5@tak.nz,Vincent,Scott,6348
doris.nelson5@tak.nz,Doris,Nelson,6349
philip.roberts5@tak.nz,Philip,Roberts,6350
chloe.cruz5@tak.nz,Chloe,Cruz,6351
craig.murphy5@tak.nz,Craig,Murphy,6352
ellie.peterson5@tak.nz,Ellie,Peterson,6353
robert.cox5@tak.nz,Robert,Cox,6354
barbara.james5@tak.nz,Barbara,James,6355
charles.alvarez5@tak.nz,Charles,Alvarez,6356
margaret.foster5@tak.nz,Margaret,Foster,6357
steven.bell5@tak.nz,Steven,Bell,6358
michelle.vasquez5@tak.nz,Michelle,Vasquez,6359
george.graham5@tak.nz,George,Graham,6360
sharon.hayes5@tak.nz,Sharon,Hayes,6361
jacob.ford5@tak.nz,Jacob,Ford,6362
helen.wells5@tak.nz,Helen,Wells,6363
justin.berg5@tak.nz,Justin,Berg,6364
katherine.fraser5@tak.nz,Katherine,Fraser,6365
frank.douglas5@tak.nz,Frank,Douglas,6366
ruth.harvey5@tak.nz,Ruth,Harvey,6367
aaron.hunt5@tak.nz,Aaron,Hunt,6368
victoria.franklin5@tak.nz,Victoria,Franklin,6369
peter.whitfield5@tak.nz,Peter,Whitfield,6370
judith.redmond5@tak.nz,Judith,Redmond,6371
keith.brown5@tak.nz,Keith,Brown,6372
gloria.hernandez5@tak.nz,Gloria,Hernandez,6373
harold.moore5@tak.nz,Harold,Moore,6374
judy.harris5@tak.nz,Judy,Harris,6375
billy.young5@tak.nz,Billy,Young,6376
danielle.hill5@tak.nz,Danielle,Hill,6377
albert.rivera5@tak.nz,Albert,Rivera,6378
lori.evans5@tak.nz,Lori,Evans,6379
roy.reyes5@tak.nz,Roy,Reyes,6380
erin.gutierrez5@tak.nz,Erin,Gutierrez,6381
curtis.kelly5@tak.nz,Curtis,Kelly,6382
bethany.watson5@tak.nz,Bethany,Watson,6383
fred.mendoza5@tak.nz,Fred,Mendoza,6384
mary.patel5@tak.nz,Mary,Patel,6385
william.jenkins5@tak.nz,William,Jenkins,6386
jessica.henderson5@tak.nz,Jessica,Henderson,6387
daniel.jordan5@tak.nz,Daniel,Jordan,6388
sandra.wallace5@tak.nz,Sandra,Wallace,6389
andrew.bryant5@tak.nz,Andrew,Bryant,6390
amanda.mcdonald5@tak.nz,Amanda,McDonald,6391
ronald.webb5@tak.nz,Ronald,Webb,6392
cynthia.andersen5@tak.nz,Cynthia,Andersen,6393
nicholas.macdonald5@tak.nz,Nicholas,MacDonald,6394
brenda.bishop5@tak.nz,Brenda,Bishop,6395
brandon.holt5@tak.nz,Brandon,Holt,6396
debra.curtis5@tak.nz,Debra,Curtis,6397
raymond.manning5@tak.nz,Raymond,Manning,6398
heather.kingsley5@tak.nz,Heather,Kingsley,6399
adam.ashford5@tak.nz,Adam,Ashford,6400
kelly.miller5@tak.nz,Kelly,Miller,6401
ethan.wilson5@tak.nz,Ethan,Wilson,6402
andrea.lee5@tak.nz,Andrea,Lee,6403
terry.ramirez5@tak.nz,Terry,Ramirez,6404
sara.wright5@tak.nz,Sara,Wright,6405
arthur.adams5@tak.nz,Arthur,Adams,6406
madison.carter5@tak.nz,Madison,Carter,6407
gabriel.parker5@tak.nz,Gabriel,Parker,6408
brittany.morales5@tak.nz,Brittany,Morales,6409
elijah.cooper5@tak.nz,Elijah,Cooper,6410
tiffany.kim5@tak.nz,Tiffany,Kim,6411
bobby.wood5@tak.nz,Bobby,Wood,6412
sophia.price5@tak.nz,Sophia,Price,6413
jimmy.ross5@tak.nz,Jimmy,Ross,6414
leah.sullivan5@tak.nz,Leah,Sullivan,6415
chad.fisher5@tak.nz,Chad,Fisher,6416
jennifer.hamilton5@tak.nz,Jennifer,Hamilton,6417
richard.cole5@tak.nz,Richard,Cole,6418
karen.murray5@tak.nz,Karen,Murray,6419
anthony.kennedy5@tak.nz,Anthony,Kennedy,6420
kimberly.christensen5@tak.nz,Kimberly,Christensen,5781
kenneth.erikson5@tak.nz,Kenneth,Erikson,5782
deborah.sinclair5@tak.nz,Deborah,Sinclair,5783
jason.barker5@tak.nz,Jason,Barker,5784
amy.dixon5@tak.nz,Amy,Dixon,5785
jonathan.gardner5@tak.nz,Jonathan,Gardner,5786
nicole.chapman5@tak.nz,Nicole,Chapman,5787
samuel.delaney5@tak.nz,Samuel,Delaney,5788
catherine.williams5@tak.nz,Catherine,Williams,5789
dennis.martinez5@tak.nz,Dennis,Martinez,5790
virginia.taylor5@tak.nz,Virginia,Taylor,5791
henry.white5@tak.nz,Henry,White,5792
lauren.walker5@tak.nz,Lauren,Walker,5793
noah.nguyen5@tak.nz,Noah,Nguyen,5794
hannah.hall5@tak.nz,Hannah,Hall,5795
sean.phillips5@tak.nz,Sean,Phillips,5796
marie.collins5@tak.nz,Marie,Collins,5797
jordan.rogers5@tak.nz,Jordan,Rogers,5798
denise.reed5@tak.nz,Denise,Reed,5799
logan.richardson5@tak.nz,Logan,Richardson,5800
abigail.gray5@tak.nz,Abigail,Gray,5801
randy.sanders5@tak.nz,Randy,Sanders,5802
alice.powell5@tak.nz,Alice,Powell,5803
bradley.butler5@tak.nz,Bradley,Butler,5804
renee.romero5@tak.nz,Renee,Romero,5805
todd.griffin5@tak.nz,Todd,Griffin,5806
tara.gibson5@tak.nz,Tara,Gibson,5807
john.owens5@tak.nz,John,Owens,5808
elizabeth.fernandez5@tak.nz,Elizabeth,Fernandez,5809
thomas.hansen5@tak.nz,Thomas,Hansen,5810
lisa.stewart5@tak.nz,Lisa,Stewart,5811
donald.henderson5@tak.nz,Donald,Henderson,5812
donna.newton5@tak.nz,Donna,Newton,5813
brian.barrett5@tak.nz,Brian,Barrett,5814
rebecca.todd5@tak.nz,Rebecca,Todd,5815
ryan.ashworth5@tak.nz,Ryan,Ashworth,5816
angela.blackburn5@tak.nz,Angela,Blackburn,5817
larry.garcia5@tak.nz,Larry,Garcia,5818
samantha.gonzalez5@tak.nz,Samantha,Gonzalez,5819
alexander.martin5@tak.nz,Alexander,Martin,5820
janet.clark5@tak.nz,Janet,Clark,5821
tyler.king5@tak.nz,Tyler,King,5822
joyce.green5@tak.nz,Joyce,Green,5823
douglas.mitchell5@tak.nz,Douglas,Mitchell,5824
evelyn.diaz5@tak.nz,Evelyn,Diaz,5825
christian.morris5@tak.nz,Christian,Morris,5826
martha.morgan5@tak.nz,Martha,Morgan,5827
carl.ramos5@tak.nz,Carl,Ramos,5828
grace.chavez5@tak.nz,Grace,Chavez,5829
bryan.hughes5@tak.nz,Bryan,Hughes,5830
amber.long5@tak.nz,Amber,Long,5831
juan.russell5@tak.nz,Juan,Russell,5832
jane.gonzales5@tak.nz,Jane,Gonzales,5833
mason.alexander5@tak.nz,Mason,Alexander,5834
gina.west5@tak.nz,Gina,West,5835
eugene.stevens5@tak.nz,Eugene,Stevens,5836
charlotte.ruiz5@tak.nz,Charlotte,Ruiz,5837
alexis.stevenson5@tak.nz,Alexis,Stevenson,5838
priscilla.olsen5@tak.nz,Priscilla,Olsen,5839
michael.duncan5@tak.nz,Michael,Duncan,5840
susan.fletcher5@tak.nz,Susan,Fletcher,5841
christopher.pearce5@tak.nz,Christopher,Pearce,5842
betty.osborne5@tak.nz,Betty,Osborne,5843
paul.kirk5@tak.nz,Paul,Kirk,5844
carol.winslow5@tak.nz,Carol,Winslow,5845
timothy.johnson5@tak.nz,Timothy,Johnson,5846
laura.rodriguez5@tak.nz,Laura,Rodriguez,5847
gary.thomas5@tak.nz,Gary,Thomas,5848
anna.thompson5@tak.nz,Anna,Thompson,5849
scott.robinson5@tak.nz,Scott,Robinson,5850
christine.torres5@tak.nz,Christine,Torres,5851
patrick.baker5@tak.nz,Patrick,Baker,5852
maria.gomez5@tak.nz,Maria,Gomez,5853
jose.edwards5@tak.nz,Jose,Edwards,5854
olivia.cook5@tak.nz,Olivia,Cook,5855
kyle.bailey5@tak.nz,Kyle,Bailey,5856
megan.ward5@tak.nz,Megan,Ward,5857
roger.bennett5@tak.nz,Roger,Bennett,5858
teresa.castillo5@tak.nz,Teresa,Castillo,5859
dylan.jimenez5@tak.nz,Dylan,Jimenez,5860
theresa.coleman5@tak.nz,Theresa,Coleman,5861
bruce.simmons5@tak.nz,Bruce,Simmons,5862
rose.reynolds5@tak.nz,Rose,Reynolds,5863
willie.chapman5@tak.nz,Willie,Chapman,5864
alexis.marshall5@tak.nz,Alexis,Marshall,5865
ralph.warren5@tak.nz,Ralph,Warren,5866
isabella.larsen5@tak.nz,Isabella,Larsen,5867
louis.cameron5@tak.nz,Louis,Cameron,5868
jasmine.grant5@tak.nz,Jasmine,Grant,5869
marcus.chambers5@tak.nz,Marcus,Chambers,5870
patricia.nolan5@tak.nz,Patricia,Nolan,5871
david.lawson5@tak.nz,David,Lawson,5872
sarah.blackwood5@tak.nz,Sarah,Blackwood,5873
matthew.sutherland5@tak.nz,Matthew,Sutherland,5874
ashley.jones5@tak.nz,Ashley,Jones,5875
joshua.lopez5@tak.nz,Joshua,Lopez,5876
melissa.jackson5@tak.nz,Melissa,Jackson,5877
edward.sanchez5@tak.nz,Edward,Sanchez,5878
kathleen.allen5@tak.nz,Kathleen,Allen,5879
eric.flores5@tak.nz,Eric,Flores,5880
pamela.campbell5@tak.nz,Pamela,Campbell,5881
benjamin.turner5@tak.nz,Benjamin,Turner,5882
rachel.stewart5@tak.nz,Rachel,Stewart,5883
jack.ortiz5@tak.nz,Jack,Ortiz,5884
diane.howard5@tak.nz,Diane,Howard,5885
nathan.brooks5@tak.nz,Nathan,Brooks,5886
christina.ruiz5@tak.nz,Christina,Ruiz,5887
walter.myers5@tak.nz,Walter,Myers,5888
cheryl.perry5@tak.nz,Cheryl,Perry,5889
austin.barnes5@tak.nz,Austin,Barnes,5890
janice.patterson5@tak.nz,Janice,Patterson,5891
lawrence.moreno5@tak.nz,Lawrence,Moreno,5892
beverly.ellis5@tak.nz,Beverly,Ellis,5893
joe.harrison5@tak.nz,Joe,Harrison,5894
diana.simpson5@tak.nz,Diana,Simpson,5895
wayne.pedersen5@tak.nz,Wayne,Pedersen,5896
kayla.ferguson5@tak.nz,Kayla,Ferguson,5897
russell.marsh5@tak.nz,Russell,Marsh,5898
ava.boyd5@tak.nz,Ava,Boyd,5899
lee.palmer5@tak.nz,Lee,Palmer,5900
kylie.burton5@tak.nz,Kylie,Burton,5901
james.radley5@tak.nz,James,Radley,5902
linda.smith5@tak.nz,Linda,Smith,5903
joseph.davis5@tak.nz,Joseph,Davis,5904
nancy.anderson5@tak.nz,Nancy,Anderson,5905
mark.perez5@tak.nz,Mark,Perez,5906
emily.lewis5@tak.nz,Emily,Lewis,5907
kevin.scott5@tak.nz,Kevin,Scott,5908
stephanie.nelson5@tak.nz,Stephanie,Nelson,5909
jeffrey.roberts5@tak.nz,Jeffrey,Roberts,5910
shirley.cruz5@tak.nz,Shirley,Cruz,5911
stephen.murphy5@tak.nz,Stephen,Murphy,5912
emma.peterson5@tak.nz,Emma,Peterson,5913
gregory.cox5@tak.nz,Gregory,Cox,5914
carolyn.james5@tak.nz,Carolyn,James,5915
jerry.alvarez5@tak.nz,Jerry,Alvarez,5916
julie.foster5@tak.nz,Julie,Foster,5917
zachary.bell5@tak.nz,Zachary,Bell,5918
joan.vasquez5@tak.nz,Joan,Vasquez,5919
jeremy.graham5@tak.nz,Jeremy,Graham,5920
jacqueline.hayes5@tak.nz,Jacqueline,Hayes,5921
gerald.ford5@tak.nz,Gerald,Ford,5922
julia.wells5@tak.nz,Julia,Wells,5923
jesse.berg5@tak.nz,Jesse,Berg,5924
marilyn.fraser5@tak.nz,Marilyn,Fraser,5925
alan.douglas5@tak.nz,Alan,Douglas,5926
natalie.harvey5@tak.nz,Natalie,Harvey,5927
vincent.hunt5@tak.nz,Vincent,Hunt,5928
doris.franklin5@tak.nz,Doris,Franklin,5929
philip.whitfield5@tak.nz,Philip,Whitfield,5930
chloe.redmond5@tak.nz,Chloe,Redmond,5931
craig.brown5@tak.nz,Craig,Brown,5932
ellie.hernandez5@tak.nz,Ellie,Hernandez,5933
robert.moore5@tak.nz,Robert,Moore,5934
barbara.harris5@tak.nz,Barbara,Harris,5935
charles.young5@tak.nz,Charles,Young,5936
margaret.hill5@tak.nz,Margaret,Hill,5937
steven.rivera5@tak.nz,Steven,Rivera,5938
michelle.evans5@tak.nz,Michelle,Evans,5939
george.reyes5@tak.nz,George,Reyes,5940
sharon.gutierrez5@tak.nz,Sharon,Gutierrez,5941
jacob.kelly5@tak.nz,Jacob,Kelly,5942
helen.watson5@tak.nz,Helen,Watson,5943
justin.mendoza5@tak.nz,Justin,Mendoza,5944
katherine.patel5@tak.nz,Katherine,Patel,5945
frank.jenkins5@tak.nz,Frank,Jenkins,5946
ruth.henderson5@tak.nz,Ruth,Henderson,5947
aaron.jordan5@tak.nz,Aaron,Jordan,5948
victoria.wallace5@tak.nz,Victoria,Wallace,5949
peter.bryant5@tak.nz,Peter,Bryant,5950
judith.mcdonald5@tak.nz,Judith,McDonald,5951
keith.webb5@tak.nz,Keith,Webb,5952
gloria.andersen5@tak.nz,Gloria,Andersen,5953
harold.macdonald5@tak.nz,Harold,MacDonald,5954
judy.bishop5@tak.nz,Judy,Bishop,5955
billy.holt5@tak.nz,Billy,Holt,5956
danielle.curtis5@tak.nz,Danielle,Curtis,5957
albert.manning5@tak.nz,Albert,Manning,5958
lori.kingsley5@tak.nz,Lori,Kingsley,5959
roy.ashford5@tak.nz,Roy,Ashford,5960
erin.miller5@tak.nz,Erin,Miller,5961
curtis.wilson5@tak.nz,Curtis,Wilson,5962
bethany.lee5@tak.nz,Bethany,Lee,5963
fred.ramirez5@tak.nz,Fred,Ramirez,5964
mary.wright5@tak.nz,Mary,Wright,5965
william.adams5@tak.nz,William,Adams,5966
jessica.carter5@tak.nz,Jessica,Carter,5967
daniel.parker5@tak.nz,Daniel,Parker,5968
sandra.morales5@tak.nz,Sandra,Morales,5969
andrew.cooper5@tak.nz,Andrew,Cooper,5970
amanda.kim5@tak.nz,Amanda,Kim,5971
ronald.wood5@tak.nz,Ronald,Wood,5972
cynthia.price5@tak.nz,Cynthia,Price,5973
nicholas.ross5@tak.nz,Nicholas,Ross,5974
brenda.sullivan5@tak.nz,Brenda,Sullivan,5975
brandon.fisher5@tak.nz,Brandon,Fisher,5976
debra.hamilton5@tak.nz,Debra,Hamilton,5977
raymond.cole5@tak.nz,Raymond,Cole,5978
heather.murray5@tak.nz,Heather,Murray,5979
adam.kennedy5@tak.nz,Adam,Kennedy,5980
kelly.christensen5@tak.nz,Kelly,Christensen,5981
ethan.erikson5@tak.nz,Ethan,Erikson,5982
andrea.sinclair5@tak.nz,Andrea,Sinclair,5983
terry.barker5@tak.nz,Terry,Barker,5984
sara.dixon5@tak.nz,Sara,Dixon,5985
arthur.gardner5@tak.nz,Arthur,Gardner,5986
madison.chapman5@tak.nz,Madison,Chapman,5987
gabriel.delaney5@tak.nz,Gabriel,Delaney,5988
brittany.williams5@tak.nz,Brittany,Williams,5989
elijah.martinez5@tak.nz,Elijah,Martinez,5990
tiffany.taylor5@tak.nz,Tiffany,Taylor,5991
bobby.white5@tak.nz,Bobby,White,5992
sophia.walker5@tak.nz,Sophia,Walker,5993
jimmy.nguyen5@tak.nz,Jimmy,Nguyen,5994
leah.hall5@tak.nz,Leah,Hall,5995
chad.phillips5@tak.nz,Chad,Phillips,5996
jennifer.collins5@tak.nz,Jennifer,Collins,5997
richard.rogers5@tak.nz,Richard,Rogers,5998
karen.reed5@tak.nz,Karen,Reed,5999
anthony.richardson5@tak.nz,Anthony,Richardson,6000
kimberly.gray5@tak.nz,Kimberly,Gray,6001
kenneth.sanders5@tak.nz,Kenneth,Sanders,6002
deborah.powell5@tak.nz,Deborah,Powell,6003
jason.butler5@tak.nz,Jason,Butler,6004
amy.romero5@tak.nz,Amy,Romero,6005
jonathan.griffin5@tak.nz,Jonathan,Griffin,6006
nicole.gibson5@tak.nz,Nicole,Gibson,6007
samuel.owens5@tak.nz,Samuel,Owens,6008
catherine.fernandez5@tak.nz,Catherine,Fernandez,6009
dennis.hansen5@tak.nz,Dennis,Hansen,6010
virginia.stewart5@tak.nz,Virginia,Stewart,6011
henry.henderson5@tak.nz,Henry,Henderson,6012
lauren.newton5@tak.nz,Lauren,Newton,6013
noah.barrett5@tak.nz,Noah,Barrett,6014
hannah.todd5@tak.nz,Hannah,Todd,6015
sean.ashworth5@tak.nz,Sean,Ashworth,6016
marie.blackburn5@tak.nz,Marie,Blackburn,6017
jordan.garcia5@tak.nz,Jordan,Garcia,6018
denise.gonzalez5@tak.nz,Denise,Gonzalez,6019
logan.martin5@tak.nz,Logan,Martin,6020
abigail.clark5@tak.nz,Abigail,Clark,6021
randy.king5@tak.nz,Randy,King,6022
alice.green5@tak.nz,Alice,Green,6023
bradley.mitchell5@tak.nz,Bradley,Mitchell,6024
renee.diaz5@tak.nz,Renee,Diaz,6025
todd.morris5@tak.nz,Todd,Morris,6026
tara.morgan5@tak.nz,Tara,Morgan,6027
john.ramos5@tak.nz,John,Ramos,6028
elizabeth.chavez5@tak.nz,Elizabeth,Chavez,6029
thomas.hughes5@tak.nz,Thomas,Hughes,6030
lisa.long5@tak.nz,Lisa,Long,6031
donald.russell5@tak.nz,Donald,Russell,6032
donna.gonzales5@tak.nz,Donna,Gonzales,6033
brian.alexander5@tak.nz,Brian,Alexander,6034
rebecca.west5@tak.nz,Rebecca,West,6035
ryan.stevens5@tak.nz,Ryan,Stevens,6036
angela.ruiz5@tak.nz,Angela,Ruiz,6037
larry.stevenson5@tak.nz,Larry,Stevenson,6038
samantha.olsen5@tak.nz,Samantha,Olsen,6039
alexander.duncan5@tak.nz,Alexander,Duncan,6040
janet.fletcher5@tak.nz,Janet,Fletcher,6041
tyler.pearce5@tak.nz,Tyler,Pearce,6042
joyce.osborne5@tak.nz,Joyce,Osborne,6043
douglas.kirk5@tak.nz,Douglas,Kirk,6044
evelyn.winslow5@tak.nz,Evelyn,Winslow,6045
christian.johnson5@tak.nz,Christian,Johnson,6046
martha.rodriguez5@tak.nz,Martha,Rodriguez,6047
carl.thomas5@tak.nz,Carl,Thomas,6048
grace.thompson5@tak.nz,Grace,Thompson,6049
bryan.robinson5@tak.nz,Bryan,Robinson,6050
amber.torres5@tak.nz,Amber,Torres,6051
juan.baker5@tak.nz,Juan,Baker,6052
jane.gomez5@tak.nz,Jane,Gomez,6053
mason.edwards5@tak.nz,Mason,Edwards,6054
gina.cook5@tak.nz,Gina,Cook,6055
eugene.bailey5@tak.nz,Eugene,Bailey,6056
charlotte.ward5@tak.nz,Charlotte,Ward,6057
alexis.bennett5@tak.nz,Alexis,Bennett,6058
priscilla.castillo5@tak.nz,Priscilla,Castillo,6059
michael.jimenez5@tak.nz,Michael,Jimenez,6060
susan.coleman5@tak.nz,Susan,Coleman,6061
christopher.simmons5@tak.nz,Christopher,Simmons,6062
betty.reynolds5@tak.nz,Betty,Reynolds,6063
paul.chapman5@tak.nz,Paul,Chapman,6064
carol.marshall5@tak.nz,Carol,Marshall,6065
timothy.warren5@tak.nz,Timothy,Warren,6066
laura.larsen5@tak.nz,Laura,Larsen,6067
gary.cameron5@tak.nz,Gary,Cameron,6068
anna.grant5@tak.nz,Anna,Grant,6069
scott.chambers5@tak.nz,Scott,Chambers,6070
christine.nolan5@tak.nz,Christine,Nolan,6071
patrick.lawson5@tak.nz,Patrick,Lawson,6072
maria.blackwood5@tak.nz,Maria,Blackwood,6073
jose.sutherland5@tak.nz,Jose,Sutherland,6074
olivia.jones5@tak.nz,Olivia,Jones,6075
kyle.lopez5@tak.nz,Kyle,Lopez,6076
megan.jackson5@tak.nz,Megan,Jackson,6077
roger.sanchez5@tak.nz,Roger,Sanchez,6078
teresa.allen5@tak.nz,Teresa,Allen,6079
dylan.flores5@tak.nz,Dylan,Flores,6080
theresa.campbell5@tak.nz,Theresa,Campbell,6081
bruce.turner5@tak.nz,Bruce,Turner,6082
rose.stewart5@tak.nz,Rose,Stewart,6083
willie.ortiz5@tak.nz,Willie,Ortiz,6084
alexis.howard5@tak.nz,Alexis,Howard,6085
ralph.brooks5@tak.nz,Ralph,Brooks,6086
isabella.ruiz5@tak.nz,Isabella,Ruiz,6087
louis.myers5@tak.nz,Louis,Myers,6088
jasmine.perry5@tak.nz,Jasmine,Perry,6089
marcus.barnes5@tak.nz,Marcus,Barnes,6090
patricia.patterson5@tak.nz,Patricia,Patterson,6091
david.moreno5@tak.nz,David,Moreno,6092
sarah.ellis5@tak.nz,Sarah,Ellis,6093
matthew.harrison5@tak.nz,Matthew,Harrison,6094
ashley.simpson5@tak.nz,Ashley,Simpson,6095
joshua.pedersen5@tak.nz,Joshua,Pedersen,6096
melissa.ferguson5@tak.nz,Melissa,Ferguson,6097
edward.marsh5@tak.nz,Edward,Marsh,6098
kathleen.boyd5@tak.nz,Kathleen,Boyd,6099
eric.palmer5@tak.nz,Eric,Palmer,6100
pamela.burton5@tak.nz,Pamela,Burton,6101
benjamin.radley5@tak.nz,Benjamin,Radley,6102
rachel.smith5@tak.nz,Rachel,Smith,6103
jack.davis5@tak.nz,Jack,Davis,6104
diane.anderson5@tak.nz,Diane,Anderson,6105
nathan.perez5@tak.nz,Nathan,Perez,6106
christina.lewis5@tak.nz,Christina,Lewis,6107
walter.scott5@tak.nz,Walter,Scott,6108
cheryl.nelson5@tak.nz,Cheryl,Nelson,6109
austin.roberts5@tak.nz,Austin,Roberts,6110
janice.cruz5@tak.nz,Janice,Cruz,6111
lawrence.murphy5@tak.nz,Lawrence,Murphy,6112
beverly.peterson5@tak.nz,Beverly,Peterson,6113
joe.cox5@tak.nz,Joe,Cox,6114
diana.james5@tak.nz,Diana,James,6115
wayne.alvarez5@tak.nz,Wayne,Alvarez,6116
kayla.foster5@tak.nz,Kayla,Foster,6117
russell.bell5@tak.nz,Russell,Bell,6118
ava.vasquez5@tak.nz,Ava,Vasquez,6119
lee.graham5@tak.nz,Lee,Graham,6120
kylie.hayes5@tak.nz,Kylie,Hayes,6121
james.ford5@tak.nz,James,Ford,6122
linda.wells5@tak.nz,Linda,Wells,6123
joseph.berg5@tak.nz,Joseph,Berg,6124
nancy.fraser5@tak.nz,Nancy,Fraser,6125
mark.douglas5@tak.nz,Mark,Douglas,6126
emily.harvey5@tak.nz,Emily,Harvey,6127
kevin.hunt5@tak.nz,Kevin,Hunt,6128
stephanie.franklin5@tak.nz,Stephanie,Franklin,6129
jeffrey.whitfield5@tak.nz,Jeffrey,Whitfield,6130
shirley.redmond5@tak.nz,Shirley,Redmond,6131
stephen.brown5@tak.nz,Stephen,Brown,6132
emma.hernandez5@tak.nz,Emma,Hernandez,6133
gregory.moore5@tak.nz,Gregory,Moore,6134
carolyn.harris5@tak.nz,Carolyn,Harris,6135
jerry.young5@tak.nz,Jerry,Young,6136
julie.hill5@tak.nz,Julie,Hill,6137
zachary.rivera5@tak.nz,Zachary,Rivera,6138
joan.evans5@tak.nz,Joan,Evans,6139
jeremy.reyes5@tak.nz,Jeremy,Reyes,6140
jacqueline.gutierrez5@tak.nz,Jacqueline,Gutierrez,6141
gerald.kelly5@tak.nz,Gerald,Kelly,6142
julia.watson5@tak.nz,Julia,Watson,6143
jesse.mendoza5@tak.nz,Jesse,Mendoza,6144
marilyn.patel5@tak.nz,Marilyn,Patel,6145
alan.jenkins5@tak.nz,Alan,Jenkins,6146
natalie.henderson5@tak.nz,Natalie,Henderson,6147
vincent.jordan5@tak.nz,Vincent,Jordan,6148
doris.wallace5@tak.nz,Doris,Wallace,6149
philip.bryant5@tak.nz,Philip,Bryant,6150
chloe.mcdonald5@tak.nz,Chloe,McDonald,6151
craig.webb5@tak.nz,Craig,Webb,6152
ellie.andersen5@tak.nz,Ellie,Andersen,6153
robert.macdonald5@tak.nz,Robert,MacDonald,6154
barbara.bishop5@tak.nz,Barbara,Bishop,6155
charles.holt5@tak.nz,Charles,Holt,6156
margaret.curtis5@tak.nz,Margaret,Curtis,6157
steven.manning5@tak.nz,Steven,Manning,6158
michelle.kingsley5@tak.nz,Michelle,Kingsley,6159
george.ashford5@tak.nz,George,Ashford,6160
sharon.miller5@tak.nz,Sharon,Miller,6161
jacob.wilson5@tak.nz,Jacob,Wilson,6162
helen.lee5@tak.nz,Helen,Lee,6163
justin.ramirez5@tak.nz,Justin,Ramirez,6164
katherine.wright5@tak.nz,Katherine,Wright,6165
frank.adams5@tak.nz,Frank,Adams,6166
ruth.carter5@tak.nz,Ruth,Carter,6167
aaron.parker5@tak.nz,Aaron,Parker,6168
victoria.morales5@tak.nz,Victoria,Morales,6169
peter.cooper5@tak.nz,Peter,Cooper,6170
judith.kim5@tak.nz,Judith,Kim,6171
keith.wood5@tak.nz,Keith,Wood,6172
gloria.price5@tak.nz,Gloria,Price,6173
harold.ross5@tak.nz,Harold,Ross,6174
judy.sullivan5@tak.nz,Judy,Sullivan,6175
billy.fisher5@tak.nz,Billy,Fisher,6176
danielle.hamilton5@tak.nz,Danielle,Hamilton,6177
albert.cole5@tak.nz,Albert,Cole,6178
lori.murray5@tak.nz,Lori,Murray,6179
roy.kennedy5@tak.nz,Roy,Kennedy,6180
erin.christensen5@tak.nz,Erin,Christensen,6181
curtis.erikson5@tak.nz,Curtis,Erikson,6182
bethany.sinclair5@tak.nz,Bethany,Sinclair,6183
fred.barker5@tak.nz,Fred,Barker,6184
mary.dixon5@tak.nz,Mary,Dixon,6185
william.gardner5@tak.nz,William,Gardner,6186
jessica.chapman5@tak.nz,Jessica,Chapman,6187
daniel.delaney5@tak.nz,Daniel,Delaney,6188
sandra.williams5@tak.nz,Sandra,Williams,6189
andrew.martinez5@tak.nz,Andrew,Martinez,6190
amanda.taylor5@tak.nz,Amanda,Taylor,6191
ronald.white5@tak.nz,Ronald,White,6192
cynthia.walker5@tak.nz,Cynthia,Walker,6193
nicholas.nguyen5@tak.nz,Nicholas,Nguyen,6194
brenda.hall5@tak.nz,Brenda,Hall,6195
brandon.phillips5@tak.nz,Brandon,Phillips,6196
debra.collins5@tak.nz,Debra,Collins,6197
raymond.rogers5@tak.nz,Raymond,Rogers,6198
heather.reed5@tak.nz,Heather,Reed,6199
adam.richardson5@tak.nz,Adam,Richardson,6200
kelly.gray5@tak.nz,Kelly,Gray,6201
ethan.sanders5@tak.nz,Ethan,Sanders,6202
andrea.powell5@tak.nz,Andrea,Powell,6203
terry.butler5@tak.nz,Terry,Butler,6204
sara.romero5@tak.nz,Sara,Romero,6205
arthur.griffin5@tak.nz,Arthur,Griffin,6206
madison.gibson5@tak.nz,Madison,Gibson,6207
gabriel.owens5@tak.nz,Gabriel,Owens,6208
brittany.fernandez5@tak.nz,Brittany,Fernandez,6209
elijah.hansen5@tak.nz,Elijah,Hansen,6210
tiffany.stewart5@tak.nz,Tiffany,Stewart,6211
bobby.henderson5@tak.nz,Bobby,Henderson,6212
sophia.newton5@tak.nz,Sophia,Newton,6213
jimmy.barrett5@tak.nz,Jimmy,Barrett,6214
leah.todd5@tak.nz,Leah,Todd,6215
chad.ashworth5@tak.nz,Chad,Ashworth,6216
jennifer.blackburn5@tak.nz,Jennifer,Blackburn,6217
richard.garcia5@tak.nz,Richard,Garcia,6218
karen.gonzalez5@tak.nz,Karen,Gonzalez,6219
anthony.martin5@tak.nz,Anthony,Martin,6220
kimberly.clark5@tak.nz,Kimberly,Clark,6221
kenneth.king5@tak.nz,Kenneth,King,6222
deborah.green5@tak.nz,Deborah,Green,6223
jason.mitchell5@tak.nz,Jason,Mitchell,6224
amy.diaz5@tak.nz,Amy,Diaz,6225
jonathan.morris5@tak.nz,Jonathan,Morris,6226
nicole.morgan5@tak.nz,Nicole,Morgan,6227
samuel.ramos5@tak.nz,Samuel,Ramos,6228
catherine.chavez5@tak.nz,Catherine,Chavez,6229
dennis.hughes5@tak.nz,Dennis,Hughes,6230
virginia.long5@tak.nz,Virginia,Long,6231
henry.russell5@tak.nz,Henry,Russell,6232
lauren.gonzales5@tak.nz,Lauren,Gonzales,6233
noah.alexander5@tak.nz,Noah,Alexander,6234
hannah.west5@tak.nz,Hannah,West,6235
sean.stevens5@tak.nz,Sean,Stevens,6236
marie.ruiz5@tak.nz,Marie,Ruiz,6237
jordan.stevenson5@tak.nz,Jordan,Stevenson,6238
denise.olsen5@tak.nz,Denise,Olsen,6239
logan.duncan5@tak.nz,Logan,Duncan,6240
abigail.fletcher5@tak.nz,Abigail,Fletcher,6241
randy.pearce5@tak.nz,Randy,Pearce,6242
alice.osborne5@tak.nz,Alice,Osborne,6243
bradley.kirk5@tak.nz,Bradley,Kirk,6244
renee.winslow5@tak.nz,Renee,Winslow,6245
todd.johnson5@tak.nz,Todd,Johnson,6246
tara.rodriguez5@tak.nz,Tara,Rodriguez,6247
john.thomas5@tak.nz,John,Thomas,6248
elizabeth.thompson5@tak.nz,Elizabeth,Thompson,6249
thomas.robinson5@tak.nz,Thomas,Robinson,6250
lisa.torres5@tak.nz,Lisa,Torres,6251
donald.baker5@tak.nz,Donald,Baker,6252
donna.gomez5@tak.nz,Donna,Gomez,6253
brian.edwards5@tak.nz,Brian,Edwards,6254
rebecca.cook5@tak.nz,Rebecca,Cook,6255
ryan.bailey5@tak.nz,Ryan,Bailey,6256
angela.ward5@tak.nz,Angela,Ward,6257
larry.bennett5@tak.nz,Larry,Bennett,6258
samantha.castillo5@tak.nz,Samantha,Castillo,6259
alexander.jimenez5@tak.nz,Alexander,Jimenez,6260
janet.coleman5@tak.nz,Janet,Coleman,6261
tyler.simmons5@tak.nz,Tyler,Simmons,6262
joyce.reynolds5@tak.nz,Joyce,Reynolds,6263
douglas.chapman5@tak.nz,Douglas,Chapman,6264
evelyn.marshall5@tak.nz,Evelyn,Marshall,6265
christian.warren5@tak.nz,Christian,Warren,6266
martha.larsen5@tak.nz,Martha,Larsen,6267
carl.cameron5@tak.nz,Carl,Cameron,6268
grace.grant5@tak.nz,Grace,Grant,6269
bryan.chambers5@tak.nz,Bryan,Chambers,6270
amber.nolan5@tak.nz,Amber,Nolan,6271
juan.lawson5@tak.nz,Juan,Lawson,6272
jane.blackwood5@tak.nz,Jane,Blackwood,6273
mason.sutherland5@tak.nz,Mason,Sutherland,6274
gina.jones5@tak.nz,Gina,Jones,6275
eugene.lopez5@tak.nz,Eugene,Lopez,6276
charlotte.jackson5@tak.nz,Charlotte,Jackson,6277
alexis.sanchez5@tak.nz,Alexis,Sanchez,6278
priscilla.allen5@tak.nz,Priscilla,Allen,6279
michael.flores5@tak.nz,Michael,Flores,6280
susan.campbell5@tak.nz,Susan,Campbell,6281
christopher.turner5@tak.nz,Christopher,Turner,6282
betty.stewart5@tak.nz,Betty,Stewart,6283
paul.ortiz5@tak.nz,Paul,Ortiz,6284
carol.howard5@tak.nz,Carol,Howard,6285
timothy.brooks5@tak.nz,Timothy,Brooks,6286
laura.ruiz5@tak.nz,Laura,Ruiz,6287
gary.myers5@tak.nz,Gary,Myers,6288
anna.perry5@tak.nz,Anna,Perry,6289
scott.barnes5@tak.nz,Scott,Barnes,6290
christine.patterson5@tak.nz,Christine,Patterson,6291
patrick.moreno5@tak.nz,Patrick,Moreno,6292
maria.ellis5@tak.nz,Maria,Ellis,6293
jose.harrison5@tak.nz,Jose,Harrison,6294
olivia.simpson5@tak.nz,Olivia,Simpson,6295
kyle.pedersen5@tak.nz,Kyle,Pedersen,6296
megan.ferguson5@tak.nz,Megan,Ferguson,6297
roger.marsh5@tak.nz,Roger,Marsh,6298
teresa.boyd5@tak.nz,Teresa,Boyd,6299
dylan.palmer5@tak.nz,Dylan,Palmer,6300
theresa.burton5@tak.nz,Theresa,Burton,6301
bruce.radley5@tak.nz,Bruce,Radley,6302
rose.smith5@tak.nz,Rose,Smith,6303
willie.davis5@tak.nz,Willie,Davis,6304
alexis.anderson5@tak.nz,Alexis,Anderson,6305
ralph.perez5@tak.nz,Ralph,Perez,6306
isabella.lewis5@tak.nz,Isabella,Lewis,6307
louis.scott5@tak.nz,Louis,Scott,6308
jasmine.nelson5@tak.nz,Jasmine,Nelson,6309
marcus.roberts5@tak.nz,Marcus,Roberts,6310
patricia.cruz5@tak.nz,Patricia,Cruz,6311
david.murphy5@tak.nz,David,Murphy,6312
sarah.peterson5@tak.nz,Sarah,Peterson,6313
matthew.cox5@tak.nz,Matthew,Cox,6314
ashley.james5@tak.nz,Ashley,James,6315
joshua.alvarez5@tak.nz,Joshua,Alvarez,6316
melissa.foster5@tak.nz,Melissa,Foster,6317
edward.bell5@tak.nz,Edward,Bell,6318
kathleen.vasquez5@tak.nz,Kathleen,Vasquez,6319
eric.graham5@tak.nz,Eric,Graham,6320
pamela.hayes5@tak.nz,Pamela,Hayes,6321
benjamin.ford5@tak.nz,Benjamin,Ford,6322
rachel.wells5@tak.nz,Rachel,Wells,6323
jack.berg5@tak.nz,Jack,Berg,6324
diane.fraser5@tak.nz,Diane,Fraser,6325
nathan.douglas5@tak.nz,Nathan,Douglas,6326
christina.harvey5@tak.nz,Christina,Harvey,6327
walter.hunt5@tak.nz,Walter,Hunt,6328
cheryl.franklin5@tak.nz,Cheryl,Franklin,6329
austin.whitfield5@tak.nz,Austin,Whitfield,6330
janice.redmond5@tak.nz,Janice,Redmond,6331
lawrence.brown5@tak.nz,Lawrence,Brown,6332
beverly.hernandez5@tak.nz,Beverly,Hernandez,6333
joe.moore5@tak.nz,Joe,Moore,6334
diana.harris5@tak.nz,Diana,Harris,6335
wayne.young5@tak.nz,Wayne,Young,6336
kayla.hill5@tak.nz,Kayla,Hill,6337
russell.rivera5@tak.nz,Russell,Rivera,6338
ava.evans5@tak.nz,Ava,Evans,6339
lee.reyes5@tak.nz,Lee,Reyes,6340
kylie.gutierrez5@tak.nz,Kylie,Gutierrez,6341
james.kelly5@tak.nz,James,Kelly,6342
linda.watson5@tak.nz,Linda,Watson,6343
joseph.mendoza5@tak.nz,Joseph,Mendoza,6344
nancy.patel5@tak.nz,Nancy,Patel,6345
mark.jenkins5@tak.nz,Mark,Jenkins,6346
emily.henderson5@tak.nz,Emily,Henderson,6347
kevin.jordan5@tak.nz,Kevin,Jordan,6348
stephanie.wallace5@tak.nz,Stephanie,Wallace,6349
jeffrey.bryant5@tak.nz,Jeffrey,Bryant,6350
shirley.mcdonald5@tak.nz,Shirley,McDonald,6351
stephen.webb5@tak.nz,Stephen,Webb,6352
emma.andersen5@tak.nz,Emma,Andersen,6353
gregory.macdonald5@tak.nz,Gregory,MacDonald,6354
carolyn.bishop5@tak.nz,Carolyn,Bishop,6355
jerry.holt5@tak.nz,Jerry,Holt,6356
julie.curtis5@tak.nz,Julie,Curtis,6357
zachary.manning5@tak.nz,Zachary,Manning,6358
joan.kingsley5@tak.nz,Joan,Kingsley,6359
jeremy.ashford5@tak.nz,Jeremy,Ashford,6360
jacqueline.miller5@tak.nz,Jacqueline,Miller,6361
gerald.wilson5@tak.nz,Gerald,Wilson,6362
julia.lee5@tak.nz,Julia,Lee,6363
jesse.ramirez5@tak.nz,Jesse,Ramirez,6364
marilyn.wright5@tak.nz,Marilyn,Wright,6365
alan.adams5@tak.nz,Alan,Adams,6366
natalie.carter5@tak.nz,Natalie,Carter,6367
vincent.parker5@tak.nz,Vincent,Parker,6368
doris.morales5@tak.nz,Doris,Morales,6369
philip.cooper5@tak.nz,Philip,Cooper,6370
chloe.kim5@tak.nz,Chloe,Kim,6371
craig.wood5@tak.nz,Craig,Wood,6372
ellie.price5@tak.nz,Ellie,Price,6373
robert.ross5@tak.nz,Robert,Ross,6374
barbara.sullivan5@tak.nz,Barbara,Sullivan,6375
charles.fisher5@tak.nz,Charles,Fisher,6376
margaret.hamilton5@tak.nz,Margaret,Hamilton,6377
steven.cole5@tak.nz,Steven,Cole,6378
michelle.murray5@tak.nz,Michelle,Murray,6379
george.kennedy5@tak.nz,George,Kennedy,6380
sharon.christensen5@tak.nz,Sharon,Christensen,6381
jacob.erikson5@tak.nz,Jacob,Erikson,6382
helen.sinclair5@tak.nz,Helen,Sinclair,6383
justin.barker5@tak.nz,Justin,Barker,6384
katherine.dixon5@tak.nz,Katherine,Dixon,6385
frank.gardner5@tak.nz,Frank,Gardner,6386
ruth.chapman5@tak.nz,Ruth,Chapman,6387
aaron.delaney5@tak.nz,Aaron,Delaney,6388
victoria.williams5@tak.nz,Victoria,Williams,6389
peter.martinez5@tak.nz,Peter,Martinez,6390
judith.taylor5@tak.nz,Judith,Taylor,6391
keith.white5@tak.nz,Keith,White,6392
gloria.walker5@tak.nz,Gloria,Walker,6393
harold.nguyen5@tak.nz,Harold,Nguyen,6394
judy.hall5@tak.nz,Judy,Hall,6395
billy.phillips5@tak.nz,Billy,Phillips,6396
danielle.collins5@tak.nz,Danielle,Collins,6397
albert.rogers5@tak.nz,Albert,Rogers,6398
lori.reed5@tak.nz,Lori,Reed,6399
roy.richardson5@tak.nz,Roy,Richardson,6400
erin.gray5@tak.nz,Erin,Gray,6401
curtis.sanders5@tak.nz,Curtis,Sanders,6402
bethany.powell5@tak.nz,Bethany,Powell,6403
fred.butler5@tak.nz,Fred,Butler,6404
mary.romero5@tak.nz,Mary,Romero,6405
william.griffin5@tak.nz,William,Griffin,6406
jessica.gibson5@tak.nz,Jessica,Gibson,6407
daniel.owens5@tak.nz,Daniel,Owens,6408
sandra.fernandez5@tak.nz,Sandra,Fernandez,6409
andrew.hansen5@tak.nz,Andrew,Hansen,6410
amanda.stewart5@tak.nz,Amanda,Stewart,6411
ronald.henderson5@tak.nz,Ronald,Henderson,6412
cynthia.newton5@tak.nz,Cynthia,Newton,6413
nicholas.barrett5@tak.nz,Nicholas,Barrett,6414
brenda.todd5@tak.nz,Brenda,Todd,6415
brandon.ashworth5@tak.nz,Brandon,Ashworth,6416
debra.blackburn5@tak.nz,Debra,Blackburn,6417
raymond.garcia5@tak.nz,Raymond,Garcia,6418
heather.gonzalez5@tak.nz,Heather,Gonzalez,6419
adam.martin5@tak.nz,Adam,Martin,6420
kelly.clark5@tak.nz,Kelly,Clark,5781
ethan.king5@tak.nz,Ethan,King,5782
andrea.green5@tak.nz,Andrea,Green,5783
terry.mitchell5@tak.nz,Terry,Mitchell,5784
sara.diaz5@tak.nz,Sara,Diaz,5785
arthur.morris5@tak.nz,Arthur,Morris,5786
madison.morgan5@tak.nz,Madison,Morgan,5787
gabriel.ramos5@tak.nz,Gabriel,Ramos,5788
brittany.chavez5@tak.nz,Brittany,Chavez,5789
elijah.hughes5@tak.nz,Elijah,Hughes,5790
tiffany.long5@tak.nz,Tiffany,Long,5791
bobby.russell5@tak.nz,Bobby,Russell,5792
sophia.gonzales5@tak.nz,Sophia,Gonzales,5793
jimmy.alexander5@tak.nz,Jimmy,Alexander,5794
leah.west5@tak.nz,Leah,West,5795
chad.stevens5@tak.nz,Chad,Stevens,5796
jennifer.ruiz5@tak.nz,Jennifer,Ruiz,5797
richard.stevenson5@tak.nz,Richard,Stevenson,5798
karen.olsen5@tak.nz,Karen,Olsen,5799
anthony.duncan5@tak.nz,Anthony,Duncan,5800
kimberly.fletcher5@tak.nz,Kimberly,Fletcher,5801
kenneth.pearce5@tak.nz,Kenneth,Pearce,5802
deborah.osborne5@tak.nz,Deborah,Osborne,5803
jason.kirk5@tak.nz,Jason,Kirk,5804
amy.winslow5@tak.nz,Amy,Winslow,5805
jonathan.johnson5@tak.nz,Jonathan,Johnson,5806
nicole.rodriguez5@tak.nz,Nicole,Rodriguez,5807
samuel.thomas5@tak.nz,Samuel,Thomas,5808
catherine.thompson5@tak.nz,Catherine,Thompson,5809
dennis.robinson5@tak.nz,Dennis,Robinson,5810
virginia.torres5@tak.nz,Virginia,Torres,5811
henry.baker5@tak.nz,Henry,Baker,5812
lauren.gomez5@tak.nz,Lauren,Gomez,5813
noah.edwards5@tak.nz,Noah,Edwards,5814
hannah.cook5@tak.nz,Hannah,Cook,5815
sean.bailey5@tak.nz,Sean,Bailey,5816
marie.ward5@tak.nz,Marie,Ward,5817
jordan.bennett5@tak.nz,Jordan,Bennett,5818
denise.castillo5@tak.nz,Denise,Castillo,5819
logan.jimenez5@tak.nz,Logan,Jimenez,5820
abigail.coleman5@tak.nz,Abigail,Coleman,5821
randy.simmons5@tak.nz,Randy,Simmons,5822
alice.reynolds5@tak.nz,Alice,Reynolds,5823
bradley.chapman5@tak.nz,Bradley,Chapman,5824
renee.marshall5@tak.nz,Renee,Marshall,5825
todd.warren5@tak.nz,Todd,Warren,5826
tara.larsen5@tak.nz,Tara,Larsen,5827
john.cameron5@tak.nz,John,Cameron,5828
elizabeth.grant5@tak.nz,Elizabeth,Grant,5829
thomas.chambers5@tak.nz,Thomas,Chambers,5830
lisa.nolan5@tak.nz,Lisa,Nolan,5831
donald.lawson5@tak.nz,Donald,Lawson,5832
donna.blackwood5@tak.nz,Donna,Blackwood,5833
brian.sutherland5@tak.nz,Brian,Sutherland,5834
rebecca.jones5@tak.nz,Rebecca,Jones,5835
ryan.lopez5@tak.nz,Ryan,Lopez,5836
angela.jackson5@tak.nz,Angela,Jackson,5837
larry.sanchez5@tak.nz,Larry,Sanchez,5838
samantha.allen5@tak.nz,Samantha,Allen,5839
alexander.flores5@tak.nz,Alexander,Flores,5840
janet.campbell5@tak.nz,Janet,Campbell,5841
tyler.turner5@tak.nz,Tyler,Turner,5842
joyce.stewart5@tak.nz,Joyce,Stewart,5843
douglas.ortiz5@tak.nz,Douglas,Ortiz,5844
evelyn.howard5@tak.nz,Evelyn,Howard,5845
christian.brooks5@tak.nz,Christian,Brooks,5846
martha.ruiz5@tak.nz,Martha,Ruiz,5847
carl.myers5@tak.nz,Carl,Myers,5848
grace.perry5@tak.nz,Grace,Perry,5849
bryan.barnes5@tak.nz,Bryan,Barnes,5850
amber.patterson5@tak.nz,Amber,Patterson,5851
juan.moreno5@tak.nz,Juan,Moreno,5852
jane.ellis5@tak.nz,Jane,Ellis,5853
mason.harrison5@tak.nz,Mason,Harrison,5854
gina.simpson5@tak.nz,Gina,Simpson,5855
eugene.pedersen5@tak.nz,Eugene,Pedersen,5856
charlotte.ferguson5@tak.nz,Charlotte,Ferguson,5857
alexis.marsh5@tak.nz,Alexis,Marsh,5858
priscilla.boyd5@tak.nz,Priscilla,Boyd,5859
michael.palmer5@tak.nz,Michael,Palmer,5860
susan.burton5@tak.nz,Susan,Burton,5861
christopher.radley5@tak.nz,Christopher,Radley,5862
betty.smith5@tak.nz,Betty,Smith,5863
paul.davis5@tak.nz,Paul,Davis,5864
carol.anderson5@tak.nz,Carol,Anderson,5865
timothy.perez5@tak.nz,Timothy,Perez,5866
laura.lewis5@tak.nz,Laura,Lewis,5867
gary.scott5@tak.nz,Gary,Scott,5868
anna.nelson5@tak.nz,Anna,Nelson,5869
scott.roberts5@tak.nz,Scott,Roberts,5870
christine.cruz5@tak.nz,Christine,Cruz,5871
patrick.murphy5@tak.nz,Patrick,Murphy,5872
maria.peterson5@tak.nz,Maria,Peterson,5873
jose.cox5@tak.nz,Jose,Cox,5874
olivia.james5@tak.nz,Olivia,James,5875
kyle.alvarez5@tak.nz,Kyle,Alvarez,5876
megan.foster5@tak.nz,Megan,Foster,5877
roger.bell5@tak.nz,Roger,Bell,5878
teresa.vasquez5@tak.nz,Teresa,Vasquez,5879
dylan.graham5@tak.nz,Dylan,Graham,5880
theresa.hayes5@tak.nz,Theresa,Hayes,5881
bruce.ford5@tak.nz,Bruce,Ford,5882
rose.wells5@tak.nz,Rose,Wells,5883
willie.berg5@tak.nz,Willie,Berg,5884
alexis.fraser5@tak.nz,Alexis,Fraser,5885
ralph.douglas5@tak.nz,Ralph,Douglas,5886
isabella.harvey5@tak.nz,Isabella,Harvey,5887
louis.hunt5@tak.nz,Louis,Hunt,5888
jasmine.franklin5@tak.nz,Jasmine,Franklin,5889
marcus.whitfield5@tak.nz,Marcus,Whitfield,5890
patricia.redmond5@tak.nz,Patricia,Redmond,5891
david.brown5@tak.nz,David,Brown,5892
sarah.hernandez5@tak.nz,Sarah,Hernandez,5893
matthew.moore5@tak.nz,Matthew,Moore,5894
ashley.harris5@tak.nz,Ashley,Harris,5895
joshua.young5@tak.nz,Joshua,Young,5896
melissa.hill5@tak.nz,Melissa,Hill,5897
edward.rivera5@tak.nz,Edward,Rivera,5898
kathleen.evans5@tak.nz,Kathleen,Evans,5899
eric.reyes5@tak.nz,Eric,Reyes,5900
pamela.gutierrez5@tak.nz,Pamela,Gutierrez,5901
benjamin.kelly5@tak.nz,Benjamin,Kelly,5902
rachel.watson5@tak.nz,Rachel,Watson,5903
jack.mendoza5@tak.nz,Jack,Mendoza,5904
diane.patel5@tak.nz,Diane,Patel,5905
nathan.jenkins5@tak.nz,Nathan,Jenkins,5906
christina.henderson5@tak.nz,Christina,Henderson,5907
walter.jordan5@tak.nz,Walter,Jordan,5908
cheryl.wallace5@tak.nz,Cheryl,Wallace,5909
austin.bryant5@tak.nz,Austin,Bryant,5910
janice.mcdonald5@tak.nz,Janice,McDonald,5911
lawrence.webb5@tak.nz,Lawrence,Webb,5912
beverly.andersen5@tak.nz,Beverly,Andersen,5913
joe.macdonald5@tak.nz,Joe,MacDonald,5914
diana.bishop5@tak.nz,Diana,Bishop,5915
wayne.holt5@tak.nz,Wayne,Holt,5916
kayla.curtis5@tak.nz,Kayla,Curtis,5917
russell.manning5@tak.nz,Russell,Manning,5918
ava.kingsley5@tak.nz,Ava,Kingsley,5919
lee.ashford5@tak.nz,Lee,Ashford,5920
kylie.miller5@tak.nz,Kylie,Miller,5921
james.wilson5@tak.nz,James,Wilson,5922
linda.lee5@tak.nz,Linda,Lee,5923
joseph.ramirez5@tak.nz,Joseph,Ramirez,5924
nancy.wright5@tak.nz,Nancy,Wright,5925
mark.adams5@tak.nz,Mark,Adams,5926
emily.carter5@tak.nz,Emily,Carter,5927
kevin.parker5@tak.nz,Kevin,Parker,5928
stephanie.morales5@tak.nz,Stephanie,Morales,5929
jeffrey.cooper5@tak.nz,Jeffrey,Cooper,5930
shirley.kim5@tak.nz,Shirley,Kim,5931
stephen.wood5@tak.nz,Stephen,Wood,5932
emma.price5@tak.nz,Emma,Price,5933
gregory.ross5@tak.nz,Gregory,Ross,5934
carolyn.sullivan5@tak.nz,Carolyn,Sullivan,5935
jerry.fisher5@tak.nz,Jerry,Fisher,5936
julie.hamilton5@tak.nz,Julie,Hamilton,5937
zachary.cole5@tak.nz,Zachary,Cole,5938
joan.murray5@tak.nz,Joan,Murray,5939
jeremy.kennedy5@tak.nz,Jeremy,Kennedy,5940
jacqueline.christensen5@tak.nz,Jacqueline,Christensen,5941
gerald.erikson5@tak.nz,Gerald,Erikson,5942
julia.sinclair5@tak.nz,Julia,Sinclair,5943
jesse.barker5@tak.nz,Jesse,Barker,5944
marilyn.dixon5@tak.nz,Marilyn,Dixon,5945
alan.gardner5@tak.nz,Alan,Gardner,5946
natalie.chapman5@tak.nz,Natalie,Chapman,5947
vincent.delaney5@tak.nz,Vincent,Delaney,5948
doris.williams5@tak.nz,Doris,Williams,5949
philip.martinez5@tak.nz,Philip,Martinez,5950
chloe.taylor5@tak.nz,Chloe,Taylor,5951
craig.white5@tak.nz,Craig,White,5952
ellie.walker5@tak.nz,Ellie,Walker,5953
robert.nguyen5@tak.nz,Robert,Nguyen,5954
barbara.hall5@tak.nz,Barbara,Hall,5955
charles.phillips5@tak.nz,Charles,Phillips,5956
margaret.collins5@tak.nz,Margaret,Collins,5957
steven.rogers5@tak.nz,Steven,Rogers,5958
michelle.reed5@tak.nz,Michelle,Reed,5959
george.richardson5@tak.nz,George,Richardson,5960
sharon.gray5@tak.nz,Sharon,Gray,5961
jacob.sanders5@tak.nz,Jacob,Sanders,5962
helen.powell5@tak.nz,Helen,Powell,5963
justin.butler5@tak.nz,Justin,Butler,5964
katherine.romero5@tak.nz,Katherine,Romero,5965
frank.griffin5@tak.nz,Frank,Griffin,5966
ruth.gibson5@tak.nz,Ruth,Gibson,5967
aaron.owens5@tak.nz,Aaron,Owens,5968
victoria.fernandez5@tak.nz,Victoria,Fernandez,5969
peter.hansen5@tak.nz,Peter,Hansen,5970
judith.stewart5@tak.nz,Judith,Stewart,5971
keith.henderson5@tak.nz,Keith,Henderson,5972
gloria.newton5@tak.nz,Gloria,Newton,5973
harold.barrett5@tak.nz,Harold,Barrett,5974
judy.todd5@tak.nz,Judy,Todd,5975
billy.ashworth5@tak.nz,Billy,Ashworth,5976
danielle.blackburn5@tak.nz,Danielle,Blackburn,5977
albert.garcia5@tak.nz,Albert,Garcia,5978
lori.gonzalez5@tak.nz,Lori,Gonzalez,5979
roy.martin5@tak.nz,Roy,Martin,5980
erin.clark5@tak.nz,Erin,Clark,5981
curtis.king5@tak.nz,Curtis,King,5982
bethany.green5@tak.nz,Bethany,Green,5983
fred.mitchell5@tak.nz,Fred,Mitchell,5984
mary.diaz5@tak.nz,Mary,Diaz,5985
william.morris5@tak.nz,William,Morris,5986
jessica.morgan5@tak.nz,Jessica,Morgan,5987
daniel.ramos5@tak.nz,Daniel,Ramos,5988
sandra.chavez5@tak.nz,Sandra,Chavez,5989
andrew.hughes5@tak.nz,Andrew,Hughes,5990
amanda.long5@tak.nz,Amanda,Long,5991
ronald.russell5@tak.nz,Ronald,Russell,5992
cynthia.gonzales5@tak.nz,Cynthia,Gonzales,5993
nicholas.alexander5@tak.nz,Nicholas,Alexander,5994
brenda.west5@tak.nz,Brenda,West,5995
brandon.stevens5@tak.nz,Brandon,Stevens,5996
debra.ruiz5@tak.nz,Debra,Ruiz,5997
raymond.stevenson5@tak.nz,Raymond,Stevenson,5998
heather.olsen5@tak.nz,Heather,Olsen,5999
adam.duncan5@tak.nz,Adam,Duncan,6000
kelly.fletcher5@tak.nz,Kelly,Fletcher,6001
ethan.pearce5@tak.nz,Ethan,Pearce,6002
andrea.osborne5@tak.nz,Andrea,Osborne,6003
terry.kirk5@tak.nz,Terry,Kirk,6004
sara.winslow5@tak.nz,Sara,Winslow,6005
arthur.johnson5@tak.nz,Arthur,Johnson,6006
madison.rodriguez5@tak.nz,Madison,Rodriguez,6007
gabriel.thomas5@tak.nz,Gabriel,Thomas,6008
brittany.thompson5@tak.nz,Brittany,Thompson,6009
elijah.robinson5@tak.nz,Elijah,Robinson,6010
tiffany.torres5@tak.nz,Tiffany,Torres,6011
bobby.baker5@tak.nz,Bobby,Baker,6012
sophia.gomez5@tak.nz,Sophia,Gomez,6013
jimmy.edwards5@tak.nz,Jimmy,Edwards,6014
leah.cook5@tak.nz,Leah,Cook,6015
chad.bailey5@tak.nz,Chad,Bailey,6016
jennifer.ward5@tak.nz,Jennifer,Ward,6017
richard.bennett5@tak.nz,Richard,Bennett,6018
karen.castillo5@tak.nz,Karen,Castillo,6019
anthony.jimenez5@tak.nz,Anthony,Jimenez,6020
kimberly.coleman5@tak.nz,Kimberly,Coleman,6021
kenneth.simmons5@tak.nz,Kenneth,Simmons,6022
deborah.reynolds5@tak.nz,Deborah,Reynolds,6023
jason.chapman5@tak.nz,Jason,Chapman,6024
amy.marshall5@tak.nz,Amy,Marshall,6025
jonathan.warren5@tak.nz,Jonathan,Warren,6026
nicole.larsen5@tak.nz,Nicole,Larsen,6027
samuel.cameron5@tak.nz,Samuel,Cameron,6028
catherine.grant5@tak.nz,Catherine,Grant,6029
dennis.chambers5@tak.nz,Dennis,Chambers,6030
virginia.nolan5@tak.nz,Virginia,Nolan,6031
henry.lawson5@tak.nz,Henry,Lawson,6032
lauren.blackwood5@tak.nz,Lauren,Blackwood,6033
noah.sutherland5@tak.nz,Noah,Sutherland,6034
hannah.jones5@tak.nz,Hannah,Jones,6035
sean.lopez5@tak.nz,Sean,Lopez,6036
marie.jackson5@tak.nz,Marie,Jackson,6037
jordan.sanchez5@tak.nz,Jordan,Sanchez,6038
denise.allen5@tak.nz,Denise,Allen,6039
logan.flores5@tak.nz,Logan,Flores,6040
abigail.campbell5@tak.nz,Abigail,Campbell,6041
randy.turner5@tak.nz,Randy,Turner,6042
alice.stewart5@tak.nz,Alice,Stewart,6043
bradley.ortiz5@tak.nz,Bradley,Ortiz,6044
renee.howard5@tak.nz,Renee,Howard,6045
todd.brooks5@tak.nz,Todd,Brooks,6046
tara.ruiz5@tak.nz,Tara,Ruiz,6047
john.myers5@tak.nz,John,Myers,6048
elizabeth.perry5@tak.nz,Elizabeth,Perry,6049
thomas.barnes5@tak.nz,Thomas,Barnes,6050
lisa.patterson5@tak.nz,Lisa,Patterson,6051
donald.moreno5@tak.nz,Donald,Moreno,6052
donna.ellis5@tak.nz,Donna,Ellis,6053
brian.harrison5@tak.nz,Brian,Harrison,6054
rebecca.simpson5@tak.nz,Rebecca,Simpson,6055
ryan.pedersen5@tak.nz,Ryan,Pedersen,6056
angela.ferguson5@tak.nz,Angela,Ferguson,6057
larry.marsh5@tak.nz,Larry,Marsh,6058
samantha.boyd5@tak.nz,Samantha,Boyd,6059
alexander.palmer5@tak.nz,Alexander,Palmer,6060
janet.burton5@tak.nz,Janet,Burton,6061
tyler.radley5@tak.nz,Tyler,Radley,6062
joyce.smith5@tak.nz,Joyce,Smith,6063
douglas.davis5@tak.nz,Douglas,Davis,6064
evelyn.anderson5@tak.nz,Evelyn,Anderson,6065
christian.perez5@tak.nz,Christian,Perez,6066
martha.lewis5@tak.nz,Martha,Lewis,6067
carl.scott5@tak.nz,Carl,Scott,6068
grace.nelson5@tak.nz,Grace,Nelson,6069
bryan.roberts5@tak.nz,Bryan,Roberts,6070
amber.cruz5@tak.nz,Amber,Cruz,6071
juan.murphy5@tak.nz,Juan,Murphy,6072
jane.peterson5@tak.nz,Jane,Peterson,6073
mason.cox5@tak.nz,Mason,Cox,6074
gina.james5@tak.nz,Gina,James,6075
eugene.alvarez5@tak.nz,Eugene,Alvarez,6076
charlotte.foster5@tak.nz,Charlotte,Foster,6077
alexis.bell5@tak.nz,Alexis,Bell,6078
priscilla.vasquez5@tak.nz,Priscilla,Vasquez,6079
michael.graham5@tak.nz,Michael,Graham,6080
susan.hayes5@tak.nz,Susan,Hayes,6081
christopher.ford5@tak.nz,Christopher,Ford,6082
betty.wells5@tak.nz,Betty,Wells,6083
paul.berg5@tak.nz,Paul,Berg,6084
carol.fraser5@tak.nz,Carol,Fraser,6085
timothy.douglas5@tak.nz,Timothy,Douglas,6086
laura.harvey5@tak.nz,Laura,Harvey,6087
gary.hunt5@tak.nz,Gary,Hunt,6088
anna.franklin5@tak.nz,Anna,Franklin,6089
scott.whitfield5@tak.nz,Scott,Whitfield,6090
christine.redmond5@tak.nz,Christine,Redmond,6091
patrick.brown5@tak.nz,Patrick,Brown,6092
maria.hernandez5@tak.nz,Maria,Hernandez,6093
jose.moore5@tak.nz,Jose,Moore,6094
olivia.harris5@tak.nz,Olivia,Harris,6095
kyle.young5@tak.nz,Kyle,Young,6096
megan.hill5@tak.nz,Megan,Hill,6097
roger.rivera5@tak.nz,Roger,Rivera,6098
teresa.evans5@tak.nz,Teresa,Evans,6099
dylan.reyes5@tak.nz,Dylan,Reyes,6100
theresa.gutierrez5@tak.nz,Theresa,Gutierrez,6101
bruce.kelly5@tak.nz,Bruce,Kelly,6102
rose.watson5@tak.nz,Rose,Watson,6103
willie.mendoza5@tak.nz,Willie,Mendoza,6104
alexis.patel5@tak.nz,Alexis,Patel,6105
ralph.jenkins5@tak.nz,Ralph,Jenkins,6106
isabella.henderson5@tak.nz,Isabella,Henderson,6107
louis.jordan5@tak.nz,Louis,Jordan,6108
jasmine.wallace5@tak.nz,Jasmine,Wallace,6109
marcus.bryant5@tak.nz,Marcus,Bryant,6110
patricia.mcdonald5@tak.nz,Patricia,McDonald,6111
david.webb5@tak.nz,David,Webb,6112
sarah.andersen5@tak.nz,Sarah,Andersen,6113
matthew.macdonald5@tak.nz,Matthew,MacDonald,6114
ashley.bishop5@tak.nz,Ashley,Bishop,6115
joshua.holt5@tak.nz,Joshua,Holt,6116
melissa.curtis5@tak.nz,Melissa,Curtis,6117
edward.manning5@tak.nz,Edward,Manning,6118
kathleen.kingsley5@tak.nz,Kathleen,Kingsley,6119
eric.ashford5@tak.nz,Eric,Ashford,6120
pamela.miller5@tak.nz,Pamela,Miller,6121
benjamin.wilson5@tak.nz,Benjamin,Wilson,6122
rachel.lee5@tak.nz,Rachel,Lee,6123
jack.ramirez5@tak.nz,Jack,Ramirez,6124
diane.wright5@tak.nz,Diane,Wright,6125
nathan.adams5@tak.nz,Nathan,Adams,6126
christina.carter5@tak.nz,Christina,Carter,6127
walter.parker5@tak.nz,Walter,Parker,6128
cheryl.morales5@tak.nz,Cheryl,Morales,6129
austin.cooper5@tak.nz,Austin,Cooper,6130
janice.kim5@tak.nz,Janice,Kim,6131
lawrence.wood5@tak.nz,Lawrence,Wood,6132
beverly.price5@tak.nz,Beverly,Price,6133
joe.ross5@tak.nz,Joe,Ross,6134
diana.sullivan5@tak.nz,Diana,Sullivan,6135
wayne.fisher5@tak.nz,Wayne,Fisher,6136
kayla.hamilton5@tak.nz,Kayla,Hamilton,6137
russell.cole5@tak.nz,Russell,Cole,6138
ava.murray5@tak.nz,Ava,Murray,6139
lee.kennedy5@tak.nz,Lee,Kennedy,6140
kylie.christensen5@tak.nz,Kylie,Christensen,6141
james.erikson5@tak.nz,James,Erikson,6142
linda.sinclair5@tak.nz,Linda,Sinclair,6143
joseph.barker5@tak.nz,Joseph,Barker,6144
nancy.dixon5@tak.nz,Nancy,Dixon,6145
mark.gardner5@tak.nz,Mark,Gardner,6146
emily.chapman5@tak.nz,Emily,Chapman,6147
kevin.delaney5@tak.nz,Kevin,Delaney,6148
stephanie.williams5@tak.nz,Stephanie,Williams,6149
jeffrey.martinez5@tak.nz,Jeffrey,Martinez,6150
shirley.taylor5@tak.nz,Shirley,Taylor,6151
stephen.white5@tak.nz,Stephen,White,6152
emma.walker5@tak.nz,Emma,Walker,6153
gregory.nguyen5@tak.nz,Gregory,Nguyen,6154
carolyn.hall5@tak.nz,Carolyn,Hall,6155
jerry.phillips5@tak.nz,Jerry,Phillips,6156
julie.collins5@tak.nz,Julie,Collins,6157
zachary.rogers5@tak.nz,Zachary,Rogers,6158
joan.reed5@tak.nz,Joan,Reed,6159
jeremy.richardson5@tak.nz,Jeremy,Richardson,6160
jacqueline.gray5@tak.nz,Jacqueline,Gray,6161
gerald.sanders5@tak.nz,Gerald,Sanders,6162
julia.powell5@tak.nz,Julia,Powell,6163
jesse.butler5@tak.nz,Jesse,Butler,6164
marilyn.romero5@tak.nz,Marilyn,Romero,6165
alan.griffin5@tak.nz,Alan,Griffin,6166
natalie.gibson5@tak.nz,Natalie,Gibson,6167
vincent.owens5@tak.nz,Vincent,Owens,6168
doris.fernandez5@tak.nz,Doris,Fernandez,6169
philip.hansen5@tak.nz,Philip,Hansen,6170
chloe.stewart5@tak.nz,Chloe,Stewart,6171
craig.henderson5@tak.nz,Craig,Henderson,6172
ellie.newton5@tak.nz,Ellie,Newton,6173
robert.barrett5@tak.nz,Robert,Barrett,6174
barbara.todd5@tak.nz,Barbara,Todd,6175
charles.ashworth5@tak.nz,Charles,Ashworth,6176
margaret.blackburn5@tak.nz,Margaret,Blackburn,6177
steven.garcia5@tak.nz,Steven,Garcia,6178
michelle.gonzalez5@tak.nz,Michelle,Gonzalez,6179
george.martin5@tak.nz,George,Martin,6180
sharon.clark5@tak.nz,Sharon,Clark,6181
jacob.king5@tak.nz,Jacob,King,6182
helen.green5@tak.nz,Helen,Green,6183
justin.mitchell5@tak.nz,Justin,Mitchell,6184
katherine.diaz5@tak.nz,Katherine,Diaz,6185
frank.morris5@tak.nz,Frank,Morris,6186
ruth.morgan5@tak.nz,Ruth,Morgan,6187
aaron.ramos5@tak.nz,Aaron,Ramos,6188
victoria.chavez5@tak.nz,Victoria,Chavez,6189
peter.hughes5@tak.nz,Peter,Hughes,6190
judith.long5@tak.nz,Judith,Long,6191
keith.russell5@tak.nz,Keith,Russell,6192
gloria.gonzales5@tak.nz,Gloria,Gonzales,6193
harold.alexander5@tak.nz,Harold,Alexander,6194
judy.west5@tak.nz,Judy,West,6195
billy.stevens5@tak.nz,Billy,Stevens,6196
danielle.ruiz5@tak.nz,Danielle,Ruiz,6197
albert.stevenson5@tak.nz,Albert,Stevenson,6198
lori.olsen5@tak.nz,Lori,Olsen,6199
roy.duncan5@tak.nz,Roy,Duncan,6200
erin.fletcher5@tak.nz,Erin,Fletcher,6201
curtis.pearce5@tak.nz,Curtis,Pearce,6202
bethany.osborne5@tak.nz,Bethany,Osborne,6203
fred.kirk5@tak.nz,Fred,Kirk,6204
mary.winslow5@tak.nz,Mary,Winslow,6205
william.johnson5@tak.nz,William,Johnson,6206
jessica.rodriguez5@tak.nz,Jessica,Rodriguez,6207
daniel.thomas5@tak.nz,Daniel,Thomas,6208
sandra.thompson5@tak.nz,Sandra,Thompson,6209
andrew.robinson5@tak.nz,Andrew,Robinson,6210
amanda.torres5@tak.nz,Amanda,Torres,6211
ronald.baker5@tak.nz,Ronald,Baker,6212
cynthia.gomez5@tak.nz,Cynthia,Gomez,6213
nicholas.edwards5@tak.nz,Nicholas,Edwards,6214
brenda.cook5@tak.nz,Brenda,Cook,6215
brandon.bailey5@tak.nz,Brandon,Bailey,6216
debra.ward5@tak.nz,Debra,Ward,6217
raymond.bennett5@tak.nz,Raymond,Bennett,6218
heather.castillo5@tak.nz,Heather,Castillo,6219
adam.jimenez5@tak.nz,Adam,Jimenez,6220
kelly.coleman5@tak.nz,Kelly,Coleman,6221
ethan.simmons5@tak.nz,Ethan,Simmons,6222
andrea.reynolds5@tak.nz,Andrea,Reynolds,6223
terry.chapman5@tak.nz,Terry,Chapman,6224
sara.marshall5@tak.nz,Sara,Marshall,6225
arthur.warren5@tak.nz,Arthur,Warren,6226
madison.larsen5@tak.nz,Madison,Larsen,6227
gabriel.cameron5@tak.nz,Gabriel,Cameron,6228
brittany.grant5@tak.nz,Brittany,Grant,6229
elijah.chambers5@tak.nz,Elijah,Chambers,6230
tiffany.nolan5@tak.nz,Tiffany,Nolan,6231
bobby.lawson5@tak.nz,Bobby,Lawson,6232
sophia.blackwood5@tak.nz,Sophia,Blackwood,6233
jimmy.sutherland5@tak.nz,Jimmy,Sutherland,6234
leah.jones5@tak.nz,Leah,Jones,6235
chad.lopez5@tak.nz,Chad,Lopez,6236
jennifer.jackson5@tak.nz,Jennifer,Jackson,6237
richard.sanchez5@tak.nz,Richard,Sanchez,6238
karen.allen5@tak.nz,Karen,Allen,6239
anthony.flores5@tak.nz,Anthony,Flores,6240
kimberly.campbell5@tak.nz,Kimberly,Campbell,6241
kenneth.turner5@tak.nz,Kenneth,Turner,6242
deborah.stewart5@tak.nz,Deborah,Stewart,6243
jason.ortiz5@tak.nz,Jason,Ortiz,6244
amy.howard5@tak.nz,Amy,Howard,6245
jonathan.brooks5@tak.nz,Jonathan,Brooks,6246
nicole.ruiz5@tak.nz,Nicole,Ruiz,6247
samuel.myers5@tak.nz,Samuel,Myers,6248
catherine.perry5@tak.nz,Catherine,Perry,6249
dennis.barnes5@tak.nz,Dennis,Barnes,6250
virginia.patterson5@tak.nz,Virginia,Patterson,6251
henry.moreno5@tak.nz,Henry,Moreno,6252
lauren.ellis5@tak.nz,Lauren,Ellis,6253
noah.harrison5@tak.nz,Noah,Harrison,6254
hannah.simpson5@tak.nz,Hannah,Simpson,6255
sean.pedersen5@tak.nz,Sean,Pedersen,6256
marie.ferguson5@tak.nz,Marie,Ferguson,6257
jordan.marsh5@tak.nz,Jordan,Marsh,6258
denise.boyd5@tak.nz,Denise,Boyd,6259
logan.palmer5@tak.nz,Logan,Palmer,6260
abigail.burton5@tak.nz,Abigail,Burton,6261
randy.radley5@tak.nz,Randy,Radley,6262
alice.smith5@tak.nz,Alice,Smith,6263
bradley.davis5@tak.nz,Bradley,Davis,6264
renee.anderson5@tak.nz,Renee,Anderson,6265
todd.perez5@tak.nz,Todd,Perez,6266
tara.lewis5@tak.nz,Tara,Lewis,6267
john.scott5@tak.nz,John,Scott,6268
elizabeth.nelson5@tak.nz,Elizabeth,Nelson,6269
thomas.roberts5@tak.nz,Thomas,Roberts,6270
lisa.cruz5@tak.nz,Lisa,Cruz,6271
donald.murphy5@tak.nz,Donald,Murphy,6272
donna.peterson5@tak.nz,Donna,Peterson,6273
brian.cox5@tak.nz,Brian,Cox,6274
rebecca.james5@tak.nz,Rebecca,James,6275
ryan.alvarez5@tak.nz,Ryan,Alvarez,6276
angela.foster5@tak.nz,Angela,Foster,6277
larry.bell5@tak.nz,Larry,Bell,6278
samantha.vasquez5@tak.nz,Samantha,Vasquez,6279
alexander.graham5@tak.nz,Alexander,Graham,6280
janet.hayes5@tak.nz,Janet,Hayes,6281
tyler.ford5@tak.nz,Tyler,Ford,6282
joyce.wells5@tak.nz,Joyce,Wells,6283
douglas.berg5@tak.nz,Douglas,Berg,6284
evelyn.fraser5@tak.nz,Evelyn,Fraser,6285
christian.douglas5@tak.nz,Christian,Douglas,6286
martha.harvey5@tak.nz,Martha,Harvey,6287
carl.hunt5@tak.nz,Carl,Hunt,6288
grace.franklin5@tak.nz,Grace,Franklin,6289
bryan.whitfield5@tak.nz,Bryan,Whitfield,6290
amber.redmond5@tak.nz,Amber,Redmond,6291
juan.brown5@tak.nz,Juan,Brown,6292
jane.hernandez5@tak.nz,Jane,Hernandez,6293
mason.moore5@tak.nz,Mason,Moore,6294
gina.harris5@tak.nz,Gina,Harris,6295
eugene.young5@tak.nz,Eugene,Young,6296
charlotte.hill5@tak.nz,Charlotte,Hill,6297
alexis.rivera5@tak.nz,Alexis,Rivera,6298
priscilla.evans5@tak.nz,Priscilla,Evans,6299
michael.reyes5@tak.nz,Michael,Reyes,6300
susan.gutierrez5@tak.nz,Susan,Gutierrez,6301
christopher.kelly5@tak.nz,Christopher,Kelly,6302
betty.watson5@tak.nz,Betty,Watson,6303
paul.mendoza5@tak.nz,Paul,Mendoza,6304
carol.patel5@tak.nz,Carol,Patel,6305
timothy.jenkins5@tak.nz,Timothy,Jenkins,6306
laura.henderson5@tak.nz,Laura,Henderson,6307
gary.jordan5@tak.nz,Gary,Jordan,6308
anna.wallace5@tak.nz,Anna,Wallace,6309
scott.bryant5@tak.nz,Scott,Bryant,6310
christine.mcdonald5@tak.nz,Christine,McDonald,6311
patrick.webb5@tak.nz,Patrick,Webb,6312
maria.andersen5@tak.nz,Maria,Andersen,6313
jose.macdonald5@tak.nz,Jose,MacDonald,6314
olivia.bishop5@tak.nz,Olivia,Bishop,6315
kyle.holt5@tak.nz,Kyle,Holt,6316
megan.curtis5@tak.nz,Megan,Curtis,6317
roger.manning5@tak.nz,Roger,Manning,6318
teresa.kingsley5@tak.nz,Teresa,Kingsley,6319
dylan.ashford5@tak.nz,Dylan,Ashford,6320
theresa.miller5@tak.nz,Theresa,Miller,6321
bruce.wilson5@tak.nz,Bruce,Wilson,6322
rose.lee5@tak.nz,Rose,Lee,6323
willie.ramirez5@tak.nz,Willie,Ramirez,6324
alexis.wright5@tak.nz,Alexis,Wright,6325
ralph.adams5@tak.nz,Ralph,Adams,6326
isabella.carter5@tak.nz,Isabella,Carter,6327
louis.parker5@tak.nz,Louis,Parker,6328
jasmine.morales5@tak.nz,Jasmine,Morales,6329
marcus.cooper5@tak.nz,Marcus,Cooper,6330
patricia.kim5@tak.nz,Patricia,Kim,6331
david.wood5@tak.nz,David,Wood,6332
sarah.price5@tak.nz,Sarah,Price,6333
matthew.ross5@tak.nz,Matthew,Ross,6334
ashley.sullivan5@tak.nz,Ashley,Sullivan,6335
joshua.fisher5@tak.nz,Joshua,Fisher,6336
melissa.hamilton5@tak.nz,Melissa,Hamilton,6337
edward.cole5@tak.nz,Edward,Cole,6338
kathleen.murray5@tak.nz,Kathleen,Murray,6339
eric.kennedy5@tak.nz,Eric,Kennedy,6340
pamela.christensen5@tak.nz,Pamela,Christensen,6341
benjamin.erikson5@tak.nz,Benjamin,Erikson,6342
rachel.sinclair5@tak.nz,Rachel,Sinclair,6343
jack.barker5@tak.nz,Jack,Barker,6344
diane.dixon5@tak.nz,Diane,Dixon,6345
nathan.gardner5@tak.nz,Nathan,Gardner,6346
christina.chapman5@tak.nz,Christina,Chapman,6347
walter.delaney5@tak.nz,Walter,Delaney,6348
cheryl.williams5@tak.nz,Cheryl,Williams,6349
austin.martinez5@tak.nz,Austin,Martinez,6350
janice.taylor5@tak.nz,Janice,Taylor,6351
lawrence.white5@tak.nz,Lawrence,White,6352
beverly.walker5@tak.nz,Beverly,Walker,6353
joe.nguyen5@tak.nz,Joe,Nguyen,6354
diana.hall5@tak.nz,Diana,Hall,6355
wayne.phillips5@tak.nz,Wayne,Phillips,6356
kayla.collins5@tak.nz,Kayla,Collins,6357
russell.rogers5@tak.nz,Russell,Rogers,6358
ava.reed5@tak.nz,Ava,Reed,6359
lee.richardson5@tak.nz,Lee,Richardson,6360
kylie.gray5@tak.nz,Kylie,Gray,6361
james.sanders5@tak.nz,James,Sanders,6362
linda.powell5@tak.nz,Linda,Powell,6363
joseph.butler5@tak.nz,Joseph,Butler,6364
nancy.romero5@tak.nz,Nancy,Romero,6365
mark.griffin5@tak.nz,Mark,Griffin,6366
emily.gibson5@tak.nz,Emily,Gibson,6367
kevin.owens5@tak.nz,Kevin,Owens,6368
stephanie.fernandez5@tak.nz,Stephanie,Fernandez,6369
jeffrey.hansen5@tak.nz,Jeffrey,Hansen,6370
shirley.stewart5@tak.nz,Shirley,Stewart,6371
stephen.henderson5@tak.nz,Stephen,Henderson,6372
emma.newton5@tak.nz,Emma,Newton,6373
gregory.barrett5@tak.nz,Gregory,Barrett,6374
carolyn.todd5@tak.nz,Carolyn,Todd,6375
jerry.ashworth5@tak.nz,Jerry,Ashworth,6376
julie.blackburn5@tak.nz,Julie,Blackburn,6377
zachary.garcia5@tak.nz,Zachary,Garcia,6378
joan.gonzalez5@tak.nz,Joan,Gonzalez,6379
jeremy.martin5@tak.nz,Jeremy,Martin,6380
jacqueline.clark5@tak.nz,Jacqueline,Clark,6381
gerald.king5@tak.nz,Gerald,King,6382
julia.green5@tak.nz,Julia,Green,6383
jesse.mitchell5@tak.nz,Jesse,Mitchell,6384
marilyn.diaz5@tak.nz,Marilyn,Diaz,6385
alan.morris5@tak.nz,Alan,Morris,6386
natalie.morgan5@tak.nz,Natalie,Morgan,6387
vincent.ramos5@tak.nz,Vincent,Ramos,6388
doris.chavez5@tak.nz,Doris,Chavez,6389
philip.hughes5@tak.nz,Philip,Hughes,6390
chloe.long5@tak.nz,Chloe,Long,6391
craig.russell5@tak.nz,Craig,Russell,6392
ellie.gonzales5@tak.nz,Ellie,Gonzales,6393
robert.alexander5@tak.nz,Robert,Alexander,6394
barbara.west5@tak.nz,Barbara,West,6395
charles.stevens5@tak.nz,Charles,Stevens,6396
margaret.ruiz5@tak.nz,Margaret,Ruiz,6397
steven.stevenson5@tak.nz,Steven,Stevenson,6398
michelle.olsen5@tak.nz,Michelle,Olsen,6399
george.duncan5@tak.nz,George,Duncan,6400
sharon.fletcher5@tak.nz,Sharon,Fletcher,6401
jacob.pearce5@tak.nz,Jacob,Pearce,6402
helen.osborne5@tak.nz,Helen,Osborne,6403
justin.kirk5@tak.nz,Justin,Kirk,6404
katherine.winslow5@tak.nz,Katherine,Winslow,6405
frank.johnson5@tak.nz,Frank,Johnson,6406
ruth.rodriguez5@tak.nz,Ruth,Rodriguez,6407
aaron.thomas5@tak.nz,Aaron,Thomas,6408
victoria.thompson5@tak.nz,Victoria,Thompson,6409
peter.robinson5@tak.nz,Peter,Robinson,6410
judith.torres5@tak.nz,Judith,Torres,6411
keith.baker5@tak.nz,Keith,Baker,6412
gloria.gomez5@tak.nz,Gloria,Gomez,6413
harold.edwards5@tak.nz,Harold,Edwards,6414
judy.cook5@tak.nz,Judy,Cook,6415
billy.bailey5@tak.nz,Billy,Bailey,6416
danielle.ward5@tak.nz,Danielle,Ward,6417
albert.bennett5@tak.nz,Albert,Bennett,6418
lori.castillo5@tak.nz,Lori,Castillo,6419
roy.jimenez5@tak.nz,Roy,Jimenez,6420
erin.coleman5@tak.nz,Erin,Coleman,5781
curtis.simmons5@tak.nz,Curtis,Simmons,5782
bethany.reynolds5@tak.nz,Bethany,Reynolds,5783
fred.chapman5@tak.nz,Fred,Chapman,5784
mary.marshall5@tak.nz,Mary,Marshall,5785
william.warren5@tak.nz,William,Warren,5786
jessica.larsen5@tak.nz,Jessica,Larsen,5787
daniel.cameron5@tak.nz,Daniel,Cameron,5788
sandra.grant5@tak.nz,Sandra,Grant,5789
andrew.chambers5@tak.nz,Andrew,Chambers,5790
amanda.nolan5@tak.nz,Amanda,Nolan,5791
ronald.lawson5@tak.nz,Ronald,Lawson,5792
cynthia.blackwood5@tak.nz,Cynthia,Blackwood,5793
nicholas.sutherland5@tak.nz,Nicholas,Sutherland,5794
brenda.jones5@tak.nz,Brenda,Jones,5795
brandon.lopez5@tak.nz,Brandon,Lopez,5796
debra.jackson5@tak.nz,Debra,Jackson,5797
raymond.sanchez5@tak.nz,Raymond,Sanchez,5798
heather.allen5@tak.nz,Heather,Allen,5799
adam.flores5@tak.nz,Adam,Flores,5800
kelly.campbell5@tak.nz,Kelly,Campbell,5801
ethan.turner5@tak.nz,Ethan,Turner,5802
andrea.stewart5@tak.nz,Andrea,Stewart,5803
terry.ortiz5@tak.nz,Terry,Ortiz,5804
sara.howard5@tak.nz,Sara,Howard,5805
arthur.brooks5@tak.nz,Arthur,Brooks,5806
madison.ruiz5@tak.nz,Madison,Ruiz,5807
gabriel.myers5@tak.nz,Gabriel,Myers,5808
brittany.perry5@tak.nz,Brittany,Perry,5809
elijah.barnes5@tak.nz,Elijah,Barnes,5810
tiffany.patterson5@tak.nz,Tiffany,Patterson,5811
bobby.moreno5@tak.nz,Bobby,Moreno,5812
sophia.ellis5@tak.nz,Sophia,Ellis,5813
jimmy.harrison5@tak.nz,Jimmy,Harrison,5814
leah.simpson5@tak.nz,Leah,Simpson,5815
chad.pedersen5@tak.nz,Chad,Pedersen,5816
jennifer.ferguson5@tak.nz,Jennifer,Ferguson,5817
richard.marsh5@tak.nz,Richard,Marsh,5818
karen.boyd5@tak.nz,Karen,Boyd,5819
anthony.palmer5@tak.nz,Anthony,Palmer,5820
kimberly.burton5@tak.nz,Kimberly,Burton,5821
kenneth.radley5@tak.nz,Kenneth,Radley,5822
deborah.smith5@tak.nz,Deborah,Smith,5823
jason.davis5@tak.nz,Jason,Davis,5824
amy.anderson5@tak.nz,Amy,Anderson,5825
jonathan.perez5@tak.nz,Jonathan,Perez,5826
nicole.lewis5@tak.nz,Nicole,Lewis,5827
samuel.scott5@tak.nz,Samuel,Scott,5828
catherine.nelson5@tak.nz,Catherine,Nelson,5829
dennis.roberts5@tak.nz,Dennis,Roberts,5830
virginia.cruz5@tak.nz,Virginia,Cruz,5831
henry.murphy5@tak.nz,Henry,Murphy,5832
lauren.peterson5@tak.nz,Lauren,Peterson,5833
noah.cox5@tak.nz,Noah,Cox,5834
hannah.james5@tak.nz,Hannah,James,5835
sean.alvarez5@tak.nz,Sean,Alvarez,5836
marie.foster5@tak.nz,Marie,Foster,5837
jordan.bell5@tak.nz,Jordan,Bell,5838
denise.vasquez5@tak.nz,Denise,Vasquez,5839
logan.graham5@tak.nz,Logan,Graham,5840
abigail.hayes5@tak.nz,Abigail,Hayes,5841
randy.ford5@tak.nz,Randy,Ford,5842
alice.wells5@tak.nz,Alice,Wells,5843
bradley.berg5@tak.nz,Bradley,Berg,5844
renee.fraser5@tak.nz,Renee,Fraser,5845
todd.douglas5@tak.nz,Todd,Douglas,5846
tara.harvey5@tak.nz,Tara,Harvey,5847
john.hunt5@tak.nz,John,Hunt,5848
elizabeth.franklin5@tak.nz,Elizabeth,Franklin,5849
thomas.whitfield5@tak.nz,Thomas,Whitfield,5850
lisa.redmond5@tak.nz,Lisa,Redmond,5851
donald.brown5@tak.nz,Donald,Brown,5852
donna.hernandez5@tak.nz,Donna,Hernandez,5853
brian.moore5@tak.nz,Brian,Moore,5854
rebecca.harris5@tak.nz,Rebecca,Harris,5855
ryan.young5@tak.nz,Ryan,Young,5856
angela.hill5@tak.nz,Angela,Hill,5857
larry.rivera5@tak.nz,Larry,Rivera,5858
samantha.evans5@tak.nz,Samantha,Evans,5859
alexander.reyes5@tak.nz,Alexander,Reyes,5860
janet.gutierrez5@tak.nz,Janet,Gutierrez,5861
tyler.kelly5@tak.nz,Tyler,Kelly,5862
joyce.watson5@tak.nz,Joyce,Watson,5863
douglas.mendoza5@tak.nz,Douglas,Mendoza,5864
evelyn.patel5@tak.nz,Evelyn,Patel,5865
christian.jenkins5@tak.nz,Christian,Jenkins,5866
martha.henderson5@tak.nz,Martha,Henderson,5867
carl.jordan5@tak.nz,Carl,Jordan,5868
grace.wallace5@tak.nz,Grace,Wallace,5869
bryan.bryant5@tak.nz,Bryan,Bryant,5870
amber.mcdonald5@tak.nz,Amber,McDonald,5871
juan.webb5@tak.nz,Juan,Webb,5872
jane.andersen5@tak.nz,Jane,Andersen,5873
mason.macdonald5@tak.nz,Mason,MacDonald,5874
gina.bishop5@tak.nz,Gina,Bishop,5875
eugene.holt5@tak.nz,Eugene,Holt,5876
charlotte.curtis5@tak.nz,Charlotte,Curtis,5877
alexis.manning5@tak.nz,Alexis,Manning,5878
priscilla.kingsley5@tak.nz,Priscilla,Kingsley,5879
michael.ashford5@tak.nz,Michael,Ashford,5880
susan.miller5@tak.nz,Susan,Miller,5881
christopher.wilson5@tak.nz,Christopher,Wilson,5882
betty.lee5@tak.nz,Betty,Lee,5883
paul.ramirez5@tak.nz,Paul,Ramirez,5884
carol.wright5@tak.nz,Carol,Wright,5885
timothy.adams5@tak.nz,Timothy,Adams,5886
laura.carter5@tak.nz,Laura,Carter,5887
gary.parker5@tak.nz,Gary,Parker,5888
anna.morales5@tak.nz,Anna,Morales,5889
scott.cooper5@tak.nz,Scott,Cooper,5890
christine.kim5@tak.nz,Christine,Kim,5891
patrick.wood5@tak.nz,Patrick,Wood,5892
maria.price5@tak.nz,Maria,Price,5893
jose.ross5@tak.nz,Jose,Ross,5894
olivia.sullivan5@tak.nz,Olivia,Sullivan,5895
kyle.fisher5@tak.nz,Kyle,Fisher,5896
megan.hamilton5@tak.nz,Megan,Hamilton,5897
roger.cole5@tak.nz,Roger,Cole,5898
teresa.murray5@tak.nz,Teresa,Murray,5899
dylan.kennedy5@tak.nz,Dylan,Kennedy,5900
theresa.christensen5@tak.nz,Theresa,Christensen,5901
bruce.erikson5@tak.nz,Bruce,Erikson,5902
rose.sinclair5@tak.nz,Rose,Sinclair,5903
willie.barker5@tak.nz,Willie,Barker,5904
alexis.dixon5@tak.nz,Alexis,Dixon,5905
ralph.gardner5@tak.nz,Ralph,Gardner,5906
isabella.chapman5@tak.nz,Isabella,Chapman,5907
louis.delaney5@tak.nz,Louis,Delaney,5908
jasmine.williams5@tak.nz,Jasmine,Williams,5909
marcus.martinez5@tak.nz,Marcus,Martinez,5910
patricia.taylor5@tak.nz,Patricia,Taylor,5911
david.white5@tak.nz,David,White,5912
sarah.walker5@tak.nz,Sarah,Walker,5913
matthew.nguyen5@tak.nz,Matthew,Nguyen,5914
ashley.hall5@tak.nz,Ashley,Hall,5915
joshua.phillips5@tak.nz,Joshua,Phillips,5916
melissa.collins5@tak.nz,Melissa,Collins,5917
edward.rogers5@tak.nz,Edward,Rogers,5918
kathleen.reed5@tak.nz,Kathleen,Reed,5919
eric.richardson5@tak.nz,Eric,Richardson,5920
pamela.gray5@tak.nz,Pamela,Gray,5921
benjamin.sanders5@tak.nz,Benjamin,Sanders,5922
rachel.powell5@tak.nz,Rachel,Powell,5923
jack.butler5@tak.nz,Jack,Butler,5924
diane.romero5@tak.nz,Diane,Romero,5925
nathan.griffin5@tak.nz,Nathan,Griffin,5926
christina.gibson5@tak.nz,Christina,Gibson,5927
walter.owens5@tak.nz,Walter,Owens,5928
cheryl.fernandez5@tak.nz,Cheryl,Fernandez,5929
austin.hansen5@tak.nz,Austin,Hansen,5930
janice.stewart5@tak.nz,Janice,Stewart,5931
lawrence.henderson5@tak.nz,Lawrence,Henderson,5932
beverly.newton5@tak.nz,Beverly,Newton,5933
joe.barrett5@tak.nz,Joe,Barrett,5934
diana.todd5@tak.nz,Diana,Todd,5935
wayne.ashworth5@tak.nz,Wayne,Ashworth,5936
kayla.blackburn5@tak.nz,Kayla,Blackburn,5937
russell.garcia5@tak.nz,Russell,Garcia,5938
ava.gonzalez5@tak.nz,Ava,Gonzalez,5939
lee.martin5@tak.nz,Lee,Martin,5940
kylie.clark5@tak.nz,Kylie,Clark,5941
james.king5@tak.nz,James,King,5942
linda.green5@tak.nz,Linda,Green,5943
joseph.mitchell5@tak.nz,Joseph,Mitchell,5944
nancy.diaz5@tak.nz,Nancy,Diaz,5945
mark.morris5@tak.nz,Mark,Morris,5946
emily.morgan5@tak.nz,Emily,Morgan,5947
kevin.ramos5@tak.nz,Kevin,Ramos,5948
stephanie.chavez5@tak.nz,Stephanie,Chavez,5949
jeffrey.hughes5@tak.nz,Jeffrey,Hughes,5950
shirley.long5@tak.nz,Shirley,Long,5951
stephen.russell5@tak.nz,Stephen,Russell,5952
emma.gonzales5@tak.nz,Emma,Gonzales,5953
gregory.alexander5@tak.nz,Gregory,Alexander,5954
carolyn.west5@tak.nz,Carolyn,West,5955
jerry.stevens5@tak.nz,Jerry,Stevens,5956
julie.ruiz5@tak.nz,Julie,Ruiz,5957
zachary.stevenson5@tak.nz,Zachary,Stevenson,5958
joan.olsen5@tak.nz,Joan,Olsen,5959
jeremy.duncan5@tak.nz,Jeremy,Duncan,5960
jacqueline.fletcher5@tak.nz,Jacqueline,Fletcher,5961
gerald.pearce5@tak.nz,Gerald,Pearce,5962
julia.osborne5@tak.nz,Julia,Osborne,5963
jesse.kirk5@tak.nz,Jesse,Kirk,5964
marilyn.winslow5@tak.nz,Marilyn,Winslow,5965
alan.johnson5@tak.nz,Alan,Johnson,5966
natalie.rodriguez5@tak.nz,Natalie,Rodriguez,5967
vincent.thomas5@tak.nz,Vincent,Thomas,5968
doris.thompson5@tak.nz,Doris,Thompson,5969
philip.robinson5@tak.nz,Philip,Robinson,5970
chloe.torres5@tak.nz,Chloe,Torres,5971
craig.baker5@tak.nz,Craig,Baker,5972
ellie.gomez5@tak.nz,Ellie,Gomez,5973
robert.edwards5@tak.nz,Robert,Edwards,5974
barbara.cook5@tak.nz,Barbara,Cook,5975
charles.bailey5@tak.nz,Charles,Bailey,5976
margaret.ward5@tak.nz,Margaret,Ward,5977
steven.bennett5@tak.nz,Steven,Bennett,5978
michelle.castillo5@tak.nz,Michelle,Castillo,5979
george.jimenez5@tak.nz,George,Jimenez,5980
sharon.coleman5@tak.nz,Sharon,Coleman,5981
jacob.simmons5@tak.nz,Jacob,Simmons,5982
helen.reynolds5@tak.nz,Helen,Reynolds,5983
justin.chapman5@tak.nz,Justin,Chapman,5984
katherine.marshall5@tak.nz,Katherine,Marshall,5985
frank.warren5@tak.nz,Frank,Warren,5986
ruth.larsen5@tak.nz,Ruth,Larsen,5987
aaron.cameron5@tak.nz,Aaron,Cameron,5988
victoria.grant5@tak.nz,Victoria,Grant,5989
peter.chambers5@tak.nz,Peter,Chambers,5990
judith.nolan5@tak.nz,Judith,Nolan,5991
keith.lawson5@tak.nz,Keith,Lawson,5992
gloria.blackwood5@tak.nz,Gloria,Blackwood,5993
harold.sutherland5@tak.nz,Harold,Sutherland,5994
judy.jones5@tak.nz,Judy,Jones,5995
billy.lopez5@tak.nz,Billy,Lopez,5996
danielle.jackson5@tak.nz,Danielle,Jackson,5997
albert.sanchez5@tak.nz,Albert,Sanchez,5998
lori.allen5@tak.nz,Lori,Allen,5999
roy.flores5@tak.nz,Roy,Flores,6000
erin.campbell5@tak.nz,Erin,Campbell,6001
curtis.turner5@tak.nz,Curtis,Turner,6002
bethany.stewart5@tak.nz,Bethany,Stewart,6003
fred.ortiz5@tak.nz,Fred,Ortiz,6004
mary.howard5@tak.nz,Mary,Howard,6005
william.brooks5@tak.nz,William,Brooks,6006
jessica.ruiz5@tak.nz,Jessica,Ruiz,6007
daniel.myers5@tak.nz,Daniel,Myers,6008
sandra.perry5@tak.nz,Sandra,Perry,6009
andrew.barnes5@tak.nz,Andrew,Barnes,6010
amanda.patterson5@tak.nz,Amanda,Patterson,6011
ronald.moreno5@tak.nz,Ronald,Moreno,6012
cynthia.ellis5@tak.nz,Cynthia,Ellis,6013
nicholas.harrison5@tak.nz,Nicholas,Harrison,6014
brenda.simpson5@tak.nz,Brenda,Simpson,6015
brandon.pedersen5@tak.nz,Brandon,Pedersen,6016
debra.ferguson5@tak.nz,Debra,Ferguson,6017
raymond.marsh5@tak.nz,Raymond,Marsh,6018
heather.boyd5@tak.nz,Heather,Boyd,6019
adam.palmer5@tak.nz,Adam,Palmer,6020
kelly.burton5@tak.nz,Kelly,Burton,6021
ethan.radley5@tak.nz,Ethan,Radley,6022
andrea.smith5@tak.nz,Andrea,Smith,6023
terry.davis5@tak.nz,Terry,Davis,6024
sara.anderson5@tak.nz,Sara,Anderson,6025
arthur.perez5@tak.nz,Arthur,Perez,6026
madison.lewis5@tak.nz,Madison,Lewis,6027
gabriel.scott5@tak.nz,Gabriel,Scott,6028
brittany.nelson5@tak.nz,Brittany,Nelson,6029
elijah.roberts5@tak.nz,Elijah,Roberts,6030
tiffany.cruz5@tak.nz,Tiffany,Cruz,6031
bobby.murphy5@tak.nz,Bobby,Murphy,6032
sophia.peterson5@tak.nz,Sophia,Peterson,6033
jimmy.cox5@tak.nz,Jimmy,Cox,6034
leah.james5@tak.nz,Leah,James,6035
chad.alvarez5@tak.nz,Chad,Alvarez,6036
jennifer.foster5@tak.nz,Jennifer,Foster,6037
richard.bell5@tak.nz,Richard,Bell,6038
karen.vasquez5@tak.nz,Karen,Vasquez,6039
anthony.graham5@tak.nz,Anthony,Graham,6040
kimberly.hayes5@tak.nz,Kimberly,Hayes,6041
kenneth.ford5@tak.nz,Kenneth,Ford,6042
deborah.wells5@tak.nz,Deborah,Wells,6043
jason.berg5@tak.nz,Jason,Berg,6044
amy.fraser5@tak.nz,Amy,Fraser,6045
jonathan.douglas5@tak.nz,Jonathan,Douglas,6046
nicole.harvey5@tak.nz,Nicole,Harvey,6047
samuel.hunt5@tak.nz,Samuel,Hunt,6048
catherine.franklin5@tak.nz,Catherine,Franklin,6049
dennis.whitfield5@tak.nz,Dennis,Whitfield,6050
virginia.redmond5@tak.nz,Virginia,Redmond,6051
henry.brown5@tak.nz,Henry,Brown,6052
lauren.hernandez5@tak.nz,Lauren,Hernandez,6053
noah.moore5@tak.nz,Noah,Moore,6054
hannah.harris5@tak.nz,Hannah,Harris,6055
sean.young5@tak.nz,Sean,Young,6056
marie.hill5@tak.nz,Marie,Hill,6057
jordan.rivera5@tak.nz,Jordan,Rivera,6058
denise.evans5@tak.nz,Denise,Evans,6059
logan.reyes5@tak.nz,Logan,Reyes,6060
abigail.gutierrez5@tak.nz,Abigail,Gutierrez,6061
randy.kelly5@tak.nz,Randy,Kelly,6062
alice.watson5@tak.nz,Alice,Watson,6063
bradley.mendoza5@tak.nz,Bradley,Mendoza,6064
renee.patel5@tak.nz,Renee,Patel,6065
todd.jenkins5@tak.nz,Todd,Jenkins,6066
tara.henderson5@tak.nz,Tara,Henderson,6067
john.jordan5@tak.nz,John,Jordan,6068
elizabeth.wallace5@tak.nz,Elizabeth,Wallace,6069
thomas.bryant5@tak.nz,Thomas,Bryant,6070
lisa.mcdonald5@tak.nz,Lisa,McDonald,6071
donald.webb5@tak.nz,Donald,Webb,6072
donna.andersen5@tak.nz,Donna,Andersen,6073
brian.macdonald5@tak.nz,Brian,MacDonald,6074
rebecca.bishop5@tak.nz,Rebecca,Bishop,6075
ryan.holt5@tak.nz,Ryan,Holt,6076
angela.curtis5@tak.nz,Angela,Curtis,6077
larry.manning5@tak.nz,Larry,Manning,6078
samantha.kingsley5@tak.nz,Samantha,Kingsley,6079
alexander.ashford5@tak.nz,Alexander,Ashford,6080
janet.miller5@tak.nz,Janet,Miller,6081
tyler.wilson5@tak.nz,Tyler,Wilson,6082
joyce.lee5@tak.nz,Joyce,Lee,6083
douglas.ramirez5@tak.nz,Douglas,Ramirez,6084
evelyn.wright5@tak.nz,Evelyn,Wright,6085
christian.adams5@tak.nz,Christian,Adams,6086
martha.carter5@tak.nz,Martha,Carter,6087
carl.parker5@tak.nz,Carl,Parker,6088
grace.morales5@tak.nz,Grace,Morales,6089
bryan.cooper5@tak.nz,Bryan,Cooper,6090
amber.kim5@tak.nz,Amber,Kim,6091
juan.wood5@tak.nz,Juan,Wood,6092
jane.price5@tak.nz,Jane,Price,6093
mason.ross5@tak.nz,Mason,Ross,6094
gina.sullivan5@tak.nz,Gina,Sullivan,6095
eugene.fisher5@tak.nz,Eugene,Fisher,6096
charlotte.hamilton5@tak.nz,Charlotte,Hamilton,6097
alexis.cole5@tak.nz,Alexis,Cole,6098
priscilla.murray5@tak.nz,Priscilla,Murray,6099
michael.kennedy5@tak.nz,Michael,Kennedy,6100
susan.christensen5@tak.nz,Susan,Christensen,6101
christopher.erikson5@tak.nz,Christopher,Erikson,6102
betty.sinclair5@tak.nz,Betty,Sinclair,6103
paul.barker5@tak.nz,Paul,Barker,6104
carol.dixon5@tak.nz,Carol,Dixon,6105
timothy.gardner5@tak.nz,Timothy,Gardner,6106
laura.chapman5@tak.nz,Laura,Chapman,6107
gary.delaney5@tak.nz,Gary,Delaney,6108
anna.williams5@tak.nz,Anna,Williams,6109
scott.martinez5@tak.nz,Scott,Martinez,6110
christine.taylor5@tak.nz,Christine,Taylor,6111
patrick.white5@tak.nz,Patrick,White,6112
maria.walker5@tak.nz,Maria,Walker,6113
jose.nguyen5@tak.nz,Jose,Nguyen,6114
olivia.hall5@tak.nz,Olivia,Hall,6115
kyle.phillips5@tak.nz,Kyle,Phillips,6116
megan.collins5@tak.nz,Megan,Collins,6117
roger.rogers5@tak.nz,Roger,Rogers,6118
teresa.reed5@tak.nz,Teresa,Reed,6119
dylan.richardson5@tak.nz,Dylan,Richardson,6120
theresa.gray5@tak.nz,Theresa,Gray,6121
bruce.sanders5@tak.nz,Bruce,Sanders,6122
rose.powell5@tak.nz,Rose,Powell,6123
willie.butler5@tak.nz,Willie,Butler,6124
alexis.romero5@tak.nz,Alexis,Romero,6125
ralph.griffin5@tak.nz,Ralph,Griffin,6126
isabella.gibson5@tak.nz,Isabella,Gibson,6127
louis.owens5@tak.nz,Louis,Owens,6128
jasmine.fernandez5@tak.nz,Jasmine,Fernandez,6129
marcus.hansen5@tak.nz,Marcus,Hansen,6130
patricia.stewart5@tak.nz,Patricia,Stewart,6131
david.henderson5@tak.nz,David,Henderson,6132
sarah.newton5@tak.nz,Sarah,Newton,6133
matthew.barrett5@tak.nz,Matthew,Barrett,6134
ashley.todd5@tak.nz,Ashley,Todd,6135
joshua.ashworth5@tak.nz,Joshua,Ashworth,6136
melissa.blackburn5@tak.nz,Melissa,Blackburn,6137
edward.garcia5@tak.nz,Edward,Garcia,6138
kathleen.gonzalez5@tak.nz,Kathleen,Gonzalez,6139
eric.martin5@tak.nz,Eric,Martin,6140
pamela.clark5@tak.nz,Pamela,Clark,6141
benjamin.king5@tak.nz,Benjamin,King,6142
rachel.green5@tak.nz,Rachel,Green,6143
jack.mitchell5@tak.nz,Jack,Mitchell,6144
diane.diaz5@tak.nz,Diane,Diaz,6145
nathan.morris5@tak.nz,Nathan,Morris,6146
christina.morgan5@tak.nz,Christina,Morgan,6147
walter.ramos5@tak.nz,Walter,Ramos,6148
cheryl.chavez5@tak.nz,Cheryl,Chavez,6149
austin.hughes5@tak.nz,Austin,Hughes,6150
janice.long5@tak.nz,Janice,Long,6151
lawrence.russell5@tak.nz,Lawrence,Russell,6152
beverly.gonzales5@tak.nz,Beverly,Gonzales,6153
joe.alexander5@tak.nz,Joe,Alexander,6154
diana.west5@tak.nz,Diana,West,6155
wayne.stevens5@tak.nz,Wayne,Stevens,6156
kayla.ruiz5@tak.nz,Kayla,Ruiz,6157
russell.stevenson5@tak.nz,Russell,Stevenson,6158
ava.olsen5@tak.nz,Ava,Olsen,6159
lee.duncan5@tak.nz,Lee,Duncan,6160
kylie.fletcher5@tak.nz,Kylie,Fletcher,6161
james.pearce5@tak.nz,James,Pearce,6162
linda.osborne5@tak.nz,Linda,Osborne,6163
joseph.kirk5@tak.nz,Joseph,Kirk,6164
nancy.winslow5@tak.nz,Nancy,Winslow,6165
mark.johnson5@tak.nz,Mark,Johnson,6166
emily.rodriguez5@tak.nz,Emily,Rodriguez,6167
kevin.thomas5@tak.nz,Kevin,Thomas,6168
stephanie.thompson5@tak.nz,Stephanie,Thompson,6169
jeffrey.robinson5@tak.nz,Jeffrey,Robinson,6170
shirley.torres5@tak.nz,Shirley,Torres,6171
stephen.baker5@tak.nz,Stephen,Baker,6172
emma.gomez5@tak.nz,Emma,Gomez,6173
gregory.edwards5@tak.nz,Gregory,Edwards,6174
carolyn.cook5@tak.nz,Carolyn,Cook,6175
jerry.bailey5@tak.nz,Jerry,Bailey,6176
julie.ward5@tak.nz,Julie,Ward,6177
zachary.bennett5@tak.nz,Zachary,Bennett,6178
joan.castillo5@tak.nz,Joan,Castillo,6179
jeremy.jimenez5@tak.nz,Jeremy,Jimenez,6180
jacqueline.coleman5@tak.nz,Jacqueline,Coleman,6181
gerald.simmons5@tak.nz,Gerald,Simmons,6182
julia.reynolds5@tak.nz,Julia,Reynolds,6183
jesse.chapman5@tak.nz,Jesse,Chapman,6184
marilyn.marshall5@tak.nz,Marilyn,Marshall,6185
alan.warren5@tak.nz,Alan,Warren,6186
natalie.larsen5@tak.nz,Natalie,Larsen,6187
vincent.cameron5@tak.nz,Vincent,Cameron,6188
doris.grant5@tak.nz,Doris,Grant,6189
philip.chambers5@tak.nz,Philip,Chambers,6190
chloe.nolan5@tak.nz,Chloe,Nolan,6191
craig.lawson5@tak.nz,Craig,Lawson,6192
ellie.blackwood5@tak.nz,Ellie,Blackwood,6193
robert.sutherland5@tak.nz,Robert,Sutherland,6194
barbara.jones5@tak.nz,Barbara,Jones,6195
charles.lopez5@tak.nz,Charles,Lopez,6196
margaret.jackson5@tak.nz,Margaret,Jackson,6197
steven.sanchez5@tak.nz,Steven,Sanchez,6198
michelle.allen5@tak.nz,Michelle,Allen,6199
george.flores5@tak.nz,George,Flores,6200
sharon.campbell5@tak.nz,Sharon,Campbell,6201
jacob.turner5@tak.nz,Jacob,Turner,6202
helen.stewart5@tak.nz,Helen,Stewart,6203
justin.ortiz5@tak.nz,Justin,Ortiz,6204
katherine.howard5@tak.nz,Katherine,Howard,6205
frank.brooks5@tak.nz,Frank,Brooks,6206
ruth.ruiz5@tak.nz,Ruth,Ruiz,6207
aaron.myers5@tak.nz,Aaron,Myers,6208
victoria.perry5@tak.nz,Victoria,Perry,6209
peter.barnes5@tak.nz,Peter,Barnes,6210
judith.patterson5@tak.nz,Judith,Patterson,6211
keith.moreno5@tak.nz,Keith,Moreno,6212
gloria.ellis5@tak.nz,Gloria,Ellis,6213
harold.harrison5@tak.nz,Harold,Harrison,6214
judy.simpson5@tak.nz,Judy,Simpson,6215
billy.pedersen5@tak.nz,Billy,Pedersen,6216
danielle.ferguson5@tak.nz,Danielle,Ferguson,6217
albert.marsh5@tak.nz,Albert,Marsh,6218
lori.boyd5@tak.nz,Lori,Boyd,6219
roy.palmer5@tak.nz,Roy,Palmer,6220
erin.burton5@tak.nz,Erin,Burton,6221
curtis.radley5@tak.nz,Curtis,Radley,6222
bethany.smith5@tak.nz,Bethany,Smith,6223
fred.davis5@tak.nz,Fred,Davis,6224
mary.anderson5@tak.nz,Mary,Anderson,6225
william.perez5@tak.nz,William,Perez,6226
jessica.lewis5@tak.nz,Jessica,Lewis,6227
daniel.scott5@tak.nz,Daniel,Scott,6228
sandra.nelson5@tak.nz,Sandra,Nelson,6229
andrew.roberts5@tak.nz,Andrew,Roberts,6230
amanda.cruz5@tak.nz,Amanda,Cruz,6231
ronald.murphy5@tak.nz,Ronald,Murphy,6232
cynthia.peterson5@tak.nz,Cynthia,Peterson,6233
nicholas.cox5@tak.nz,Nicholas,Cox,6234
brenda.james5@tak.nz,Brenda,James,6235
brandon.alvarez5@tak.nz,Brandon,Alvarez,6236
debra.foster5@tak.nz,Debra,Foster,6237
raymond.bell5@tak.nz,Raymond,Bell,6238
heather.vasquez5@tak.nz,Heather,Vasquez,6239
adam.graham5@tak.nz,Adam,Graham,6240
kelly.hayes5@tak.nz,Kelly,Hayes,6241
ethan.ford5@tak.nz,Ethan,Ford,6242
andrea.wells5@tak.nz,Andrea,Wells,6243
terry.berg5@tak.nz,Terry,Berg,6244
sara.fraser5@tak.nz,Sara,Fraser,6245
arthur.douglas5@tak.nz,Arthur,Douglas,6246
madison.harvey5@tak.nz,Madison,Harvey,6247
gabriel.hunt5@tak.nz,Gabriel,Hunt,6248
brittany.franklin5@tak.nz,Brittany,Franklin,6249
elijah.whitfield5@tak.nz,Elijah,Whitfield,6250
tiffany.redmond5@tak.nz,Tiffany,Redmond,6251
bobby.brown5@tak.nz,Bobby,Brown,6252
sophia.hernandez5@tak.nz,Sophia,Hernandez,6253
jimmy.moore5@tak.nz,Jimmy,Moore,6254
leah.harris5@tak.nz,Leah,Harris,6255
chad.young5@tak.nz,Chad,Young,6256
jennifer.hill5@tak.nz,Jennifer,Hill,6257
richard.rivera5@tak.nz,Richard,Rivera,6258
karen.evans5@tak.nz,Karen,Evans,6259
anthony.reyes5@tak.nz,Anthony,Reyes,6260
kimberly.gutierrez5@tak.nz,Kimberly,Gutierrez,6261
kenneth.kelly5@tak.nz,Kenneth,Kelly,6262
deborah.watson5@tak.nz,Deborah,Watson,6263
jason.mendoza5@tak.nz,Jason,Mendoza,6264
amy.patel5@tak.nz,Amy,Patel,6265
jonathan.jenkins5@tak.nz,Jonathan,Jenkins,6266
nicole.henderson5@tak.nz,Nicole,Henderson,6267
samuel.jordan5@tak.nz,Samuel,Jordan,6268
catherine.wallace5@tak.nz,Catherine,Wallace,6269
dennis.bryant5@tak.nz,Dennis,Bryant,6270
virginia.mcdonald5@tak.nz,Virginia,McDonald,6271
henry.webb5@tak.nz,Henry,Webb,6272
lauren.andersen5@tak.nz,Lauren,Andersen,6273
noah.macdonald5@tak.nz,Noah,MacDonald,6274
hannah.bishop5@tak.nz,Hannah,Bishop,6275
sean.holt5@tak.nz,Sean,Holt,6276
marie.curtis5@tak.nz,Marie,Curtis,6277
jordan.manning5@tak.nz,Jordan,Manning,6278
denise.kingsley5@tak.nz,Denise,Kingsley,6279
logan.ashford5@tak.nz,Logan,Ashford,6280
abigail.miller5@tak.nz,Abigail,Miller,6281
randy.wilson5@tak.nz,Randy,Wilson,6282
alice.lee5@tak.nz,Alice,Lee,6283
bradley.ramirez5@tak.nz,Bradley,Ramirez,6284
renee.wright5@tak.nz,Renee,Wright,6285
todd.adams5@tak.nz,Todd,Adams,6286
tara.carter5@tak.nz,Tara,Carter,6287
john.parker5@tak.nz,John,Parker,6288
elizabeth.morales5@tak.nz,Elizabeth,Morales,6289
thomas.cooper5@tak.nz,Thomas,Cooper,6290
lisa.kim5@tak.nz,Lisa,Kim,6291
donald.wood5@tak.nz,Donald,Wood,6292
donna.price5@tak.nz,Donna,Price,6293
brian.ross5@tak.nz,Brian,Ross,6294
rebecca.sullivan5@tak.nz,Rebecca,Sullivan,6295
ryan.fisher5@tak.nz,Ryan,Fisher,6296
angela.hamilton5@tak.nz,Angela,Hamilton,6297
larry.cole5@tak.nz,Larry,Cole,6298
samantha.murray5@tak.nz,Samantha,Murray,6299
alexander.kennedy5@tak.nz,Alexander,Kennedy,6300
janet.christensen5@tak.nz,Janet,Christensen,6301
tyler.erikson5@tak.nz,Tyler,Erikson,6302
joyce.sinclair5@tak.nz,Joyce,Sinclair,6303
douglas.barker5@tak.nz,Douglas,Barker,6304
evelyn.dixon5@tak.nz,Evelyn,Dixon,6305
christian.gardner5@tak.nz,Christian,Gardner,6306
martha.chapman5@tak.nz,Martha,Chapman,6307
carl.delaney5@tak.nz,Carl,Delaney,6308
grace.williams5@tak.nz,Grace,Williams,6309
bryan.martinez5@tak.nz,Bryan,Martinez,6310
amber.taylor5@tak.nz,Amber,Taylor,6311
juan.white5@tak.nz,Juan,White,6312
jane.walker5@tak.nz,Jane,Walker,6313
mason.nguyen5@tak.nz,Mason,Nguyen,6314
gina.hall5@tak.nz,Gina,Hall,6315
eugene.phillips5@tak.nz,Eugene,Phillips,6316
charlotte.collins5@tak.nz,Charlotte,Collins,6317
alexis.rogers5@tak.nz,Alexis,Rogers,6318
priscilla.reed5@tak.nz,Priscilla,Reed,6319
michael.richardson5@tak.nz,Michael,Richardson,6320
susan.gray5@tak.nz,Susan,Gray,6321
christopher.sanders5@tak.nz,Christopher,Sanders,6322
betty.powell5@tak.nz,Betty,Powell,6323
paul.butler5@tak.nz,Paul,Butler,6324
carol.romero5@tak.nz,Carol,Romero,6325
timothy.griffin5@tak.nz,Timothy,Griffin,6326
laura.gibson5@tak.nz,Laura,Gibson,6327
gary.owens5@tak.nz,Gary,Owens,6328
anna.fernandez5@tak.nz,Anna,Fernandez,6329
scott.hansen5@tak.nz,Scott,Hansen,6330
christine.stewart5@tak.nz,Christine,Stewart,6331
patrick.henderson5@tak.nz,Patrick,Henderson,6332
maria.newton5@tak.nz,Maria,Newton,6333
jose.barrett5@tak.nz,Jose,Barrett,6334
olivia.todd5@tak.nz,Olivia,Todd,6335
kyle.ashworth5@tak.nz,Kyle,Ashworth,6336
megan.blackburn5@tak.nz,Megan,Blackburn,6337
roger.garcia5@tak.nz,Roger,Garcia,6338
teresa.gonzalez5@tak.nz,Teresa,Gonzalez,6339
dylan.martin5@tak.nz,Dylan,Martin,6340
theresa.clark5@tak.nz,Theresa,Clark,6341
bruce.king5@tak.nz,Bruce,King,6342
rose.green5@tak.nz,Rose,Green,6343
willie.mitchell5@tak.nz,Willie,Mitchell,6344
alexis.diaz5@tak.nz,Alexis,Diaz,6345
ralph.morris5@tak.nz,Ralph,Morris,6346
isabella.morgan5@tak.nz,Isabella,Morgan,6347
louis.ramos5@tak.nz,Louis,Ramos,6348
jasmine.chavez5@tak.nz,Jasmine,Chavez,6349
marcus.hughes5@tak.nz,Marcus,Hughes,6350
patricia.long5@tak.nz,Patricia,Long,6351
david.russell5@tak.nz,David,Russell,6352
sarah.gonzales5@tak.nz,Sarah,Gonzales,6353
matthew.alexander5@tak.nz,Matthew,Alexander,6354
ashley.west5@tak.nz,Ashley,West,6355
joshua.stevens5@tak.nz,Joshua,Stevens,6356
melissa.ruiz5@tak.nz,Melissa,Ruiz,6357
edward.stevenson5@tak.nz,Edward,Stevenson,6358
kathleen.olsen5@tak.nz,Kathleen,Olsen,6359
eric.duncan5@tak.nz,Eric,Duncan,6360
pamela.fletcher5@tak.nz,Pamela,Fletcher,6361
benjamin.pearce5@tak.nz,Benjamin,Pearce,6362
rachel.osborne5@tak.nz,Rachel,Osborne,6363
jack.kirk5@tak.nz,Jack,Kirk,6364
diane.winslow5@tak.nz,Diane,Winslow,6365
nathan.johnson5@tak.nz,Nathan,Johnson,6366
christina.rodriguez5@tak.nz,Christina,Rodriguez,6367
walter.thomas5@tak.nz,Walter,Thomas,6368
cheryl.thompson5@tak.nz,Cheryl,Thompson,6369
austin.robinson5@tak.nz,Austin,Robinson,6370
janice.torres5@tak.nz,Janice,Torres,6371
lawrence.baker5@tak.nz,Lawrence,Baker,6372
beverly.gomez5@tak.nz,Beverly,Gomez,6373
joe.edwards5@tak.nz,Joe,Edwards,6374
diana.cook5@tak.nz,Diana,Cook,6375
wayne.bailey5@tak.nz,Wayne,Bailey,6376
kayla.ward5@tak.nz,Kayla,Ward,6377
russell.bennett5@tak.nz,Russell,Bennett,6378
ava.castillo5@tak.nz,Ava,Castillo,6379
lee.jimenez5@tak.nz,Lee,Jimenez,6380
kylie.coleman5@tak.nz,Kylie,Coleman,6381
james.simmons5@tak.nz,James,Simmons,6382
linda.reynolds5@tak.nz,Linda,Reynolds,6383
joseph.chapman5@tak.nz,Joseph,Chapman,6384
nancy.marshall5@tak.nz,Nancy,Marshall,6385
mark.warren5@tak.nz,Mark,Warren,6386
emily.larsen5@tak.nz,Emily,Larsen,6387
kevin.cameron5@tak.nz,Kevin,Cameron,6388
stephanie.grant5@tak.nz,Stephanie,Grant,6389
jeffrey.chambers5@tak.nz,Jeffrey,Chambers,6390
shirley.nolan5@tak.nz,Shirley,Nolan,6391
stephen.lawson5@tak.nz,Stephen,Lawson,6392
emma.blackwood5@tak.nz,Emma,Blackwood,6393
gregory.sutherland5@tak.nz,Gregory,Sutherland,6394
carolyn.jones5@tak.nz,Carolyn,Jones,6395
jerry.lopez5@tak.nz,Jerry,Lopez,6396
julie.jackson5@tak.nz,Julie,Jackson,6397
zachary.sanchez5@tak.nz,Zachary,Sanchez,6398
joan.allen5@tak.nz,Joan,Allen,6399
jeremy.flores5@tak.nz,Jeremy,Flores,6400
jacqueline.campbell5@tak.nz,Jacqueline,Campbell,6401
gerald.turner5@tak.nz,Gerald,Turner,6402
julia.stewart5@tak.nz,Julia,Stewart,6403
jesse.ortiz5@tak.nz,Jesse,Ortiz,6404
marilyn.howard5@tak.nz,Marilyn,Howard,6405
alan.brooks5@tak.nz,Alan,Brooks,6406
natalie.ruiz5@tak.nz,Natalie,Ruiz,6407
vincent.myers5@tak.nz,Vincent,Myers,6408
doris.perry5@tak.nz,Doris,Perry,6409
philip.barnes5@tak.nz,Philip,Barnes,6410
chloe.patterson5@tak.nz,Chloe,Patterson,6411
craig.moreno5@tak.nz,Craig,Moreno,6412
ellie.ellis5@tak.nz,Ellie,Ellis,6413
robert.harrison5@tak.nz,Robert,Harrison,6414
barbara.simpson5@tak.nz,Barbara,Simpson,6415
charles.pedersen5@tak.nz,Charles,Pedersen,6416
margaret.ferguson5@tak.nz,Margaret,Ferguson,6417
steven.marsh5@tak.nz,Steven,Marsh,6418
michelle.boyd5@tak.nz,Michelle,Boyd,6419
george.palmer5@tak.nz,George,Palmer,6420
sharon.burton5@tak.nz,Sharon,Burton,5781
jacob.radley5@tak.nz,Jacob,Radley,5782
helen.smith5@tak.nz,Helen,Smith,5783
justin.davis5@tak.nz,Justin,Davis,5784
katherine.anderson5@tak.nz,Katherine,Anderson,5785
frank.perez5@tak.nz,Frank,Perez,5786
ruth.lewis5@tak.nz,Ruth,Lewis,5787
aaron.scott5@tak.nz,Aaron,Scott,5788
victoria.nelson5@tak.nz,Victoria,Nelson,5789
peter.roberts5@tak.nz,Peter,Roberts,5790
judith.cruz5@tak.nz,Judith,Cruz,5791
keith.murphy5@tak.nz,Keith,Murphy,5792
gloria.peterson5@tak.nz,Gloria,Peterson,5793
harold.cox5@tak.nz,Harold,Cox,5794
judy.james5@tak.nz,Judy,James,5795
billy.alvarez5@tak.nz,Billy,Alvarez,5796
danielle.foster5@tak.nz,Danielle,Foster,5797
albert.bell5@tak.nz,Albert,Bell,5798
lori.vasquez5@tak.nz,Lori,Vasquez,5799
roy.graham5@tak.nz,Roy,Graham,5800
erin.hayes5@tak.nz,Erin,Hayes,5801
curtis.ford5@tak.nz,Curtis,Ford,5802
bethany.wells5@tak.nz,Bethany,Wells,5803
fred.berg5@tak.nz,Fred,Berg,5804
mary.fraser5@tak.nz,Mary,Fraser,5805
william.douglas5@tak.nz,William,Douglas,5806
jessica.harvey5@tak.nz,Jessica,Harvey,5807
daniel.hunt5@tak.nz,Daniel,Hunt,5808
sandra.franklin5@tak.nz,Sandra,Franklin,5809
andrew.whitfield5@tak.nz,Andrew,Whitfield,5810
amanda.redmond5@tak.nz,Amanda,Redmond,5811
ronald.brown5@tak.nz,Ronald,Brown,5812
cynthia.hernandez5@tak.nz,Cynthia,Hernandez,5813
nicholas.moore5@tak.nz,Nicholas,Moore,5814
brenda.harris5@tak.nz,Brenda,Harris,5815
brandon.young5@tak.nz,Brandon,Young,5816
debra.hill5@tak.nz,Debra,Hill,5817
raymond.rivera5@tak.nz,Raymond,Rivera,5818
heather.evans5@tak.nz,Heather,Evans,5819
adam.reyes5@tak.nz,Adam,Reyes,5820
kelly.gutierrez5@tak.nz,Kelly,Gutierrez,5821
ethan.kelly5@tak.nz,Ethan,Kelly,5822
andrea.watson5@tak.nz,Andrea,Watson,5823
terry.mendoza5@tak.nz,Terry,Mendoza,5824
sara.patel5@tak.nz,Sara,Patel,5825
arthur.jenkins5@tak.nz,Arthur,Jenkins,5826
madison.henderson5@tak.nz,Madison,Henderson,5827
gabriel.jordan5@tak.nz,Gabriel,Jordan,5828
brittany.wallace5@tak.nz,Brittany,Wallace,5829
elijah.bryant5@tak.nz,Elijah,Bryant,5830
tiffany.mcdonald5@tak.nz,Tiffany,McDonald,5831
bobby.webb5@tak.nz,Bobby,Webb,5832
sophia.andersen5@tak.nz,Sophia,Andersen,5833
jimmy.macdonald5@tak.nz,Jimmy,MacDonald,5834
leah.bishop5@tak.nz,Leah,Bishop,5835
chad.holt5@tak.nz,Chad,Holt,5836
jennifer.curtis5@tak.nz,Jennifer,Curtis,5837
richard.manning5@tak.nz,Richard,Manning,5838
karen.kingsley5@tak.nz,Karen,Kingsley,5839
anthony.ashford5@tak.nz,Anthony,Ashford,5840
kimberly.miller5@tak.nz,Kimberly,Miller,5841
kenneth.wilson5@tak.nz,Kenneth,Wilson,5842
deborah.lee5@tak.nz,Deborah,Lee,5843
jason.ramirez5@tak.nz,Jason,Ramirez,5844
amy.wright5@tak.nz,Amy,Wright,5845
jonathan.adams5@tak.nz,Jonathan,Adams,5846
nicole.carter5@tak.nz,Nicole,Carter,5847
samuel.parker5@tak.nz,Samuel,Parker,5848
catherine.morales5@tak.nz,Catherine,Morales,5849
dennis.cooper5@tak.nz,Dennis,Cooper,5850
virginia.kim5@tak.nz,Virginia,Kim,5851
henry.wood5@tak.nz,Henry,Wood,5852
lauren.price5@tak.nz,Lauren,Price,5853
noah.ross5@tak.nz,Noah,Ross,5854
hannah.sullivan5@tak.nz,Hannah,Sullivan,5855
sean.fisher5@tak.nz,Sean,Fisher,5856
marie.hamilton5@tak.nz,Marie,Hamilton,5857
jordan.cole5@tak.nz,Jordan,Cole,5858
denise.murray5@tak.nz,Denise,Murray,5859
logan.kennedy5@tak.nz,Logan,Kennedy,5860
abigail.christensen5@tak.nz,Abigail,Christensen,5861
randy.erikson5@tak.nz,Randy,Erikson,5862
alice.sinclair5@tak.nz,Alice,Sinclair,5863
bradley.barker5@tak.nz,Bradley,Barker,5864
renee.dixon5@tak.nz,Renee,Dixon,5865
todd.gardner5@tak.nz,Todd,Gardner,5866
tara.chapman5@tak.nz,Tara,Chapman,5867
john.delaney5@tak.nz,John,Delaney,5868
elizabeth.williams5@tak.nz,Elizabeth,Williams,5869
thomas.martinez5@tak.nz,Thomas,Martinez,5870
lisa.taylor5@tak.nz,Lisa,Taylor,5871
donald.white5@tak.nz,Donald,White,5872
donna.walker5@tak.nz,Donna,Walker,5873
brian.nguyen5@tak.nz,Brian,Nguyen,5874
rebecca.hall5@tak.nz,Rebecca,Hall,5875
ryan.phillips5@tak.nz,Ryan,Phillips,5876
angela.collins5@tak.nz,Angela,Collins,5877
larry.rogers5@tak.nz,Larry,Rogers,5878
samantha.reed5@tak.nz,Samantha,Reed,5879
alexander.richardson5@tak.nz,Alexander,Richardson,5880
janet.gray5@tak.nz,Janet,Gray,5881
tyler.sanders5@tak.nz,Tyler,Sanders,5882
joyce.powell5@tak.nz,Joyce,Powell,5883
douglas.butler5@tak.nz,Douglas,Butler,5884
evelyn.romero5@tak.nz,Evelyn,Romero,5885
christian.griffin5@tak.nz,Christian,Griffin,5886
martha.gibson5@tak.nz,Martha,Gibson,5887
carl.owens5@tak.nz,Carl,Owens,5888
grace.fernandez5@tak.nz,Grace,Fernandez,5889
bryan.hansen5@tak.nz,Bryan,Hansen,5890
amber.stewart5@tak.nz,Amber,Stewart,5891
juan.henderson5@tak.nz,Juan,Henderson,5892
jane.newton5@tak.nz,Jane,Newton,5893
mason.barrett5@tak.nz,Mason,Barrett,5894
gina.todd5@tak.nz,Gina,Todd,5895
eugene.ashworth5@tak.nz,Eugene,Ashworth,5896
charlotte.blackburn5@tak.nz,Charlotte,Blackburn,5897
alexis.garcia5@tak.nz,Alexis,Garcia,5898
priscilla.gonzalez5@tak.nz,Priscilla,Gonzalez,5899
michael.martin5@tak.nz,Michael,Martin,5900
susan.clark6@tak.nz,Susan,Clark,5901
christopher.king6@tak.nz,Christopher,King,5902
betty.green6@tak.nz,Betty,Green,5903
paul.mitchell6@tak.nz,Paul,Mitchell,5904
carol.diaz6@tak.nz,Carol,Diaz,5905
timothy.morris6@tak.nz,Timothy,Morris,5906
laura.morgan6@tak.nz,Laura,Morgan,5907
gary.ramos6@tak.nz,Gary,Ramos,5908
anna.chavez6@tak.nz,Anna,Chavez,5909
scott.hughes6@tak.nz,Scott,Hughes,5910
christine.long6@tak.nz,Christine,Long,5911
patrick.russell6@tak.nz,Patrick,Russell,5912
maria.gonzales6@tak.nz,Maria,Gonzales,5913
jose.alexander6@tak.nz,Jose,Alexander,5914
olivia.west6@tak.nz,Olivia,West,5915
kyle.stevens6@tak.nz,Kyle,Stevens,5916
megan.ruiz6@tak.nz,Megan,Ruiz,5917
roger.stevenson6@tak.nz,Roger,Stevenson,5918
teresa.olsen6@tak.nz,Teresa,Olsen,5919
dylan.duncan6@tak.nz,Dylan,Duncan,5920
theresa.fletcher6@tak.nz,Theresa,Fletcher,5921
bruce.pearce6@tak.nz,Bruce,Pearce,5922
rose.osborne6@tak.nz,Rose,Osborne,5923
willie.kirk6@tak.nz,Willie,Kirk,5924
alexis.winslow6@tak.nz,Alexis,Winslow,5925
ralph.johnson6@tak.nz,Ralph,Johnson,5926
isabella.rodriguez6@tak.nz,Isabella,Rodriguez,5927
louis.thomas6@tak.nz,Louis,Thomas,5928
jasmine.thompson6@tak.nz,Jasmine,Thompson,5929
marcus.robinson6@tak.nz,Marcus,Robinson,5930
patricia.torres6@tak.nz,Patricia,Torres,5931
david.baker6@tak.nz,David,Baker,5932
sarah.gomez6@tak.nz,Sarah,Gomez,5933
matthew.edwards6@tak.nz,Matthew,Edwards,5934
ashley.cook6@tak.nz,Ashley,Cook,5935
joshua.bailey6@tak.nz,Joshua,Bailey,5936
melissa.ward6@tak.nz,Melissa,Ward,5937
edward.bennett6@tak.nz,Edward,Bennett,5938
kathleen.castillo6@tak.nz,Kathleen,Castillo,5939
eric.jimenez6@tak.nz,Eric,Jimenez,5940
pamela.coleman6@tak.nz,Pamela,Coleman,5941
benjamin.simmons6@tak.nz,Benjamin,Simmons,5942
rachel.reynolds6@tak.nz,Rachel,Reynolds,5943
jack.chapman6@tak.nz,Jack,Chapman,5944
diane.marshall6@tak.nz,Diane,Marshall,5945
nathan.warren6@tak.nz,Nathan,Warren,5946
christina.larsen6@tak.nz,Christina,Larsen,5947
walter.cameron6@tak.nz,Walter,Cameron,5948
cheryl.grant6@tak.nz,Cheryl,Grant,5949
austin.chambers6@tak.nz,Austin,Chambers,5950
janice.nolan6@tak.nz,Janice,Nolan,5951
lawrence.lawson6@tak.nz,Lawrence,Lawson,5952
beverly.blackwood6@tak.nz,Beverly,Blackwood,5953
joe.sutherland6@tak.nz,Joe,Sutherland,5954
diana.jones6@tak.nz,Diana,Jones,5955
wayne.lopez6@tak.nz,Wayne,Lopez,5956
kayla.jackson6@tak.nz,Kayla,Jackson,5957
russell.sanchez6@tak.nz,Russell,Sanchez,5958
ava.allen6@tak.nz,Ava,Allen,5959
lee.flores6@tak.nz,Lee,Flores,5960
kylie.campbell6@tak.nz,Kylie,Campbell,5961
james.turner6@tak.nz,James,Turner,5962
linda.stewart6@tak.nz,Linda,Stewart,5963
joseph.ortiz6@tak.nz,Joseph,Ortiz,5964
nancy.howard6@tak.nz,Nancy,Howard,5965
mark.brooks6@tak.nz,Mark,Brooks,5966
emily.ruiz6@tak.nz,Emily,Ruiz,5967
kevin.myers6@tak.nz,Kevin,Myers,5968
stephanie.perry6@tak.nz,Stephanie,Perry,5969
jeffrey.barnes6@tak.nz,Jeffrey,Barnes,5970
shirley.patterson6@tak.nz,Shirley,Patterson,5971
stephen.moreno6@tak.nz,Stephen,Moreno,5972
emma.ellis6@tak.nz,Emma,Ellis,5973
gregory.harrison6@tak.nz,Gregory,Harrison,5974
carolyn.simpson6@tak.nz,Carolyn,Simpson,5975
jerry.pedersen6@tak.nz,Jerry,Pedersen,5976
julie.ferguson6@tak.nz,Julie,Ferguson,5977
zachary.marsh6@tak.nz,Zachary,Marsh,5978
joan.boyd6@tak.nz,Joan,Boyd,5979
jeremy.palmer6@tak.nz,Jeremy,Palmer,5980
jacqueline.burton6@tak.nz,Jacqueline,Burton,5981
gerald.radley6@tak.nz,Gerald,Radley,5982
julia.smith6@tak.nz,Julia,Smith,5983
jesse.davis6@tak.nz,Jesse,Davis,5984
marilyn.anderson6@tak.nz,Marilyn,Anderson,5985
alan.perez6@tak.nz,Alan,Perez,5986
natalie.lewis6@tak.nz,Natalie,Lewis,5987
vincent.scott6@tak.nz,Vincent,Scott,5988
doris.nelson6@tak.nz,Doris,Nelson,5989
philip.roberts6@tak.nz,Philip,Roberts,5990
chloe.cruz6@tak.nz,Chloe,Cruz,5991
craig.murphy6@tak.nz,Craig,Murphy,5992
ellie.peterson6@tak.nz,Ellie,Peterson,5993
robert.cox6@tak.nz,Robert,Cox,5994
barbara.james6@tak.nz,Barbara,James,5995
charles.alvarez6@tak.nz,Charles,Alvarez,5996
margaret.foster6@tak.nz,Margaret,Foster,5997
steven.bell6@tak.nz,Steven,Bell,5998
michelle.vasquez6@tak.nz,Michelle,Vasquez,5999
george.graham6@tak.nz,George,Graham,6000
sharon.hayes6@tak.nz,Sharon,Hayes,6001
jacob.ford6@tak.nz,Jacob,Ford,6002
helen.wells6@tak.nz,Helen,Wells,6003
justin.berg6@tak.nz,Justin,Berg,6004
katherine.fraser6@tak.nz,Katherine,Fraser,6005
frank.douglas6@tak.nz,Frank,Douglas,6006
ruth.harvey6@tak.nz,Ruth,Harvey,6007
aaron.hunt6@tak.nz,Aaron,Hunt,6008
victoria.franklin6@tak.nz,Victoria,Franklin,6009
peter.whitfield6@tak.nz,Peter,Whitfield,6010
judith.redmond6@tak.nz,Judith,Redmond,6011
keith.brown6@tak.nz,Keith,Brown,6012
gloria.hernandez6@tak.nz,Gloria,Hernandez,6013
harold.moore6@tak.nz,Harold,Moore,6014
judy.harris6@tak.nz,Judy,Harris,6015
billy.young6@tak.nz,Billy,Young,6016
danielle.hill6@tak.nz,Danielle,Hill,6017
albert.rivera6@tak.nz,Albert,Rivera,6018
lori.evans6@tak.nz,Lori,Evans,6019
roy.reyes6@tak.nz,Roy,Reyes,6020
erin.gutierrez6@tak.nz,Erin,Gutierrez,6021
curtis.kelly6@tak.nz,Curtis,Kelly,6022
bethany.watson6@tak.nz,Bethany,Watson,6023
fred.mendoza6@tak.nz,Fred,Mendoza,6024
mary.patel6@tak.nz,Mary,Patel,6025
william.jenkins6@tak.nz,William,Jenkins,6026
jessica.henderson6@tak.nz,Jessica,Henderson,6027
daniel.jordan6@tak.nz,Daniel,Jordan,6028
sandra.wallace6@tak.nz,Sandra,Wallace,6029
andrew.bryant6@tak.nz,Andrew,Bryant,6030
amanda.mcdonald6@tak.nz,Amanda,McDonald,6031
ronald.webb6@tak.nz,Ronald,Webb,6032
cynthia.andersen6@tak.nz,Cynthia,Andersen,6033
nicholas.macdonald6@tak.nz,Nicholas,MacDonald,6034
brenda.bishop6@tak.nz,Brenda,Bishop,6035
brandon.holt6@tak.nz,Brandon,Holt,6036
debra.curtis6@tak.nz,Debra,Curtis,6037
raymond.manning6@tak.nz,Raymond,Manning,6038
heather.kingsley6@tak.nz,Heather,Kingsley,6039
adam.ashford6@tak.nz,Adam,Ashford,6040
kelly.miller6@tak.nz,Kelly,Miller,6041
ethan.wilson6@tak.nz,Ethan,Wilson,6042
andrea.lee6@tak.nz,Andrea,Lee,6043
terry.ramirez6@tak.nz,Terry,Ramirez,6044
sara.wright6@tak.nz,Sara,Wright,6045
arthur.adams6@tak.nz,Arthur,Adams,6046
madison.carter6@tak.nz,Madison,Carter,6047
gabriel.parker6@tak.nz,Gabriel,Parker,6048
brittany.morales6@tak.nz,Brittany,Morales,6049
elijah.cooper6@tak.nz,Elijah,Cooper,6050
tiffany.kim6@tak.nz,Tiffany,Kim,6051
bobby.wood6@tak.nz,Bobby,Wood,6052
sophia.price6@tak.nz,Sophia,Price,6053
jimmy.ross6@tak.nz,Jimmy,Ross,6054
leah.sullivan6@tak.nz,Leah,Sullivan,6055
chad.fisher6@tak.nz,Chad,Fisher,6056
jennifer.hamilton6@tak.nz,Jennifer,Hamilton,6057
richard.cole6@tak.nz,Richard,Cole,6058
karen.murray6@tak.nz,Karen,Murray,6059
anthony.kennedy6@tak.nz,Anthony,Kennedy,6060
kimberly.christensen6@tak.nz,Kimberly,Christensen,6061
kenneth.erikson6@tak.nz,Kenneth,Erikson,6062
deborah.sinclair6@tak.nz,Deborah,Sinclair,6063
jason.barker6@tak.nz,Jason,Barker,6064
amy.dixon6@tak.nz,Amy,Dixon,6065
jonathan.gardner6@tak.nz,Jonathan,Gardner,6066
nicole.chapman6@tak.nz,Nicole,Chapman,6067
samuel.delaney6@tak.nz,Samuel,Delaney,6068
catherine.williams6@tak.nz,Catherine,Williams,6069
dennis.martinez6@tak.nz,Dennis,Martinez,6070
virginia.taylor6@tak.nz,Virginia,Taylor,6071
henry.white6@tak.nz,Henry,White,6072
lauren.walker6@tak.nz,Lauren,Walker,6073
noah.nguyen6@tak.nz,Noah,Nguyen,6074
hannah.hall6@tak.nz,Hannah,Hall,6075
sean.phillips6@tak.nz,Sean,Phillips,6076
marie.collins6@tak.nz,Marie,Collins,6077
jordan.rogers6@tak.nz,Jordan,Rogers,6078
denise.reed6@tak.nz,Denise,Reed,6079
logan.richardson6@tak.nz,Logan,Richardson,6080
abigail.gray6@tak.nz,Abigail,Gray,6081
randy.sanders6@tak.nz,Randy,Sanders,6082
alice.powell6@tak.nz,Alice,Powell,6083
bradley.butler6@tak.nz,Bradley,Butler,6084
renee.romero6@tak.nz,Renee,Romero,6085
todd.griffin6@tak.nz,Todd,Griffin,6086
tara.gibson6@tak.nz,Tara,Gibson,6087
john.owens6@tak.nz,John,Owens,6088
elizabeth.fernandez6@tak.nz,Elizabeth,Fernandez,6089
thomas.hansen6@tak.nz,Thomas,Hansen,6090
lisa.stewart6@tak.nz,Lisa,Stewart,6091
donald.henderson6@tak.nz,Donald,Henderson,6092
donna.newton6@tak.nz,Donna,Newton,6093
brian.barrett6@tak.nz,Brian,Barrett,6094
rebecca.todd6@tak.nz,Rebecca,Todd,6095
ryan.ashworth6@tak.nz,Ryan,Ashworth,6096
angela.blackburn6@tak.nz,Angela,Blackburn,6097
larry.garcia6@tak.nz,Larry,Garcia,6098
samantha.gonzalez6@tak.nz,Samantha,Gonzalez,6099
alexander.martin6@tak.nz,Alexander,Martin,6100
janet.clark6@tak.nz,Janet,Clark,6101
tyler.king6@tak.nz,Tyler,King,6102
joyce.green6@tak.nz,Joyce,Green,6103
douglas.mitchell6@tak.nz,Douglas,Mitchell,6104
evelyn.diaz6@tak.nz,Evelyn,Diaz,6105
christian.morris6@tak.nz,Christian,Morris,6106
martha.morgan6@tak.nz,Martha,Morgan,6107
carl.ramos6@tak.nz,Carl,Ramos,6108
grace.chavez6@tak.nz,Grace,Chavez,6109
bryan.hughes6@tak.nz,Bryan,Hughes,6110
amber.long6@tak.nz,Amber,Long,6111
juan.russell6@tak.nz,Juan,Russell,6112
jane.gonzales6@tak.nz,Jane,Gonzales,6113
mason.alexander6@tak.nz,Mason,Alexander,6114
gina.west6@tak.nz,Gina,West,6115
eugene.stevens6@tak.nz,Eugene,Stevens,6116
charlotte.ruiz6@tak.nz,Charlotte,Ruiz,6117
alexis.stevenson6@tak.nz,Alexis,Stevenson,6118
priscilla.olsen6@tak.nz,Priscilla,Olsen,6119
michael.duncan6@tak.nz,Michael,Duncan,6120
susan.fletcher6@tak.nz,Susan,Fletcher,6121
christopher.pearce6@tak.nz,Christopher,Pearce,6122
betty.osborne6@tak.nz,Betty,Osborne,6123
paul.kirk6@tak.nz,Paul,Kirk,6124
carol.winslow6@tak.nz,Carol,Winslow,6125
timothy.johnson6@tak.nz,Timothy,Johnson,6126
laura.rodriguez6@tak.nz,Laura,Rodriguez,6127
gary.thomas6@tak.nz,Gary,Thomas,6128
anna.thompson6@tak.nz,Anna,Thompson,6129
scott.robinson6@tak.nz,Scott,Robinson,6130
christine.torres6@tak.nz,Christine,Torres,6131
patrick.baker6@tak.nz,Patrick,Baker,6132
maria.gomez6@tak.nz,Maria,Gomez,6133
jose.edwards6@tak.nz,Jose,Edwards,6134
olivia.cook6@tak.nz,Olivia,Cook,6135
kyle.bailey6@tak.nz,Kyle,Bailey,6136
megan.ward6@tak.nz,Megan,Ward,6137
roger.bennett6@tak.nz,Roger,Bennett,6138
teresa.castillo6@tak.nz,Teresa,Castillo,6139
dylan.jimenez6@tak.nz,Dylan,Jimenez,6140
theresa.coleman6@tak.nz,Theresa,Coleman,6141
bruce.simmons6@tak.nz,Bruce,Simmons,6142
rose.reynolds6@tak.nz,Rose,Reynolds,6143
willie.chapman6@tak.nz,Willie,Chapman,6144
alexis.marshall6@tak.nz,Alexis,Marshall,6145
ralph.warren6@tak.nz,Ralph,Warren,6146
isabella.larsen6@tak.nz,Isabella,Larsen,6147
louis.cameron6@tak.nz,Louis,Cameron,6148
jasmine.grant6@tak.nz,Jasmine,Grant,6149
marcus.chambers6@tak.nz,Marcus,Chambers,6150
patricia.nolan6@tak.nz,Patricia,Nolan,6151
david.lawson6@tak.nz,David,Lawson,6152
sarah.blackwood6@tak.nz,Sarah,Blackwood,6153
matthew.sutherland6@tak.nz,Matthew,Sutherland,6154
ashley.jones6@tak.nz,Ashley,Jones,6155
joshua.lopez6@tak.nz,Joshua,Lopez,6156
melissa.jackson6@tak.nz,Melissa,Jackson,6157
edward.sanchez6@tak.nz,Edward,Sanchez,6158
kathleen.allen6@tak.nz,Kathleen,Allen,6159
eric.flores6@tak.nz,Eric,Flores,6160
pamela.campbell6@tak.nz,Pamela,Campbell,6161
benjamin.turner6@tak.nz,Benjamin,Turner,6162
rachel.stewart6@tak.nz,Rachel,Stewart,6163
jack.ortiz6@tak.nz,Jack,Ortiz,6164
diane.howard6@tak.nz,Diane,Howard,6165
nathan.brooks6@tak.nz,Nathan,Brooks,6166
christina.ruiz6@tak.nz,Christina,Ruiz,6167
walter.myers6@tak.nz,Walter,Myers,6168
cheryl.perry6@tak.nz,Cheryl,Perry,6169
austin.barnes6@tak.nz,Austin,Barnes,6170
janice.patterson6@tak.nz,Janice,Patterson,6171
lawrence.moreno6@tak.nz,Lawrence,Moreno,6172
beverly.ellis6@tak.nz,Beverly,Ellis,6173
joe.harrison6@tak.nz,Joe,Harrison,6174
diana.simpson6@tak.nz,Diana,Simpson,6175
wayne.pedersen6@tak.nz,Wayne,Pedersen,6176
kayla.ferguson6@tak.nz,Kayla,Ferguson,6177
russell.marsh6@tak.nz,Russell,Marsh,6178
ava.boyd6@tak.nz,Ava,Boyd,6179
lee.palmer6@tak.nz,Lee,Palmer,6180
kylie.burton6@tak.nz,Kylie,Burton,6181
james.radley6@tak.nz,James,Radley,6182
linda.smith6@tak.nz,Linda,Smith,6183
joseph.davis6@tak.nz,Joseph,Davis,6184
nancy.anderson6@tak.nz,Nancy,Anderson,6185
mark.perez6@tak.nz,Mark,Perez,6186
emily.lewis6@tak.nz,Emily,Lewis,6187
kevin.scott6@tak.nz,Kevin,Scott,6188
stephanie.nelson6@tak.nz,Stephanie,Nelson,6189
jeffrey.roberts6@tak.nz,Jeffrey,Roberts,6190
shirley.cruz6@tak.nz,Shirley,Cruz,6191
stephen.murphy6@tak.nz,Stephen,Murphy,6192
emma.peterson6@tak.nz,Emma,Peterson,6193
gregory.cox6@tak.nz,Gregory,Cox,6194
carolyn.james6@tak.nz,Carolyn,James,6195
jerry.alvarez6@tak.nz,Jerry,Alvarez,6196
julie.foster6@tak.nz,Julie,Foster,6197
zachary.bell6@tak.nz,Zachary,Bell,6198
joan.vasquez6@tak.nz,Joan,Vasquez,6199
jeremy.graham6@tak.nz,Jeremy,Graham,6200
jacqueline.hayes6@tak.nz,Jacqueline,Hayes,6201
gerald.ford6@tak.nz,Gerald,Ford,6202
julia.wells6@tak.nz,Julia,Wells,6203
jesse.berg6@tak.nz,Jesse,Berg,6204
marilyn.fraser6@tak.nz,Marilyn,Fraser,6205
alan.douglas6@tak.nz,Alan,Douglas,6206
natalie.harvey6@tak.nz,Natalie,Harvey,6207
vincent.hunt6@tak.nz,Vincent,Hunt,6208
doris.franklin6@tak.nz,Doris,Franklin,6209
philip.whitfield6@tak.nz,Philip,Whitfield,6210
chloe.redmond6@tak.nz,Chloe,Redmond,6211
craig.brown6@tak.nz,Craig,Brown,6212
ellie.hernandez6@tak.nz,Ellie,Hernandez,6213
robert.moore6@tak.nz,Robert,Moore,6214
barbara.harris6@tak.nz,Barbara,Harris,6215
charles.young6@tak.nz,Charles,Young,6216
margaret.hill6@tak.nz,Margaret,Hill,6217
steven.rivera6@tak.nz,Steven,Rivera,6218
michelle.evans6@tak.nz,Michelle,Evans,6219
george.reyes6@tak.nz,George,Reyes,6220
sharon.gutierrez6@tak.nz,Sharon,Gutierrez,6221
jacob.kelly6@tak.nz,Jacob,Kelly,6222
helen.watson6@tak.nz,Helen,Watson,6223
justin.mendoza6@tak.nz,Justin,Mendoza,6224
katherine.patel6@tak.nz,Katherine,Patel,6225
frank.jenkins6@tak.nz,Frank,Jenkins,6226
ruth.henderson6@tak.nz,Ruth,Henderson,6227
aaron.jordan6@tak.nz,Aaron,Jordan,6228
victoria.wallace6@tak.nz,Victoria,Wallace,6229
peter.bryant6@tak.nz,Peter,Bryant,6230
judith.mcdonald6@tak.nz,Judith,McDonald,6231
keith.webb6@tak.nz,Keith,Webb,6232
gloria.andersen6@tak.nz,Gloria,Andersen,6233
harold.macdonald6@tak.nz,Harold,MacDonald,6234
judy.bishop6@tak.nz,Judy,Bishop,6235
billy.holt6@tak.nz,Billy,Holt,6236
danielle.curtis6@tak.nz,Danielle,Curtis,6237
albert.manning6@tak.nz,Albert,Manning,6238
lori.kingsley6@tak.nz,Lori,Kingsley,6239
roy.ashford6@tak.nz,Roy,Ashford,6240
erin.miller6@tak.nz,Erin,Miller,6241
curtis.wilson6@tak.nz,Curtis,Wilson,6242
bethany.lee6@tak.nz,Bethany,Lee,6243
fred.ramirez6@tak.nz,Fred,Ramirez,6244
mary.wright6@tak.nz,Mary,Wright,6245
william.adams6@tak.nz,William,Adams,6246
jessica.carter6@tak.nz,Jessica,Carter,6247
daniel.parker6@tak.nz,Daniel,Parker,6248
sandra.morales6@tak.nz,Sandra,Morales,6249
andrew.cooper6@tak.nz,Andrew,Cooper,6250
amanda.kim6@tak.nz,Amanda,Kim,6251
ronald.wood6@tak.nz,Ronald,Wood,6252
cynthia.price6@tak.nz,Cynthia,Price,6253
nicholas.ross6@tak.nz,Nicholas,Ross,6254
brenda.sullivan6@tak.nz,Brenda,Sullivan,6255
brandon.fisher6@tak.nz,Brandon,Fisher,6256
debra.hamilton6@tak.nz,Debra,Hamilton,6257
raymond.cole6@tak.nz,Raymond,Cole,6258
heather.murray6@tak.nz,Heather,Murray,6259
adam.kennedy6@tak.nz,Adam,Kennedy,6260
kelly.christensen6@tak.nz,Kelly,Christensen,6261
ethan.erikson6@tak.nz,Ethan,Erikson,6262
andrea.sinclair6@tak.nz,Andrea,Sinclair,6263
terry.barker6@tak.nz,Terry,Barker,6264
sara.dixon6@tak.nz,Sara,Dixon,6265
arthur.gardner6@tak.nz,Arthur,Gardner,6266
madison.chapman6@tak.nz,Madison,Chapman,6267
gabriel.delaney6@tak.nz,Gabriel,Delaney,6268
brittany.williams6@tak.nz,Brittany,Williams,6269
elijah.martinez6@tak.nz,Elijah,Martinez,6270
tiffany.taylor6@tak.nz,Tiffany,Taylor,6271
bobby.white6@tak.nz,Bobby,White,6272
sophia.walker6@tak.nz,Sophia,Walker,6273
jimmy.nguyen6@tak.nz,Jimmy,Nguyen,6274
leah.hall6@tak.nz,Leah,Hall,6275
chad.phillips6@tak.nz,Chad,Phillips,6276
jennifer.collins6@tak.nz,Jennifer,Collins,6277
richard.rogers6@tak.nz,Richard,Rogers,6278
karen.reed6@tak.nz,Karen,Reed,6279
anthony.richardson6@tak.nz,Anthony,Richardson,6280
kimberly.gray6@tak.nz,Kimberly,Gray,6281
kenneth.sanders6@tak.nz,Kenneth,Sanders,6282
deborah.powell6@tak.nz,Deborah,Powell,6283
jason.butler6@tak.nz,Jason,Butler,6284
amy.romero6@tak.nz,Amy,Romero,6285
jonathan.griffin6@tak.nz,Jonathan,Griffin,6286
nicole.gibson6@tak.nz,Nicole,Gibson,6287
samuel.owens6@tak.nz,Samuel,Owens,6288
catherine.fernandez6@tak.nz,Catherine,Fernandez,6289
dennis.hansen6@tak.nz,Dennis,Hansen,6290
virginia.stewart6@tak.nz,Virginia,Stewart,6291
henry.henderson6@tak.nz,Henry,Henderson,6292
lauren.newton6@tak.nz,Lauren,Newton,6293
noah.barrett6@tak.nz,Noah,Barrett,6294
hannah.todd6@tak.nz,Hannah,Todd,6295
sean.ashworth6@tak.nz,Sean,Ashworth,6296
marie.blackburn6@tak.nz,Marie,Blackburn,6297
jordan.garcia6@tak.nz,Jordan,Garcia,6298
denise.gonzalez6@tak.nz,Denise,Gonzalez,6299
logan.martin6@tak.nz,Logan,Martin,6300
abigail.clark6@tak.nz,Abigail,Clark,6301
randy.king6@tak.nz,Randy,King,6302
alice.green6@tak.nz,Alice,Green,6303
bradley.mitchell6@tak.nz,Bradley,Mitchell,6304
renee.diaz6@tak.nz,Renee,Diaz,6305
todd.morris6@tak.nz,Todd,Morris,6306
tara.morgan6@tak.nz,Tara,Morgan,6307
john.ramos6@tak.nz,John,Ramos,6308
elizabeth.chavez6@tak.nz,Elizabeth,Chavez,6309
thomas.hughes6@tak.nz,Thomas,Hughes,6310
lisa.long6@tak.nz,Lisa,Long,6311
donald.russell6@tak.nz,Donald,Russell,6312
donna.gonzales6@tak.nz,Donna,Gonzales,6313
brian.alexander6@tak.nz,Brian,Alexander,6314
rebecca.west6@tak.nz,Rebecca,West,6315
ryan.stevens6@tak.nz,Ryan,Stevens,6316
angela.ruiz6@tak.nz,Angela,Ruiz,6317
larry.stevenson6@tak.nz,Larry,Stevenson,6318
samantha.olsen6@tak.nz,Samantha,Olsen,6319
alexander.duncan6@tak.nz,Alexander,Duncan,6320
janet.fletcher6@tak.nz,Janet,Fletcher,6321
tyler.pearce6@tak.nz,Tyler,Pearce,6322
joyce.osborne6@tak.nz,Joyce,Osborne,6323
douglas.kirk6@tak.nz,Douglas,Kirk,6324
evelyn.winslow6@tak.nz,Evelyn,Winslow,6325
christian.johnson6@tak.nz,Christian,Johnson,6326
martha.rodriguez6@tak.nz,Martha,Rodriguez,6327
carl.thomas6@tak.nz,Carl,Thomas,6328
grace.thompson6@tak.nz,Grace,Thompson,6329
bryan.robinson6@tak.nz,Bryan,Robinson,6330
amber.torres6@tak.nz,Amber,Torres,6331
juan.baker6@tak.nz,Juan,Baker,6332
jane.gomez6@tak.nz,Jane,Gomez,6333
mason.edwards6@tak.nz,Mason,Edwards,6334
gina.cook6@tak.nz,Gina,Cook,6335
eugene.bailey6@tak.nz,Eugene,Bailey,6336
charlotte.ward6@tak.nz,Charlotte,Ward,6337
alexis.bennett6@tak.nz,Alexis,Bennett,6338
priscilla.castillo6@tak.nz,Priscilla,Castillo,6339
michael.jimenez6@tak.nz,Michael,Jimenez,6340
susan.coleman6@tak.nz,Susan,Coleman,6341
christopher.simmons6@tak.nz,Christopher,Simmons,6342
betty.reynolds6@tak.nz,Betty,Reynolds,6343
paul.chapman6@tak.nz,Paul,Chapman,6344
carol.marshall6@tak.nz,Carol,Marshall,6345
timothy.warren6@tak.nz,Timothy,Warren,6346
laura.larsen6@tak.nz,Laura,Larsen,6347
gary.cameron6@tak.nz,Gary,Cameron,6348
anna.grant6@tak.nz,Anna,Grant,6349
scott.chambers6@tak.nz,Scott,Chambers,6350
christine.nolan6@tak.nz,Christine,Nolan,6351
patrick.lawson6@tak.nz,Patrick,Lawson,6352
maria.blackwood6@tak.nz,Maria,Blackwood,6353
jose.sutherland6@tak.nz,Jose,Sutherland,6354
olivia.jones6@tak.nz,Olivia,Jones,6355
kyle.lopez6@tak.nz,Kyle,Lopez,6356
megan.jackson6@tak.nz,Megan,Jackson,6357
roger.sanchez6@tak.nz,Roger,Sanchez,6358
teresa.allen6@tak.nz,Teresa,Allen,6359
dylan.flores6@tak.nz,Dylan,Flores,6360
theresa.campbell6@tak.nz,Theresa,Campbell,6361
bruce.turner6@tak.nz,Bruce,Turner,6362
rose.stewart6@tak.nz,Rose,Stewart,6363
willie.ortiz6@tak.nz,Willie,Ortiz,6364
alexis.howard6@tak.nz,Alexis,Howard,6365
ralph.brooks6@tak.nz,Ralph,Brooks,6366
isabella.ruiz6@tak.nz,Isabella,Ruiz,6367
louis.myers6@tak.nz,Louis,Myers,6368
jasmine.perry6@tak.nz,Jasmine,Perry,6369
marcus.barnes6@tak.nz,Marcus,Barnes,6370
patricia.patterson6@tak.nz,Patricia,Patterson,6371
david.moreno6@tak.nz,David,Moreno,6372
sarah.ellis6@tak.nz,Sarah,Ellis,6373
matthew.harrison6@tak.nz,Matthew,Harrison,6374
ashley.simpson6@tak.nz,Ashley,Simpson,6375
joshua.pedersen6@tak.nz,Joshua,Pedersen,6376
melissa.ferguson6@tak.nz,Melissa,Ferguson,6377
edward.marsh6@tak.nz,Edward,Marsh,6378
kathleen.boyd6@tak.nz,Kathleen,Boyd,6379
eric.palmer6@tak.nz,Eric,Palmer,6380
pamela.burton6@tak.nz,Pamela,Burton,6381
benjamin.radley6@tak.nz,Benjamin,Radley,6382
rachel.smith6@tak.nz,Rachel,Smith,6383
jack.davis6@tak.nz,Jack,Davis,6384
diane.anderson6@tak.nz,Diane,Anderson,6385
nathan.perez6@tak.nz,Nathan,Perez,6386
christina.lewis6@tak.nz,Christina,Lewis,6387
walter.scott6@tak.nz,Walter,Scott,6388
cheryl.nelson6@tak.nz,Cheryl,Nelson,6389
austin.roberts6@tak.nz,Austin,Roberts,6390
janice.cruz6@tak.nz,Janice,Cruz,6391
lawrence.murphy6@tak.nz,Lawrence,Murphy,6392
beverly.peterson6@tak.nz,Beverly,Peterson,6393
joe.cox6@tak.nz,Joe,Cox,6394
diana.james6@tak.nz,Diana,James,6395
wayne.alvarez6@tak.nz,Wayne,Alvarez,6396
kayla.foster6@tak.nz,Kayla,Foster,6397
russell.bell6@tak.nz,Russell,Bell,6398
ava.vasquez6@tak.nz,Ava,Vasquez,6399
lee.graham6@tak.nz,Lee,Graham,6400
kylie.hayes6@tak.nz,Kylie,Hayes,6401
james.ford6@tak.nz,James,Ford,6402
linda.wells6@tak.nz,Linda,Wells,6403
joseph.berg6@tak.nz,Joseph,Berg,6404
nancy.fraser6@tak.nz,Nancy,Fraser,6405
mark.douglas6@tak.nz,Mark,Douglas,6406
emily.harvey6@tak.nz,Emily,Harvey,6407
kevin.hunt6@tak.nz,Kevin,Hunt,6408
stephanie.franklin6@tak.nz,Stephanie,Franklin,6409
jeffrey.whitfield6@tak.nz,Jeffrey,Whitfield,6410
shirley.redmond6@tak.nz,Shirley,Redmond,6411
stephen.brown6@tak.nz,Stephen,Brown,6412
emma.hernandez6@tak.nz,Emma,Hernandez,6413
gregory.moore6@tak.nz,Gregory,Moore,6414
carolyn.harris6@tak.nz,Carolyn,Harris,6415
jerry.young6@tak.nz,Jerry,Young,6416
julie.hill6@tak.nz,Julie,Hill,6417
zachary.rivera6@tak.nz,Zachary,Rivera,6418
joan.evans6@tak.nz,Joan,Evans,6419
jeremy.reyes6@tak.nz,Jeremy,Reyes,6420
jacqueline.gutierrez6@tak.nz,Jacqueline,Gutierrez,5781
gerald.kelly6@tak.nz,Gerald,Kelly,5782
julia.watson6@tak.nz,Julia,Watson,5783
jesse.mendoza6@tak.nz,Jesse,Mendoza,5784
marilyn.patel6@tak.nz,Marilyn,Patel,5785
alan.jenkins6@tak.nz,Alan,Jenkins,5786
natalie.henderson6@tak.nz,Natalie,Henderson,5787
vincent.jordan6@tak.nz,Vincent,Jordan,5788
doris.wallace6@tak.nz,Doris,Wallace,5789
philip.bryant6@tak.nz,Philip,Bryant,5790
chloe.mcdonald6@tak.nz,Chloe,McDonald,5791
craig.webb6@tak.nz,Craig,Webb,5792
ellie.andersen6@tak.nz,Ellie,Andersen,5793
robert.macdonald6@tak.nz,Robert,MacDonald,5794
barbara.bishop6@tak.nz,Barbara,Bishop,5795
charles.holt6@tak.nz,Charles,Holt,5796
margaret.curtis6@tak.nz,Margaret,Curtis,5797
steven.manning6@tak.nz,Steven,Manning,5798
michelle.kingsley6@tak.nz,Michelle,Kingsley,5799
george.ashford6@tak.nz,George,Ashford,5800
sharon.miller6@tak.nz,Sharon,Miller,5801
jacob.wilson6@tak.nz,Jacob,Wilson,5802
helen.lee6@tak.nz,Helen,Lee,5803
justin.ramirez6@tak.nz,Justin,Ramirez,5804
katherine.wright6@tak.nz,Katherine,Wright,5805
frank.adams6@tak.nz,Frank,Adams,5806
ruth.carter6@tak.nz,Ruth,Carter,5807
aaron.parker6@tak.nz,Aaron,Parker,5808
victoria.morales6@tak.nz,Victoria,Morales,5809
peter.cooper6@tak.nz,Peter,Cooper,5810
judith.kim6@tak.nz,Judith,Kim,5811
keith.wood6@tak.nz,Keith,Wood,5812
gloria.price6@tak.nz,Gloria,Price,5813
harold.ross6@tak.nz,Harold,Ross,5814
judy.sullivan6@tak.nz,Judy,Sullivan,5815
billy.fisher6@tak.nz,Billy,Fisher,5816
danielle.hamilton6@tak.nz,Danielle,Hamilton,5817
albert.cole6@tak.nz,Albert,Cole,5818
lori.murray6@tak.nz,Lori,Murray,5819
roy.kennedy6@tak.nz,Roy,Kennedy,5820
erin.christensen6@tak.nz,Erin,Christensen,5821
curtis.erikson6@tak.nz,Curtis,Erikson,5822
bethany.sinclair6@tak.nz,Bethany,Sinclair,5823
fred.barker6@tak.nz,Fred,Barker,5824
mary.dixon6@tak.nz,Mary,Dixon,5825
william.gardner6@tak.nz,William,Gardner,5826
jessica.chapman6@tak.nz,Jessica,Chapman,5827
daniel.delaney6@tak.nz,Daniel,Delaney,5828
sandra.williams6@tak.nz,Sandra,Williams,5829
andrew.martinez6@tak.nz,Andrew,Martinez,5830
amanda.taylor6@tak.nz,Amanda,Taylor,5831
ronald.white6@tak.nz,Ronald,White,5832
cynthia.walker6@tak.nz,Cynthia,Walker,5833
nicholas.nguyen6@tak.nz,Nicholas,Nguyen,5834
brenda.hall6@tak.nz,Brenda,Hall,5835
brandon.phillips6@tak.nz,Brandon,Phillips,5836
debra.collins6@tak.nz,Debra,Collins,5837
raymond.rogers6@tak.nz,Raymond,Rogers,5838
heather.reed6@tak.nz,Heather,Reed,5839
adam.richardson6@tak.nz,Adam,Richardson,5840
kelly.gray6@tak.nz,Kelly,Gray,5841
ethan.sanders6@tak.nz,Ethan,Sanders,5842
andrea.powell6@tak.nz,Andrea,Powell,5843
terry.butler6@tak.nz,Terry,Butler,5844
sara.romero6@tak.nz,Sara,Romero,5845
arthur.griffin6@tak.nz,Arthur,Griffin,5846
madison.gibson6@tak.nz,Madison,Gibson,5847
gabriel.owens6@tak.nz,Gabriel,Owens,5848
brittany.fernandez6@tak.nz,Brittany,Fernandez,5849
elijah.hansen6@tak.nz,Elijah,Hansen,5850
tiffany.stewart6@tak.nz,Tiffany,Stewart,5851
bobby.henderson6@tak.nz,Bobby,Henderson,5852
sophia.newton6@tak.nz,Sophia,Newton,5853
jimmy.barrett6@tak.nz,Jimmy,Barrett,5854
leah.todd6@tak.nz,Leah,Todd,5855
chad.ashworth6@tak.nz,Chad,Ashworth,5856
jennifer.blackburn6@tak.nz,Jennifer,Blackburn,5857
richard.garcia6@tak.nz,Richard,Garcia,5858
karen.gonzalez6@tak.nz,Karen,Gonzalez,5859
anthony.martin6@tak.nz,Anthony,Martin,5860
kimberly.clark6@tak.nz,Kimberly,Clark,5861
kenneth.king6@tak.nz,Kenneth,King,5862
deborah.green6@tak.nz,Deborah,Green,5863
jason.mitchell6@tak.nz,Jason,Mitchell,5864
amy.diaz6@tak.nz,Amy,Diaz,5865
jonathan.morris6@tak.nz,Jonathan,Morris,5866
nicole.morgan6@tak.nz,Nicole,Morgan,5867
samuel.ramos6@tak.nz,Samuel,Ramos,5868
catherine.chavez6@tak.nz,Catherine,Chavez,5869
dennis.hughes6@tak.nz,Dennis,Hughes,5870
virginia.long6@tak.nz,Virginia,Long,5871
henry.russell6@tak.nz,Henry,Russell,5872
lauren.gonzales6@tak.nz,Lauren,Gonzales,5873
noah.alexander6@tak.nz,Noah,Alexander,5874
hannah.west6@tak.nz,Hannah,West,5875
sean.stevens6@tak.nz,Sean,Stevens,5876
marie.ruiz6@tak.nz,Marie,Ruiz,5877
jordan.stevenson6@tak.nz,Jordan,Stevenson,5878
denise.olsen6@tak.nz,Denise,Olsen,5879
logan.duncan6@tak.nz,Logan,Duncan,5880
abigail.fletcher6@tak.nz,Abigail,Fletcher,5881
randy.pearce6@tak.nz,Randy,Pearce,5882
alice.osborne6@tak.nz,Alice,Osborne,5883
bradley.kirk6@tak.nz,Bradley,Kirk,5884
renee.winslow6@tak.nz,Renee,Winslow,5885
todd.johnson6@tak.nz,Todd,Johnson,5886
tara.rodriguez6@tak.nz,Tara,Rodriguez,5887
john.thomas6@tak.nz,John,Thomas,5888
elizabeth.thompson6@tak.nz,Elizabeth,Thompson,5889
thomas.robinson6@tak.nz,Thomas,Robinson,5890
lisa.torres6@tak.nz,Lisa,Torres,5891
donald.baker6@tak.nz,Donald,Baker,5892
donna.gomez6@tak.nz,Donna,Gomez,5893
brian.edwards6@tak.nz,Brian,Edwards,5894
rebecca.cook6@tak.nz,Rebecca,Cook,5895
ryan.bailey6@tak.nz,Ryan,Bailey,5896
angela.ward6@tak.nz,Angela,Ward,5897
larry.bennett6@tak.nz,Larry,Bennett,5898
samantha.castillo6@tak.nz,Samantha,Castillo,5899
alexander.jimenez6@tak.nz,Alexander,Jimenez,5900
janet.coleman6@tak.nz,Janet,Coleman,5901
tyler.simmons6@tak.nz,Tyler,Simmons,5902
joyce.reynolds6@tak.nz,Joyce,Reynolds,5903
douglas.chapman6@tak.nz,Douglas,Chapman,5904
evelyn.marshall6@tak.nz,Evelyn,Marshall,5905
christian.warren6@tak.nz,Christian,Warren,5906
martha.larsen6@tak.nz,Martha,Larsen,5907
carl.cameron6@tak.nz,Carl,Cameron,5908
grace.grant6@tak.nz,Grace,Grant,5909
bryan.chambers6@tak.nz,Bryan,Chambers,5910
amber.nolan6@tak.nz,Amber,Nolan,5911
juan.lawson6@tak.nz,Juan,Lawson,5912
jane.blackwood6@tak.nz,Jane,Blackwood,5913
mason.sutherland6@tak.nz,Mason,Sutherland,5914
gina.jones6@tak.nz,Gina,Jones,5915
eugene.lopez6@tak.nz,Eugene,Lopez,5916
charlotte.jackson6@tak.nz,Charlotte,Jackson,5917
alexis.sanchez6@tak.nz,Alexis,Sanchez,5918
priscilla.allen6@tak.nz,Priscilla,Allen,5919
michael.flores6@tak.nz,Michael,Flores,5920
susan.campbell6@tak.nz,Susan,Campbell,5921
christopher.turner6@tak.nz,Christopher,Turner,5922
betty.stewart6@tak.nz,Betty,Stewart,5923
paul.ortiz6@tak.nz,Paul,Ortiz,5924
carol.howard6@tak.nz,Carol,Howard,5925
timothy.brooks6@tak.nz,Timothy,Brooks,5926
laura.ruiz6@tak.nz,Laura,Ruiz,5927
gary.myers6@tak.nz,Gary,Myers,5928
anna.perry6@tak.nz,Anna,Perry,5929
scott.barnes6@tak.nz,Scott,Barnes,5930
christine.patterson6@tak.nz,Christine,Patterson,5931
patrick.moreno6@tak.nz,Patrick,Moreno,5932
maria.ellis6@tak.nz,Maria,Ellis,5933
jose.harrison6@tak.nz,Jose,Harrison,5934
olivia.simpson6@tak.nz,Olivia,Simpson,5935
kyle.pedersen6@tak.nz,Kyle,Pedersen,5936
megan.ferguson6@tak.nz,Megan,Ferguson,5937
roger.marsh6@tak.nz,Roger,Marsh,5938
teresa.boyd6@tak.nz,Teresa,Boyd,5939
dylan.palmer6@tak.nz,Dylan,Palmer,5940
theresa.burton6@tak.nz,Theresa,Burton,5941
bruce.radley6@tak.nz,Bruce,Radley,5942
rose.smith6@tak.nz,Rose,Smith,5943
willie.davis6@tak.nz,Willie,Davis,5944
alexis.anderson6@tak.nz,Alexis,Anderson,5945
ralph.perez6@tak.nz,Ralph,Perez,5946
isabella.lewis6@tak.nz,Isabella,Lewis,5947
louis.scott6@tak.nz,Louis,Scott,5948
jasmine.nelson6@tak.nz,Jasmine,Nelson,5949
marcus.roberts6@tak.nz,Marcus,Roberts,5950
patricia.cruz6@tak.nz,Patricia,Cruz,5951
david.murphy6@tak.nz,David,Murphy,5952
sarah.peterson6@tak.nz,Sarah,Peterson,5953
matthew.cox6@tak.nz,Matthew,Cox,5954
ashley.james6@tak.nz,Ashley,James,5955
joshua.alvarez6@tak.nz,Joshua,Alvarez,5956
melissa.foster6@tak.nz,Melissa,Foster,5957
edward.bell6@tak.nz,Edward,Bell,5958
kathleen.vasquez6@tak.nz,Kathleen,Vasquez,5959
eric.graham6@tak.nz,Eric,Graham,5960
pamela.hayes6@tak.nz,Pamela,Hayes,5961
benjamin.ford6@tak.nz,Benjamin,Ford,5962
rachel.wells6@tak.nz,Rachel,Wells,5963
jack.berg6@tak.nz,Jack,Berg,5964
diane.fraser6@tak.nz,Diane,Fraser,5965
nathan.douglas6@tak.nz,Nathan,Douglas,5966
christina.harvey6@tak.nz,Christina,Harvey,5967
walter.hunt6@tak.nz,Walter,Hunt,5968
cheryl.franklin6@tak.nz,Cheryl,Franklin,5969
austin.whitfield6@tak.nz,Austin,Whitfield,5970
janice.redmond6@tak.nz,Janice,Redmond,5971
lawrence.brown6@tak.nz,Lawrence,Brown,5972
beverly.hernandez6@tak.nz,Beverly,Hernandez,5973
joe.moore6@tak.nz,Joe,Moore,5974
diana.harris6@tak.nz,Diana,Harris,5975
wayne.young6@tak.nz,Wayne,Young,5976
kayla.hill6@tak.nz,Kayla,Hill,5977
russell.rivera6@tak.nz,Russell,Rivera,5978
ava.evans6@tak.nz,Ava,Evans,5979
lee.reyes6@tak.nz,Lee,Reyes,5980
kylie.gutierrez6@tak.nz,Kylie,Gutierrez,5981
james.kelly6@tak.nz,James,Kelly,5982
linda.watson6@tak.nz,Linda,Watson,5983
joseph.mendoza6@tak.nz,Joseph,Mendoza,5984
nancy.patel6@tak.nz,Nancy,Patel,5985
mark.jenkins6@tak.nz,Mark,Jenkins,5986
emily.henderson6@tak.nz,Emily,Henderson,5987
kevin.jordan6@tak.nz,Kevin,Jordan,5988
stephanie.wallace6@tak.nz,Stephanie,Wallace,5989
jeffrey.bryant6@tak.nz,Jeffrey,Bryant,5990
shirley.mcdonald6@tak.nz,Shirley,McDonald,5991
stephen.webb6@tak.nz,Stephen,Webb,5992
emma.andersen6@tak.nz,Emma,Andersen,5993
gregory.macdonald6@tak.nz,Gregory,MacDonald,5994
carolyn.bishop6@tak.nz,Carolyn,Bishop,5995
jerry.holt6@tak.nz,Jerry,Holt,5996
julie.curtis6@tak.nz,Julie,Curtis,5997
zachary.manning6@tak.nz,Zachary,Manning,5998
joan.kingsley6@tak.nz,Joan,Kingsley,5999
jeremy.ashford6@tak.nz,Jeremy,Ashford,6000
jacqueline.miller6@tak.nz,Jacqueline,Miller,6001
gerald.wilson6@tak.nz,Gerald,Wilson,6002
julia.lee6@tak.nz,Julia,Lee,6003
jesse.ramirez6@tak.nz,Jesse,Ramirez,6004
marilyn.wright6@tak.nz,Marilyn,Wright,6005
alan.adams6@tak.nz,Alan,Adams,6006
natalie.carter6@tak.nz,Natalie,Carter,6007
vincent.parker6@tak.nz,Vincent,Parker,6008
doris.morales6@tak.nz,Doris,Morales,6009
philip.cooper6@tak.nz,Philip,Cooper,6010
chloe.kim6@tak.nz,Chloe,Kim,6011
craig.wood6@tak.nz,Craig,Wood,6012
ellie.price6@tak.nz,Ellie,Price,6013
robert.ross6@tak.nz,Robert,Ross,6014
barbara.sullivan6@tak.nz,Barbara,Sullivan,6015
charles.fisher6@tak.nz,Charles,Fisher,6016
margaret.hamilton6@tak.nz,Margaret,Hamilton,6017
steven.cole6@tak.nz,Steven,Cole,6018
michelle.murray6@tak.nz,Michelle,Murray,6019
george.kennedy6@tak.nz,George,Kennedy,6020
sharon.christensen6@tak.nz,Sharon,Christensen,6021
jacob.erikson6@tak.nz,Jacob,Erikson,6022
helen.sinclair6@tak.nz,Helen,Sinclair,6023
justin.barker6@tak.nz,Justin,Barker,6024
katherine.dixon6@tak.nz,Katherine,Dixon,6025
frank.gardner6@tak.nz,Frank,Gardner,6026
ruth.chapman6@tak.nz,Ruth,Chapman,6027
aaron.delaney6@tak.nz,Aaron,Delaney,6028
victoria.williams6@tak.nz,Victoria,Williams,6029
peter.martinez6@tak.nz,Peter,Martinez,6030
judith.taylor6@tak.nz,Judith,Taylor,6031
keith.white6@tak.nz,Keith,White,6032
gloria.walker6@tak.nz,Gloria,Walker,6033
harold.nguyen6@tak.nz,Harold,Nguyen,6034
judy.hall6@tak.nz,Judy,Hall,6035
billy.phillips6@tak.nz,Billy,Phillips,6036
danielle.collins6@tak.nz,Danielle,Collins,6037
albert.rogers6@tak.nz,Albert,Rogers,6038
lori.reed6@tak.nz,Lori,Reed,6039
roy.richardson6@tak.nz,Roy,Richardson,6040
erin.gray6@tak.nz,Erin,Gray,6041
curtis.sanders6@tak.nz,Curtis,Sanders,6042
bethany.powell6@tak.nz,Bethany,Powell,6043
fred.butler6@tak.nz,Fred,Butler,6044
mary.romero6@tak.nz,Mary,Romero,6045
william.griffin6@tak.nz,William,Griffin,6046
jessica.gibson6@tak.nz,Jessica,Gibson,6047
daniel.owens6@tak.nz,Daniel,Owens,6048
sandra.fernandez6@tak.nz,Sandra,Fernandez,6049
andrew.hansen6@tak.nz,Andrew,Hansen,6050
amanda.stewart6@tak.nz,Amanda,Stewart,6051
ronald.henderson6@tak.nz,Ronald,Henderson,6052
cynthia.newton6@tak.nz,Cynthia,Newton,6053
nicholas.barrett6@tak.nz,Nicholas,Barrett,6054
brenda.todd6@tak.nz,Brenda,Todd,6055
brandon.ashworth6@tak.nz,Brandon,Ashworth,6056
debra.blackburn6@tak.nz,Debra,Blackburn,6057
raymond.garcia6@tak.nz,Raymond,Garcia,6058
heather.gonzalez6@tak.nz,Heather,Gonzalez,6059
adam.martin6@tak.nz,Adam,Martin,6060
kelly.clark6@tak.nz,Kelly,Clark,6061
ethan.king6@tak.nz,Ethan,King,6062
andrea.green6@tak.nz,Andrea,Green,6063
terry.mitchell6@tak.nz,Terry,Mitchell,6064
sara.diaz6@tak.nz,Sara,Diaz,6065
arthur.morris6@tak.nz,Arthur,Morris,6066
madison.morgan6@tak.nz,Madison,Morgan,6067
gabriel.ramos6@tak.nz,Gabriel,Ramos,6068
brittany.chavez6@tak.nz,Brittany,Chavez,6069
elijah.hughes6@tak.nz,Elijah,Hughes,6070
tiffany.long6@tak.nz,Tiffany,Long,6071
bobby.russell6@tak.nz,Bobby,Russell,6072
sophia.gonzales6@tak.nz,Sophia,Gonzales,6073
jimmy.alexander6@tak.nz,Jimmy,Alexander,6074
leah.west6@tak.nz,Leah,West,6075
chad.stevens6@tak.nz,Chad,Stevens,6076
jennifer.ruiz6@tak.nz,Jennifer,Ruiz,6077
richard.stevenson6@tak.nz,Richard,Stevenson,6078
karen.olsen6@tak.nz,Karen,Olsen,6079
anthony.duncan6@tak.nz,Anthony,Duncan,6080
kimberly.fletcher6@tak.nz,Kimberly,Fletcher,6081
kenneth.pearce6@tak.nz,Kenneth,Pearce,6082
deborah.osborne6@tak.nz,Deborah,Osborne,6083
jason.kirk6@tak.nz,Jason,Kirk,6084
amy.winslow6@tak.nz,Amy,Winslow,6085
jonathan.johnson6@tak.nz,Jonathan,Johnson,6086
nicole.rodriguez6@tak.nz,Nicole,Rodriguez,6087
samuel.thomas6@tak.nz,Samuel,Thomas,6088
catherine.thompson6@tak.nz,Catherine,Thompson,6089
dennis.robinson6@tak.nz,Dennis,Robinson,6090
virginia.torres6@tak.nz,Virginia,Torres,6091
henry.baker6@tak.nz,Henry,Baker,6092
lauren.gomez6@tak.nz,Lauren,Gomez,6093
noah.edwards6@tak.nz,Noah,Edwards,6094
hannah.cook6@tak.nz,Hannah,Cook,6095
sean.bailey6@tak.nz,Sean,Bailey,6096
marie.ward6@tak.nz,Marie,Ward,6097
jordan.bennett6@tak.nz,Jordan,Bennett,6098
denise.castillo6@tak.nz,Denise,Castillo,6099
logan.jimenez6@tak.nz,Logan,Jimenez,6100
abigail.coleman6@tak.nz,Abigail,Coleman,6101
randy.simmons6@tak.nz,Randy,Simmons,6102
alice.reynolds6@tak.nz,Alice,Reynolds,6103
bradley.chapman6@tak.nz,Bradley,Chapman,6104
renee.marshall6@tak.nz,Renee,Marshall,6105
todd.warren6@tak.nz,Todd,Warren,6106
tara.larsen6@tak.nz,Tara,Larsen,6107
john.cameron6@tak.nz,John,Cameron,6108
elizabeth.grant6@tak.nz,Elizabeth,Grant,6109
thomas.chambers6@tak.nz,Thomas,Chambers,6110
lisa.nolan6@tak.nz,Lisa,Nolan,6111
donald.lawson6@tak.nz,Donald,Lawson,6112
donna.blackwood6@tak.nz,Donna,Blackwood,6113
brian.sutherland6@tak.nz,Brian,Sutherland,6114
rebecca.jones6@tak.nz,Rebecca,Jones,6115
ryan.lopez6@tak.nz,Ryan,Lopez,6116
angela.jackson6@tak.nz,Angela,Jackson,6117
larry.sanchez6@tak.nz,Larry,Sanchez,6118
samantha.allen6@tak.nz,Samantha,Allen,6119
alexander.flores6@tak.nz,Alexander,Flores,6120
janet.campbell6@tak.nz,Janet,Campbell,6121
tyler.turner6@tak.nz,Tyler,Turner,6122
joyce.stewart6@tak.nz,Joyce,Stewart,6123
douglas.ortiz6@tak.nz,Douglas,Ortiz,6124
evelyn.howard6@tak.nz,Evelyn,Howard,6125
christian.brooks6@tak.nz,Christian,Brooks,6126
martha.ruiz6@tak.nz,Martha,Ruiz,6127
carl.myers6@tak.nz,Carl,Myers,6128
grace.perry6@tak.nz,Grace,Perry,6129
bryan.barnes6@tak.nz,Bryan,Barnes,6130
amber.patterson6@tak.nz,Amber,Patterson,6131
juan.moreno6@tak.nz,Juan,Moreno,6132
jane.ellis6@tak.nz,Jane,Ellis,6133
mason.harrison6@tak.nz,Mason,Harrison,6134
gina.simpson6@tak.nz,Gina,Simpson,6135
eugene.pedersen6@tak.nz,Eugene,Pedersen,6136
charlotte.ferguson6@tak.nz,Charlotte,Ferguson,6137
alexis.marsh6@tak.nz,Alexis,Marsh,6138
priscilla.boyd6@tak.nz,Priscilla,Boyd,6139
michael.palmer6@tak.nz,Michael,Palmer,6140
susan.burton6@tak.nz,Susan,Burton,6141
christopher.radley6@tak.nz,Christopher,Radley,6142
betty.smith6@tak.nz,Betty,Smith,6143
paul.davis6@tak.nz,Paul,Davis,6144
carol.anderson6@tak.nz,Carol,Anderson,6145
timothy.perez6@tak.nz,Timothy,Perez,6146
laura.lewis6@tak.nz,Laura,Lewis,6147
gary.scott6@tak.nz,Gary,Scott,6148
anna.nelson6@tak.nz,Anna,Nelson,6149
scott.roberts6@tak.nz,Scott,Roberts,6150
christine.cruz6@tak.nz,Christine,Cruz,6151
patrick.murphy6@tak.nz,Patrick,Murphy,6152
maria.peterson6@tak.nz,Maria,Peterson,6153
jose.cox6@tak.nz,Jose,Cox,6154
olivia.james6@tak.nz,Olivia,James,6155
kyle.alvarez6@tak.nz,Kyle,Alvarez,6156
megan.foster6@tak.nz,Megan,Foster,6157
roger.bell6@tak.nz,Roger,Bell,6158
teresa.vasquez6@tak.nz,Teresa,Vasquez,6159
dylan.graham6@tak.nz,Dylan,Graham,6160
theresa.hayes6@tak.nz,Theresa,Hayes,6161
bruce.ford6@tak.nz,Bruce,Ford,6162
rose.wells6@tak.nz,Rose,Wells,6163
willie.berg6@tak.nz,Willie,Berg,6164
alexis.fraser6@tak.nz,Alexis,Fraser,6165
ralph.douglas6@tak.nz,Ralph,Douglas,6166
isabella.harvey6@tak.nz,Isabella,Harvey,6167
louis.hunt6@tak.nz,Louis,Hunt,6168
jasmine.franklin6@tak.nz,Jasmine,Franklin,6169
marcus.whitfield6@tak.nz,Marcus,Whitfield,6170
patricia.redmond6@tak.nz,Patricia,Redmond,6171
david.brown6@tak.nz,David,Brown,6172
sarah.hernandez6@tak.nz,Sarah,Hernandez,6173
matthew.moore6@tak.nz,Matthew,Moore,6174
ashley.harris6@tak.nz,Ashley,Harris,6175
joshua.young6@tak.nz,Joshua,Young,6176
melissa.hill6@tak.nz,Melissa,Hill,6177
edward.rivera6@tak.nz,Edward,Rivera,6178
kathleen.evans6@tak.nz,Kathleen,Evans,6179
eric.reyes6@tak.nz,Eric,Reyes,6180
pamela.gutierrez6@tak.nz,Pamela,Gutierrez,6181
benjamin.kelly6@tak.nz,Benjamin,Kelly,6182
rachel.watson6@tak.nz,Rachel,Watson,6183
jack.mendoza6@tak.nz,Jack,Mendoza,6184
diane.patel6@tak.nz,Diane,Patel,6185
nathan.jenkins6@tak.nz,Nathan,Jenkins,6186
christina.henderson6@tak.nz,Christina,Henderson,6187
walter.jordan6@tak.nz,Walter,Jordan,6188
cheryl.wallace6@tak.nz,Cheryl,Wallace,6189
austin.bryant6@tak.nz,Austin,Bryant,6190
janice.mcdonald6@tak.nz,Janice,McDonald,6191
lawrence.webb6@tak.nz,Lawrence,Webb,6192
beverly.andersen6@tak.nz,Beverly,Andersen,6193
joe.macdonald6@tak.nz,Joe,MacDonald,6194
diana.bishop6@tak.nz,Diana,Bishop,6195
wayne.holt6@tak.nz,Wayne,Holt,6196
kayla.curtis6@tak.nz,Kayla,Curtis,6197
russell.manning6@tak.nz,Russell,Manning,6198
ava.kingsley6@tak.nz,Ava,Kingsley,6199
lee.ashford6@tak.nz,Lee,Ashford,6200
kylie.miller6@tak.nz,Kylie,Miller,6201
james.wilson6@tak.nz,James,Wilson,6202
linda.lee6@tak.nz,Linda,Lee,6203
joseph.ramirez6@tak.nz,Joseph,Ramirez,6204
nancy.wright6@tak.nz,Nancy,Wright,6205
mark.adams6@tak.nz,Mark,Adams,6206
emily.carter6@tak.nz,Emily,Carter,6207
kevin.parker6@tak.nz,Kevin,Parker,6208
stephanie.morales6@tak.nz,Stephanie,Morales,6209
jeffrey.cooper6@tak.nz,Jeffrey,Cooper,6210
shirley.kim6@tak.nz,Shirley,Kim,6211
stephen.wood6@tak.nz,Stephen,Wood,6212
emma.price6@tak.nz,Emma,Price,6213
gregory.ross6@tak.nz,Gregory,Ross,6214
carolyn.sullivan6@tak.nz,Carolyn,Sullivan,6215
jerry.fisher6@tak.nz,Jerry,Fisher,6216
julie.hamilton6@tak.nz,Julie,Hamilton,6217
zachary.cole6@tak.nz,Zachary,Cole,6218
joan.murray6@tak.nz,Joan,Murray,6219
jeremy.kennedy6@tak.nz,Jeremy,Kennedy,6220
jacqueline.christensen6@tak.nz,Jacqueline,Christensen,6221
gerald.erikson6@tak.nz,Gerald,Erikson,6222
julia.sinclair6@tak.nz,Julia,Sinclair,6223
jesse.barker6@tak.nz,Jesse,Barker,6224
marilyn.dixon6@tak.nz,Marilyn,Dixon,6225
alan.gardner6@tak.nz,Alan,Gardner,6226
natalie.chapman6@tak.nz,Natalie,Chapman,6227
vincent.delaney6@tak.nz,Vincent,Delaney,6228
doris.williams6@tak.nz,Doris,Williams,6229
philip.martinez6@tak.nz,Philip,Martinez,6230
chloe.taylor6@tak.nz,Chloe,Taylor,6231
craig.white6@tak.nz,Craig,White,6232
ellie.walker6@tak.nz,Ellie,Walker,6233
robert.nguyen6@tak.nz,Robert,Nguyen,6234
barbara.hall6@tak.nz,Barbara,Hall,6235
charles.phillips6@tak.nz,Charles,Phillips,6236
margaret.collins6@tak.nz,Margaret,Collins,6237
steven.rogers6@tak.nz,Steven,Rogers,6238
michelle.reed6@tak.nz,Michelle,Reed,6239
george.richardson6@tak.nz,George,Richardson,6240
sharon.gray6@tak.nz,Sharon,Gray,6241
jacob.sanders6@tak.nz,Jacob,Sanders,6242
helen.powell6@tak.nz,Helen,Powell,6243
justin.butler6@tak.nz,Justin,Butler,6244
katherine.romero6@tak.nz,Katherine,Romero,6245
frank.griffin6@tak.nz,Frank,Griffin,6246
ruth.gibson6@tak.nz,Ruth,Gibson,6247
aaron.owens6@tak.nz,Aaron,Owens,6248
victoria.fernandez6@tak.nz,Victoria,Fernandez,6249
peter.hansen6@tak.nz,Peter,Hansen,6250
judith.stewart6@tak.nz,Judith,Stewart,6251
keith.henderson6@tak.nz,Keith,Henderson,6252
gloria.newton6@tak.nz,Gloria,Newton,6253
harold.barrett6@tak.nz,Harold,Barrett,6254
judy.todd6@tak.nz,Judy,Todd,6255
billy.ashworth6@tak.nz,Billy,Ashworth,6256
danielle.blackburn6@tak.nz,Danielle,Blackburn,6257
albert.garcia6@tak.nz,Albert,Garcia,6258
lori.gonzalez6@tak.nz,Lori,Gonzalez,6259
roy.martin6@tak.nz,Roy,Martin,6260
erin.clark6@tak.nz,Erin,Clark,6261
curtis.king6@tak.nz,Curtis,King,6262
bethany.green6@tak.nz,Bethany,Green,6263
fred.mitchell6@tak.nz,Fred,Mitchell,6264
mary.diaz6@tak.nz,Mary,Diaz,6265
william.morris6@tak.nz,William,Morris,6266
jessica.morgan6@tak.nz,Jessica,Morgan,6267
daniel.ramos6@tak.nz,Daniel,Ramos,6268
sandra.chavez6@tak.nz,Sandra,Chavez,6269
andrew.hughes6@tak.nz,Andrew,Hughes,6270
amanda.long6@tak.nz,Amanda,Long,6271
ronald.russell6@tak.nz,Ronald,Russell,6272
cynthia.gonzales6@tak.nz,Cynthia,Gonzales,6273
nicholas.alexander6@tak.nz,Nicholas,Alexander,6274
brenda.west6@tak.nz,Brenda,West,6275
brandon.stevens6@tak.nz,Brandon,Stevens,6276
debra.ruiz6@tak.nz,Debra,Ruiz,6277
raymond.stevenson6@tak.nz,Raymond,Stevenson,6278
heather.olsen6@tak.nz,Heather,Olsen,6279
adam.duncan6@tak.nz,Adam,Duncan,6280
kelly.fletcher6@tak.nz,Kelly,Fletcher,6281
ethan.pearce6@tak.nz,Ethan,Pearce,6282
andrea.osborne6@tak.nz,Andrea,Osborne,6283
terry.kirk6@tak.nz,Terry,Kirk,6284
sara.winslow6@tak.nz,Sara,Winslow,6285
arthur.johnson6@tak.nz,Arthur,Johnson,6286
madison.rodriguez6@tak.nz,Madison,Rodriguez,6287
gabriel.thomas6@tak.nz,Gabriel,Thomas,6288
brittany.thompson6@tak.nz,Brittany,Thompson,6289
elijah.robinson6@tak.nz,Elijah,Robinson,6290
tiffany.torres6@tak.nz,Tiffany,Torres,6291
bobby.baker6@tak.nz,Bobby,Baker,6292
sophia.gomez6@tak.nz,Sophia,Gomez,6293
jimmy.edwards6@tak.nz,Jimmy,Edwards,6294
leah.cook6@tak.nz,Leah,Cook,6295
chad.bailey6@tak.nz,Chad,Bailey,6296
jennifer.ward6@tak.nz,Jennifer,Ward,6297
richard.bennett6@tak.nz,Richard,Bennett,6298
karen.castillo6@tak.nz,Karen,Castillo,6299
anthony.jimenez6@tak.nz,Anthony,Jimenez,6300
kimberly.coleman6@tak.nz,Kimberly,Coleman,6301
kenneth.simmons6@tak.nz,Kenneth,Simmons,6302
deborah.reynolds6@tak.nz,Deborah,Reynolds,6303
jason.chapman6@tak.nz,Jason,Chapman,6304
amy.marshall6@tak.nz,Amy,Marshall,6305
jonathan.warren6@tak.nz,Jonathan,Warren,6306
nicole.larsen6@tak.nz,Nicole,Larsen,6307
samuel.cameron6@tak.nz,Samuel,Cameron,6308
catherine.grant6@tak.nz,Catherine,Grant,6309
dennis.chambers6@tak.nz,Dennis,Chambers,6310
virginia.nolan6@tak.nz,Virginia,Nolan,6311
henry.lawson6@tak.nz,Henry,Lawson,6312
lauren.blackwood6@tak.nz,Lauren,Blackwood,6313
noah.sutherland6@tak.nz,Noah,Sutherland,6314
hannah.jones6@tak.nz,Hannah,Jones,6315
sean.lopez6@tak.nz,Sean,Lopez,6316
marie.jackson6@tak.nz,Marie,Jackson,6317
jordan.sanchez6@tak.nz,Jordan,Sanchez,6318
denise.allen6@tak.nz,Denise,Allen,6319
logan.flores6@tak.nz,Logan,Flores,6320
abigail.campbell6@tak.nz,Abigail,Campbell,6321
randy.turner6@tak.nz,Randy,Turner,6322
alice.stewart6@tak.nz,Alice,Stewart,6323
bradley.ortiz6@tak.nz,Bradley,Ortiz,6324
renee.howard6@tak.nz,Renee,Howard,6325
todd.brooks6@tak.nz,Todd,Brooks,6326
tara.ruiz6@tak.nz,Tara,Ruiz,6327
john.myers6@tak.nz,John,Myers,6328
elizabeth.perry6@tak.nz,Elizabeth,Perry,6329
thomas.barnes6@tak.nz,Thomas,Barnes,6330
lisa.patterson6@tak.nz,Lisa,Patterson,6331
donald.moreno6@tak.nz,Donald,Moreno,6332
donna.ellis6@tak.nz,Donna,Ellis,6333
brian.harrison6@tak.nz,Brian,Harrison,6334
rebecca.simpson6@tak.nz,Rebecca,Simpson,6335
ryan.pedersen6@tak.nz,Ryan,Pedersen,6336
angela.ferguson6@tak.nz,Angela,Ferguson,6337
larry.marsh6@tak.nz,Larry,Marsh,6338
samantha.boyd6@tak.nz,Samantha,Boyd,6339
alexander.palmer6@tak.nz,Alexander,Palmer,6340
janet.burton6@tak.nz,Janet,Burton,6341
tyler.radley6@tak.nz,Tyler,Radley,6342
joyce.smith6@tak.nz,Joyce,Smith,6343
douglas.davis6@tak.nz,Douglas,Davis,6344
evelyn.anderson6@tak.nz,Evelyn,Anderson,6345
christian.perez6@tak.nz,Christian,Perez,6346
martha.lewis6@tak.nz,Martha,Lewis,6347
carl.scott6@tak.nz,Carl,Scott,6348
grace.nelson6@tak.nz,Grace,Nelson,6349
bryan.roberts6@tak.nz,Bryan,Roberts,6350
amber.cruz6@tak.nz,Amber,Cruz,6351
juan.murphy6@tak.nz,Juan,Murphy,6352
jane.peterson6@tak.nz,Jane,Peterson,6353
mason.cox6@tak.nz,Mason,Cox,6354
gina.james6@tak.nz,Gina,James,6355
eugene.alvarez6@tak.nz,Eugene,Alvarez,6356
charlotte.foster6@tak.nz,Charlotte,Foster,6357
alexis.bell6@tak.nz,Alexis,Bell,6358
priscilla.vasquez6@tak.nz,Priscilla,Vasquez,6359
michael.graham6@tak.nz,Michael,Graham,6360
susan.hayes6@tak.nz,Susan,Hayes,6361
christopher.ford6@tak.nz,Christopher,Ford,6362
betty.wells6@tak.nz,Betty,Wells,6363
paul.berg6@tak.nz,Paul,Berg,6364
carol.fraser6@tak.nz,Carol,Fraser,6365
timothy.douglas6@tak.nz,Timothy,Douglas,6366
laura.harvey6@tak.nz,Laura,Harvey,6367
gary.hunt6@tak.nz,Gary,Hunt,6368
anna.franklin6@tak.nz,Anna,Franklin,6369
scott.whitfield6@tak.nz,Scott,Whitfield,6370
christine.redmond6@tak.nz,Christine,Redmond,6371
patrick.brown6@tak.nz,Patrick,Brown,6372
maria.hernandez6@tak.nz,Maria,Hernandez,6373
jose.moore6@tak.nz,Jose,Moore,6374
olivia.harris6@tak.nz,Olivia,Harris,6375
kyle.young6@tak.nz,Kyle,Young,6376
megan.hill6@tak.nz,Megan,Hill,6377
roger.rivera6@tak.nz,Roger,Rivera,6378
teresa.evans6@tak.nz,Teresa,Evans,6379
dylan.reyes6@tak.nz,Dylan,Reyes,6380
theresa.gutierrez6@tak.nz,Theresa,Gutierrez,6381
bruce.kelly6@tak.nz,Bruce,Kelly,6382
rose.watson6@tak.nz,Rose,Watson,6383
willie.mendoza6@tak.nz,Willie,Mendoza,6384
alexis.patel6@tak.nz,Alexis,Patel,6385
ralph.jenkins6@tak.nz,Ralph,Jenkins,6386
isabella.henderson6@tak.nz,Isabella,Henderson,6387
louis.jordan6@tak.nz,Louis,Jordan,6388
jasmine.wallace6@tak.nz,Jasmine,Wallace,6389
marcus.bryant6@tak.nz,Marcus,Bryant,6390
patricia.mcdonald6@tak.nz,Patricia,McDonald,6391
david.webb6@tak.nz,David,Webb,6392
sarah.andersen6@tak.nz,Sarah,Andersen,6393
matthew.macdonald6@tak.nz,Matthew,MacDonald,6394
ashley.bishop6@tak.nz,Ashley,Bishop,6395
joshua.holt6@tak.nz,Joshua,Holt,6396
melissa.curtis6@tak.nz,Melissa,Curtis,6397
edward.manning6@tak.nz,Edward,Manning,6398
kathleen.kingsley6@tak.nz,Kathleen,Kingsley,6399
eric.ashford6@tak.nz,Eric,Ashford,6400
pamela.miller6@tak.nz,Pamela,Miller,6401
benjamin.wilson6@tak.nz,Benjamin,Wilson,6402
rachel.lee6@tak.nz,Rachel,Lee,6403
jack.ramirez6@tak.nz,Jack,Ramirez,6404
diane.wright6@tak.nz,Diane,Wright,6405
nathan.adams6@tak.nz,Nathan,Adams,6406
christina.carter6@tak.nz,Christina,Carter,6407
walter.parker6@tak.nz,Walter,Parker,6408
cheryl.morales6@tak.nz,Cheryl,Morales,6409
austin.cooper6@tak.nz,Austin,Cooper,6410
janice.kim6@tak.nz,Janice,Kim,6411
lawrence.wood6@tak.nz,Lawrence,Wood,6412
beverly.price6@tak.nz,Beverly,Price,6413
joe.ross6@tak.nz,Joe,Ross,6414
diana.sullivan6@tak.nz,Diana,Sullivan,6415
wayne.fisher6@tak.nz,Wayne,Fisher,6416
kayla.hamilton6@tak.nz,Kayla,Hamilton,6417
russell.cole6@tak.nz,Russell,Cole,6418
ava.murray6@tak.nz,Ava,Murray,6419
lee.kennedy6@tak.nz,Lee,Kennedy,6420
kylie.christensen6@tak.nz,Kylie,Christensen,5781
james.erikson6@tak.nz,James,Erikson,5782
linda.sinclair6@tak.nz,Linda,Sinclair,5783
joseph.barker6@tak.nz,Joseph,Barker,5784
nancy.dixon6@tak.nz,Nancy,Dixon,5785
mark.gardner6@tak.nz,Mark,Gardner,5786
emily.chapman6@tak.nz,Emily,Chapman,5787
kevin.delaney6@tak.nz,Kevin,Delaney,5788
stephanie.williams6@tak.nz,Stephanie,Williams,5789
jeffrey.martinez6@tak.nz,Jeffrey,Martinez,5790
shirley.taylor6@tak.nz,Shirley,Taylor,5791
stephen.white6@tak.nz,Stephen,White,5792
emma.walker6@tak.nz,Emma,Walker,5793
gregory.nguyen6@tak.nz,Gregory,Nguyen,5794
carolyn.hall6@tak.nz,Carolyn,Hall,5795
jerry.phillips6@tak.nz,Jerry,Phillips,5796
julie.collins6@tak.nz,Julie,Collins,5797
zachary.rogers6@tak.nz,Zachary,Rogers,5798
joan.reed6@tak.nz,Joan,Reed,5799
jeremy.richardson6@tak.nz,Jeremy,Richardson,5800
jacqueline.gray6@tak.nz,Jacqueline,Gray,5801
gerald.sanders6@tak.nz,Gerald,Sanders,5802
julia.powell6@tak.nz,Julia,Powell,5803
jesse.butler6@tak.nz,Jesse,Butler,5804
marilyn.romero6@tak.nz,Marilyn,Romero,5805
alan.griffin6@tak.nz,Alan,Griffin,5806
natalie.gibson6@tak.nz,Natalie,Gibson,5807
vincent.owens6@tak.nz,Vincent,Owens,5808
doris.fernandez6@tak.nz,Doris,Fernandez,5809
philip.hansen6@tak.nz,Philip,Hansen,5810
chloe.stewart6@tak.nz,Chloe,Stewart,5811
craig.henderson6@tak.nz,Craig,Henderson,5812
ellie.newton6@tak.nz,Ellie,Newton,5813
robert.barrett6@tak.nz,Robert,Barrett,5814
barbara.todd6@tak.nz,Barbara,Todd,5815
charles.ashworth6@tak.nz,Charles,Ashworth,5816
margaret.blackburn6@tak.nz,Margaret,Blackburn,5817
steven.garcia6@tak.nz,Steven,Garcia,5818
michelle.gonzalez6@tak.nz,Michelle,Gonzalez,5819
george.martin6@tak.nz,George,Martin,5820
sharon.clark6@tak.nz,Sharon,Clark,5821
jacob.king6@tak.nz,Jacob,King,5822
helen.green6@tak.nz,Helen,Green,5823
justin.mitchell6@tak.nz,Justin,Mitchell,5824
katherine.diaz6@tak.nz,Katherine,Diaz,5825
frank.morris6@tak.nz,Frank,Morris,5826
ruth.morgan6@tak.nz,Ruth,Morgan,5827
aaron.ramos6@tak.nz,Aaron,Ramos,5828
victoria.chavez6@tak.nz,Victoria,Chavez,5829
peter.hughes6@tak.nz,Peter,Hughes,5830
judith.long6@tak.nz,Judith,Long,5831
keith.russell6@tak.nz,Keith,Russell,5832
gloria.gonzales6@tak.nz,Gloria,Gonzales,5833
harold.alexander6@tak.nz,Harold,Alexander,5834
judy.west6@tak.nz,Judy,West,5835
billy.stevens6@tak.nz,Billy,Stevens,5836
danielle.ruiz6@tak.nz,Danielle,Ruiz,5837
albert.stevenson6@tak.nz,Albert,Stevenson,5838
lori.olsen6@tak.nz,Lori,Olsen,5839
roy.duncan6@tak.nz,Roy,Duncan,5840
erin.fletcher6@tak.nz,Erin,Fletcher,5841
curtis.pearce6@tak.nz,Curtis,Pearce,5842
bethany.osborne6@tak.nz,Bethany,Osborne,5843
fred.kirk6@tak.nz,Fred,Kirk,5844
mary.winslow6@tak.nz,Mary,Winslow,5845
william.johnson6@tak.nz,William,Johnson,5846
jessica.rodriguez6@tak.nz,Jessica,Rodriguez,5847
daniel.thomas6@tak.nz,Daniel,Thomas,5848
sandra.thompson6@tak.nz,Sandra,Thompson,5849
andrew.robinson6@tak.nz,Andrew,Robinson,5850
amanda.torres6@tak.nz,Amanda,Torres,5851
ronald.baker6@tak.nz,Ronald,Baker,5852
cynthia.gomez6@tak.nz,Cynthia,Gomez,5853
nicholas.edwards6@tak.nz,Nicholas,Edwards,5854
brenda.cook6@tak.nz,Brenda,Cook,5855
brandon.bailey6@tak.nz,Brandon,Bailey,5856
debra.ward6@tak.nz,Debra,Ward,5857
raymond.bennett6@tak.nz,Raymond,Bennett,5858
heather.castillo6@tak.nz,Heather,Castillo,5859
adam.jimenez6@tak.nz,Adam,Jimenez,5860
kelly.coleman6@tak.nz,Kelly,Coleman,5861
ethan.simmons6@tak.nz,Ethan,Simmons,5862
andrea.reynolds6@tak.nz,Andrea,Reynolds,5863
terry.chapman6@tak.nz,Terry,Chapman,5864
sara.marshall6@tak.nz,Sara,Marshall,5865
arthur.warren6@tak.nz,Arthur,Warren,5866
madison.larsen6@tak.nz,Madison,Larsen,5867
gabriel.cameron6@tak.nz,Gabriel,Cameron,5868
brittany.grant6@tak.nz,Brittany,Grant,5869
elijah.chambers6@tak.nz,Elijah,Chambers,5870
tiffany.nolan6@tak.nz,Tiffany,Nolan,5871
bobby.lawson6@tak.nz,Bobby,Lawson,5872
sophia.blackwood6@tak.nz,Sophia,Blackwood,5873
jimmy.sutherland6@tak.nz,Jimmy,Sutherland,5874
leah.jones6@tak.nz,Leah,Jones,5875
chad.lopez6@tak.nz,Chad,Lopez,5876
jennifer.jackson6@tak.nz,Jennifer,Jackson,5877
richard.sanchez6@tak.nz,Richard,Sanchez,5878
karen.allen6@tak.nz,Karen,Allen,5879
anthony.flores6@tak.nz,Anthony,Flores,5880
kimberly.campbell6@tak.nz,Kimberly,Campbell,5881
kenneth.turner6@tak.nz,Kenneth,Turner,5882
deborah.stewart6@tak.nz,Deborah,Stewart,5883
jason.ortiz6@tak.nz,Jason,Ortiz,5884
amy.howard6@tak.nz,Amy,Howard,5885
jonathan.brooks6@tak.nz,Jonathan,Brooks,5886
nicole.ruiz6@tak.nz,Nicole,Ruiz,5887
samuel.myers6@tak.nz,Samuel,Myers,5888
catherine.perry6@tak.nz,Catherine,Perry,5889
dennis.barnes6@tak.nz,Dennis,Barnes,5890
virginia.patterson6@tak.nz,Virginia,Patterson,5891
henry.moreno6@tak.nz,Henry,Moreno,5892
lauren.ellis6@tak.nz,Lauren,Ellis,5893
noah.harrison6@tak.nz,Noah,Harrison,5894
hannah.simpson6@tak.nz,Hannah,Simpson,5895
sean.pedersen6@tak.nz,Sean,Pedersen,5896
marie.ferguson6@tak.nz,Marie,Ferguson,5897
jordan.marsh6@tak.nz,Jordan,Marsh,5898
denise.boyd6@tak.nz,Denise,Boyd,5899
logan.palmer6@tak.nz,Logan,Palmer,5900
abigail.burton6@tak.nz,Abigail,Burton,5901
randy.radley6@tak.nz,Randy,Radley,5902
alice.smith6@tak.nz,Alice,Smith,5903
bradley.davis6@tak.nz,Bradley,Davis,5904
renee.anderson6@tak.nz,Renee,Anderson,5905
todd.perez6@tak.nz,Todd,Perez,5906
tara.lewis6@tak.nz,Tara,Lewis,5907
john.scott6@tak.nz,John,Scott,5908
elizabeth.nelson6@tak.nz,Elizabeth,Nelson,5909
thomas.roberts6@tak.nz,Thomas,Roberts,5910
lisa.cruz6@tak.nz,Lisa,Cruz,5911
donald.murphy6@tak.nz,Donald,Murphy,5912
donna.peterson6@tak.nz,Donna,Peterson,5913
brian.cox6@tak.nz,Brian,Cox,5914
rebecca.james6@tak.nz,Rebecca,James,5915
ryan.alvarez6@tak.nz,Ryan,Alvarez,5916
angela.foster6@tak.nz,Angela,Foster,5917
larry.bell6@tak.nz,Larry,Bell,5918
samantha.vasquez6@tak.nz,Samantha,Vasquez,5919
alexander.graham6@tak.nz,Alexander,Graham,5920
janet.hayes6@tak.nz,Janet,Hayes,5921
tyler.ford6@tak.nz,Tyler,Ford,5922
joyce.wells6@tak.nz,Joyce,Wells,5923
douglas.berg6@tak.nz,Douglas,Berg,5924
evelyn.fraser6@tak.nz,Evelyn,Fraser,5925
christian.douglas6@tak.nz,Christian,Douglas,5926
martha.harvey6@tak.nz,Martha,Harvey,5927
carl.hunt6@tak.nz,Carl,Hunt,5928
grace.franklin6@tak.nz,Grace,Franklin,5929
bryan.whitfield6@tak.nz,Bryan,Whitfield,5930
amber.redmond6@tak.nz,Amber,Redmond,5931
juan.brown6@tak.nz,Juan,Brown,5932
jane.hernandez6@tak.nz,Jane,Hernandez,5933
mason.moore6@tak.nz,Mason,Moore,5934
gina.harris6@tak.nz,Gina,Harris,5935
eugene.young6@tak.nz,Eugene,Young,5936
charlotte.hill6@tak.nz,Charlotte,Hill,5937
alexis.rivera6@tak.nz,Alexis,Rivera,5938
priscilla.evans6@tak.nz,Priscilla,Evans,5939
michael.reyes6@tak.nz,Michael,Reyes,5940
susan.gutierrez6@tak.nz,Susan,Gutierrez,5941
christopher.kelly6@tak.nz,Christopher,Kelly,5942
betty.watson6@tak.nz,Betty,Watson,5943
paul.mendoza6@tak.nz,Paul,Mendoza,5944
carol.patel6@tak.nz,Carol,Patel,5945
timothy.jenkins6@tak.nz,Timothy,Jenkins,5946
laura.henderson6@tak.nz,Laura,Henderson,5947
gary.jordan6@tak.nz,Gary,Jordan,5948
anna.wallace6@tak.nz,Anna,Wallace,5949
scott.bryant6@tak.nz,Scott,Bryant,5950
christine.mcdonald6@tak.nz,Christine,McDonald,5951
patrick.webb6@tak.nz,Patrick,Webb,5952
maria.andersen6@tak.nz,Maria,Andersen,5953
jose.macdonald6@tak.nz,Jose,MacDonald,5954
olivia.bishop6@tak.nz,Olivia,Bishop,5955
kyle.holt6@tak.nz,Kyle,Holt,5956
megan.curtis6@tak.nz,Megan,Curtis,5957
roger.manning6@tak.nz,Roger,Manning,5958
teresa.kingsley6@tak.nz,Teresa,Kingsley,5959
dylan.ashford6@tak.nz,Dylan,Ashford,5960
theresa.miller6@tak.nz,Theresa,Miller,5961
bruce.wilson6@tak.nz,Bruce,Wilson,5962
rose.lee6@tak.nz,Rose,Lee,5963
willie.ramirez6@tak.nz,Willie,Ramirez,5964
alexis.wright6@tak.nz,Alexis,Wright,5965
ralph.adams6@tak.nz,Ralph,Adams,5966
isabella.carter6@tak.nz,Isabella,Carter,5967
louis.parker6@tak.nz,Louis,Parker,5968
jasmine.morales6@tak.nz,Jasmine,Morales,5969
marcus.cooper6@tak.nz,Marcus,Cooper,5970
patricia.kim6@tak.nz,Patricia,Kim,5971
david.wood6@tak.nz,David,Wood,5972
sarah.price6@tak.nz,Sarah,Price,5973
matthew.ross6@tak.nz,Matthew,Ross,5974
ashley.sullivan6@tak.nz,Ashley,Sullivan,5975
joshua.fisher6@tak.nz,Joshua,Fisher,5976
melissa.hamilton6@tak.nz,Melissa,Hamilton,5977
edward.cole6@tak.nz,Edward,Cole,5978
kathleen.murray6@tak.nz,Kathleen,Murray,5979
eric.kennedy6@tak.nz,Eric,Kennedy,5980
pamela.christensen6@tak.nz,Pamela,Christensen,5981
benjamin.erikson6@tak.nz,Benjamin,Erikson,5982
rachel.sinclair6@tak.nz,Rachel,Sinclair,5983
jack.barker6@tak.nz,Jack,Barker,5984
diane.dixon6@tak.nz,Diane,Dixon,5985
nathan.gardner6@tak.nz,Nathan,Gardner,5986
christina.chapman6@tak.nz,Christina,Chapman,5987
walter.delaney6@tak.nz,Walter,Delaney,5988
cheryl.williams6@tak.nz,Cheryl,Williams,5989
austin.martinez6@tak.nz,Austin,Martinez,5990
janice.taylor6@tak.nz,Janice,Taylor,5991
lawrence.white6@tak.nz,Lawrence,White,5992
beverly.walker6@tak.nz,Beverly,Walker,5993
joe.nguyen6@tak.nz,Joe,Nguyen,5994
diana.hall6@tak.nz,Diana,Hall,5995
wayne.phillips6@tak.nz,Wayne,Phillips,5996
kayla.collins6@tak.nz,Kayla,Collins,5997
russell.rogers6@tak.nz,Russell,Rogers,5998
ava.reed6@tak.nz,Ava,Reed,5999
lee.richardson6@tak.nz,Lee,Richardson,6000
kylie.gray6@tak.nz,Kylie,Gray,6001
james.sanders6@tak.nz,James,Sanders,6002
linda.powell6@tak.nz,Linda,Powell,6003
joseph.butler6@tak.nz,Joseph,Butler,6004
nancy.romero6@tak.nz,Nancy,Romero,6005
mark.griffin6@tak.nz,Mark,Griffin,6006
emily.gibson6@tak.nz,Emily,Gibson,6007
kevin.owens6@tak.nz,Kevin,Owens,6008
stephanie.fernandez6@tak.nz,Stephanie,Fernandez,6009
jeffrey.hansen6@tak.nz,Jeffrey,Hansen,6010
shirley.stewart6@tak.nz,Shirley,Stewart,6011
stephen.henderson6@tak.nz,Stephen,Henderson,6012
emma.newton6@tak.nz,Emma,Newton,6013
gregory.barrett6@tak.nz,Gregory,Barrett,6014
carolyn.todd6@tak.nz,Carolyn,Todd,6015
jerry.ashworth6@tak.nz,Jerry,Ashworth,6016
julie.blackburn6@tak.nz,Julie,Blackburn,6017
zachary.garcia6@tak.nz,Zachary,Garcia,6018
joan.gonzalez6@tak.nz,Joan,Gonzalez,6019
jeremy.martin6@tak.nz,Jeremy,Martin,6020
jacqueline.clark6@tak.nz,Jacqueline,Clark,6021
gerald.king6@tak.nz,Gerald,King,6022
julia.green6@tak.nz,Julia,Green,6023
jesse.mitchell6@tak.nz,Jesse,Mitchell,6024
marilyn.diaz6@tak.nz,Marilyn,Diaz,6025
alan.morris6@tak.nz,Alan,Morris,6026
natalie.morgan6@tak.nz,Natalie,Morgan,6027
vincent.ramos6@tak.nz,Vincent,Ramos,6028
doris.chavez6@tak.nz,Doris,Chavez,6029
philip.hughes6@tak.nz,Philip,Hughes,6030
chloe.long6@tak.nz,Chloe,Long,6031
craig.russell6@tak.nz,Craig,Russell,6032
ellie.gonzales6@tak.nz,Ellie,Gonzales,6033
robert.alexander6@tak.nz,Robert,Alexander,6034
barbara.west6@tak.nz,Barbara,West,6035
charles.stevens6@tak.nz,Charles,Stevens,6036
margaret.ruiz6@tak.nz,Margaret,Ruiz,6037
steven.stevenson6@tak.nz,Steven,Stevenson,6038
michelle.olsen6@tak.nz,Michelle,Olsen,6039
george.duncan6@tak.nz,George,Duncan,6040
sharon.fletcher6@tak.nz,Sharon,Fletcher,6041
jacob.pearce6@tak.nz,Jacob,Pearce,6042
helen.osborne6@tak.nz,Helen,Osborne,6043
justin.kirk6@tak.nz,Justin,Kirk,6044
katherine.winslow6@tak.nz,Katherine,Winslow,6045
frank.johnson6@tak.nz,Frank,Johnson,6046
ruth.rodriguez6@tak.nz,Ruth,Rodriguez,6047
aaron.thomas6@tak.nz,Aaron,Thomas,6048
victoria.thompson6@tak.nz,Victoria,Thompson,6049
peter.robinson6@tak.nz,Peter,Robinson,6050
judith.torres6@tak.nz,Judith,Torres,6051
keith.baker6@tak.nz,Keith,Baker,6052
gloria.gomez6@tak.nz,Gloria,Gomez,6053
harold.edwards6@tak.nz,Harold,Edwards,6054
judy.cook6@tak.nz,Judy,Cook,6055
billy.bailey6@tak.nz,Billy,Bailey,6056
danielle.ward6@tak.nz,Danielle,Ward,6057
albert.bennett6@tak.nz,Albert,Bennett,6058
lori.castillo6@tak.nz,Lori,Castillo,6059
roy.jimenez6@tak.nz,Roy,Jimenez,6060
erin.coleman6@tak.nz,Erin,Coleman,6061
curtis.simmons6@tak.nz,Curtis,Simmons,6062
bethany.reynolds6@tak.nz,Bethany,Reynolds,6063
fred.chapman6@tak.nz,Fred,Chapman,6064
mary.marshall6@tak.nz,Mary,Marshall,6065
william.warren6@tak.nz,William,Warren,6066
jessica.larsen6@tak.nz,Jessica,Larsen,6067
daniel.cameron6@tak.nz,Daniel,Cameron,6068
sandra.grant6@tak.nz,Sandra,Grant,6069
andrew.chambers6@tak.nz,Andrew,Chambers,6070
amanda.nolan6@tak.nz,Amanda,Nolan,6071
ronald.lawson6@tak.nz,Ronald,Lawson,6072
cynthia.blackwood6@tak.nz,Cynthia,Blackwood,6073
nicholas.sutherland6@tak.nz,Nicholas,Sutherland,6074
brenda.jones6@tak.nz,Brenda,Jones,6075
brandon.lopez6@tak.nz,Brandon,Lopez,6076
debra.jackson6@tak.nz,Debra,Jackson,6077
raymond.sanchez6@tak.nz,Raymond,Sanchez,6078
heather.allen6@tak.nz,Heather,Allen,6079
adam.flores6@tak.nz,Adam,Flores,6080
kelly.campbell6@tak.nz,Kelly,Campbell,6081
ethan.turner6@tak.nz,Ethan,Turner,6082
andrea.stewart6@tak.nz,Andrea,Stewart,6083
terry.ortiz6@tak.nz,Terry,Ortiz,6084
sara.howard6@tak.nz,Sara,Howard,6085
arthur.brooks6@tak.nz,Arthur,Brooks,6086
madison.ruiz6@tak.nz,Madison,Ruiz,6087
gabriel.myers6@tak.nz,Gabriel,Myers,6088
brittany.perry6@tak.nz,Brittany,Perry,6089
elijah.barnes6@tak.nz,Elijah,Barnes,6090
tiffany.patterson6@tak.nz,Tiffany,Patterson,6091
bobby.moreno6@tak.nz,Bobby,Moreno,6092
sophia.ellis6@tak.nz,Sophia,Ellis,6093
jimmy.harrison6@tak.nz,Jimmy,Harrison,6094
leah.simpson6@tak.nz,Leah,Simpson,6095
chad.pedersen6@tak.nz,Chad,Pedersen,6096
jennifer.ferguson6@tak.nz,Jennifer,Ferguson,6097
richard.marsh6@tak.nz,Richard,Marsh,6098
karen.boyd6@tak.nz,Karen,Boyd,6099
anthony.palmer6@tak.nz,Anthony,Palmer,6100
kimberly.burton6@tak.nz,Kimberly,Burton,6101
kenneth.radley6@tak.nz,Kenneth,Radley,6102
deborah.smith6@tak.nz,Deborah,Smith,6103
jason.davis6@tak.nz,Jason,Davis,6104
amy.anderson6@tak.nz,Amy,Anderson,6105
jonathan.perez6@tak.nz,Jonathan,Perez,6106
nicole.lewis6@tak.nz,Nicole,Lewis,6107
samuel.scott6@tak.nz,Samuel,Scott,6108
catherine.nelson6@tak.nz,Catherine,Nelson,6109
dennis.roberts6@tak.nz,Dennis,Roberts,6110
virginia.cruz6@tak.nz,Virginia,Cruz,6111
henry.murphy6@tak.nz,Henry,Murphy,6112
lauren.peterson6@tak.nz,Lauren,Peterson,6113
noah.cox6@tak.nz,Noah,Cox,6114
hannah.james6@tak.nz,Hannah,James,6115
sean.alvarez6@tak.nz,Sean,Alvarez,6116
marie.foster6@tak.nz,Marie,Foster,6117
jordan.bell6@tak.nz,Jordan,Bell,6118
denise.vasquez6@tak.nz,Denise,Vasquez,6119
logan.graham6@tak.nz,Logan,Graham,6120
abigail.hayes6@tak.nz,Abigail,Hayes,6121
randy.ford6@tak.nz,Randy,Ford,6122
alice.wells6@tak.nz,Alice,Wells,6123
bradley.berg6@tak.nz,Bradley,Berg,6124
renee.fraser6@tak.nz,Renee,Fraser,6125
todd.douglas6@tak.nz,Todd,Douglas,6126
tara.harvey6@tak.nz,Tara,Harvey,6127
john.hunt6@tak.nz,John,Hunt,6128
elizabeth.franklin6@tak.nz,Elizabeth,Franklin,6129
thomas.whitfield6@tak.nz,Thomas,Whitfield,6130
lisa.redmond6@tak.nz,Lisa,Redmond,6131
donald.brown6@tak.nz,Donald,Brown,6132
donna.hernandez6@tak.nz,Donna,Hernandez,6133
brian.moore6@tak.nz,Brian,Moore,6134
rebecca.harris6@tak.nz,Rebecca,Harris,6135
ryan.young6@tak.nz,Ryan,Young,6136
angela.hill6@tak.nz,Angela,Hill,6137
larry.rivera6@tak.nz,Larry,Rivera,6138
samantha.evans6@tak.nz,Samantha,Evans,6139
alexander.reyes6@tak.nz,Alexander,Reyes,6140
janet.gutierrez6@tak.nz,Janet,Gutierrez,6141
tyler.kelly6@tak.nz,Tyler,Kelly,6142
joyce.watson6@tak.nz,Joyce,Watson,6143
douglas.mendoza6@tak.nz,Douglas,Mendoza,6144
evelyn.patel6@tak.nz,Evelyn,Patel,6145
christian.jenkins6@tak.nz,Christian,Jenkins,6146
martha.henderson6@tak.nz,Martha,Henderson,6147
carl.jordan6@tak.nz,Carl,Jordan,6148
grace.wallace6@tak.nz,Grace,Wallace,6149
bryan.bryant6@tak.nz,Bryan,Bryant,6150
amber.mcdonald6@tak.nz,Amber,McDonald,6151
juan.webb6@tak.nz,Juan,Webb,6152
jane.andersen6@tak.nz,Jane,Andersen,6153
mason.macdonald6@tak.nz,Mason,MacDonald,6154
gina.bishop6@tak.nz,Gina,Bishop,6155
eugene.holt6@tak.nz,Eugene,Holt,6156
charlotte.curtis6@tak.nz,Charlotte,Curtis,6157
alexis.manning6@tak.nz,Alexis,Manning,6158
priscilla.kingsley6@tak.nz,Priscilla,Kingsley,6159
michael.ashford6@tak.nz,Michael,Ashford,6160
susan.miller6@tak.nz,Susan,Miller,6161
christopher.wilson6@tak.nz,Christopher,Wilson,6162
betty.lee6@tak.nz,Betty,Lee,6163
paul.ramirez6@tak.nz,Paul,Ramirez,6164
carol.wright6@tak.nz,Carol,Wright,6165
timothy.adams6@tak.nz,Timothy,Adams,6166
laura.carter6@tak.nz,Laura,Carter,6167
gary.parker6@tak.nz,Gary,Parker,6168
anna.morales6@tak.nz,Anna,Morales,6169
scott.cooper6@tak.nz,Scott,Cooper,6170
christine.kim6@tak.nz,Christine,Kim,6171
patrick.wood6@tak.nz,Patrick,Wood,6172
maria.price6@tak.nz,Maria,Price,6173
jose.ross6@tak.nz,Jose,Ross,6174
olivia.sullivan6@tak.nz,Olivia,Sullivan,6175
kyle.fisher6@tak.nz,Kyle,Fisher,6176
megan.hamilton6@tak.nz,Megan,Hamilton,6177
roger.cole6@tak.nz,Roger,Cole,6178
teresa.murray6@tak.nz,Teresa,Murray,6179
dylan.kennedy6@tak.nz,Dylan,Kennedy,6180
theresa.christensen6@tak.nz,Theresa,Christensen,6181
bruce.erikson6@tak.nz,Bruce,Erikson,6182
rose.sinclair6@tak.nz,Rose,Sinclair,6183
willie.barker6@tak.nz,Willie,Barker,6184
alexis.dixon6@tak.nz,Alexis,Dixon,6185
ralph.gardner6@tak.nz,Ralph,Gardner,6186
isabella.chapman6@tak.nz,Isabella,Chapman,6187
louis.delaney6@tak.nz,Louis,Delaney,6188
jasmine.williams6@tak.nz,Jasmine,Williams,6189
marcus.martinez6@tak.nz,Marcus,Martinez,6190
patricia.taylor6@tak.nz,Patricia,Taylor,6191
david.white6@tak.nz,David,White,6192
sarah.walker6@tak.nz,Sarah,Walker,6193
matthew.nguyen6@tak.nz,Matthew,Nguyen,6194
ashley.hall6@tak.nz,Ashley,Hall,6195
joshua.phillips6@tak.nz,Joshua,Phillips,6196
melissa.collins6@tak.nz,Melissa,Collins,6197
edward.rogers6@tak.nz,Edward,Rogers,6198
kathleen.reed6@tak.nz,Kathleen,Reed,6199
eric.richardson6@tak.nz,Eric,Richardson,6200
pamela.gray6@tak.nz,Pamela,Gray,6201
benjamin.sanders6@tak.nz,Benjamin,Sanders,6202
rachel.powell6@tak.nz,Rachel,Powell,6203
jack.butler6@tak.nz,Jack,Butler,6204
diane.romero6@tak.nz,Diane,Romero,6205
nathan.griffin6@tak.nz,Nathan,Griffin,6206
christina.gibson6@tak.nz,Christina,Gibson,6207
walter.owens6@tak.nz,Walter,Owens,6208
cheryl.fernandez6@tak.nz,Cheryl,Fernandez,6209
austin.hansen6@tak.nz,Austin,Hansen,6210
janice.stewart6@tak.nz,Janice,Stewart,6211
lawrence.henderson6@tak.nz,Lawrence,Henderson,6212
beverly.newton6@tak.nz,Beverly,Newton,6213
joe.barrett6@tak.nz,Joe,Barrett,6214
diana.todd6@tak.nz,Diana,Todd,6215
wayne.ashworth6@tak.nz,Wayne,Ashworth,6216
kayla.blackburn6@tak.nz,Kayla,Blackburn,6217
russell.garcia6@tak.nz,Russell,Garcia,6218
ava.gonzalez6@tak.nz,Ava,Gonzalez,6219
lee.martin6@tak.nz,Lee,Martin,6220
kylie.clark6@tak.nz,Kylie,Clark,6221
james.king6@tak.nz,James,King,6222
linda.green6@tak.nz,Linda,Green,6223
joseph.mitchell6@tak.nz,Joseph,Mitchell,6224
nancy.diaz6@tak.nz,Nancy,Diaz,6225
mark.morris6@tak.nz,Mark,Morris,6226
emily.morgan6@tak.nz,Emily,Morgan,6227
kevin.ramos6@tak.nz,Kevin,Ramos,6228
stephanie.chavez6@tak.nz,Stephanie,Chavez,6229
jeffrey.hughes6@tak.nz,Jeffrey,Hughes,6230
shirley.long6@tak.nz,Shirley,Long,6231
stephen.russell6@tak.nz,Stephen,Russell,6232
emma.gonzales6@tak.nz,Emma,Gonzales,6233
gregory.alexander6@tak.nz,Gregory,Alexander,6234
carolyn.west6@tak.nz,Carolyn,West,6235
jerry.stevens6@tak.nz,Jerry,Stevens,6236
julie.ruiz6@tak.nz,Julie,Ruiz,6237
zachary.stevenson6@tak.nz,Zachary,Stevenson,6238
joan.olsen6@tak.nz,Joan,Olsen,6239
jeremy.duncan6@tak.nz,Jeremy,Duncan,6240
jacqueline.fletcher6@tak.nz,Jacqueline,Fletcher,6241
gerald.pearce6@tak.nz,Gerald,Pearce,6242
julia.osborne6@tak.nz,Julia,Osborne,6243
jesse.kirk6@tak.nz,Jesse,Kirk,6244
marilyn.winslow6@tak.nz,Marilyn,Winslow,6245
alan.johnson6@tak.nz,Alan,Johnson,6246
natalie.rodriguez6@tak.nz,Natalie,Rodriguez,6247
vincent.thomas6@tak.nz,Vincent,Thomas,6248
doris.thompson6@tak.nz,Doris,Thompson,6249
philip.robinson6@tak.nz,Philip,Robinson,6250
chloe.torres6@tak.nz,Chloe,Torres,6251
craig.baker6@tak.nz,Craig,Baker,6252
ellie.gomez6@tak.nz,Ellie,Gomez,6253
robert.edwards6@tak.nz,Robert,Edwards,6254
barbara.cook6@tak.nz,Barbara,Cook,6255
charles.bailey6@tak.nz,Charles,Bailey,6256
margaret.ward6@tak.nz,Margaret,Ward,6257
steven.bennett6@tak.nz,Steven,Bennett,6258
michelle.castillo6@tak.nz,Michelle,Castillo,6259
george.jimenez6@tak.nz,George,Jimenez,6260
sharon.coleman6@tak.nz,Sharon,Coleman,6261
jacob.simmons6@tak.nz,Jacob,Simmons,6262
helen.reynolds6@tak.nz,Helen,Reynolds,6263
justin.chapman6@tak.nz,Justin,Chapman,6264
katherine.marshall6@tak.nz,Katherine,Marshall,6265
frank.warren6@tak.nz,Frank,Warren,6266
ruth.larsen6@tak.nz,Ruth,Larsen,6267
aaron.cameron6@tak.nz,Aaron,Cameron,6268
victoria.grant6@tak.nz,Victoria,Grant,6269
peter.chambers6@tak.nz,Peter,Chambers,6270
judith.nolan6@tak.nz,Judith,Nolan,6271
keith.lawson6@tak.nz,Keith,Lawson,6272
gloria.blackwood6@tak.nz,Gloria,Blackwood,6273
harold.sutherland6@tak.nz,Harold,Sutherland,6274
judy.jones6@tak.nz,Judy,Jones,6275
billy.lopez6@tak.nz,Billy,Lopez,6276
danielle.jackson6@tak.nz,Danielle,Jackson,6277
albert.sanchez6@tak.nz,Albert,Sanchez,6278
lori.allen6@tak.nz,Lori,Allen,6279
roy.flores6@tak.nz,Roy,Flores,6280
erin.campbell6@tak.nz,Erin,Campbell,6281
curtis.turner6@tak.nz,Curtis,Turner,6282
bethany.stewart6@tak.nz,Bethany,Stewart,6283
fred.ortiz6@tak.nz,Fred,Ortiz,6284
mary.howard6@tak.nz,Mary,Howard,6285
william.brooks6@tak.nz,William,Brooks,6286
jessica.ruiz6@tak.nz,Jessica,Ruiz,6287
daniel.myers6@tak.nz,Daniel,Myers,6288
sandra.perry6@tak.nz,Sandra,Perry,6289
andrew.barnes6@tak.nz,Andrew,Barnes,6290
amanda.patterson6@tak.nz,Amanda,Patterson,6291
ronald.moreno6@tak.nz,Ronald,Moreno,6292
cynthia.ellis6@tak.nz,Cynthia,Ellis,6293
nicholas.harrison6@tak.nz,Nicholas,Harrison,6294
brenda.simpson6@tak.nz,Brenda,Simpson,6295
brandon.pedersen6@tak.nz,Brandon,Pedersen,6296
debra.ferguson6@tak.nz,Debra,Ferguson,6297
raymond.marsh6@tak.nz,Raymond,Marsh,6298
heather.boyd6@tak.nz,Heather,Boyd,6299
adam.palmer6@tak.nz,Adam,Palmer,6300
kelly.burton6@tak.nz,Kelly,Burton,6301
ethan.radley6@tak.nz,Ethan,Radley,6302
andrea.smith6@tak.nz,Andrea,Smith,6303
terry.davis6@tak.nz,Terry,Davis,6304
sara.anderson6@tak.nz,Sara,Anderson,6305
arthur.perez6@tak.nz,Arthur,Perez,6306
madison.lewis6@tak.nz,Madison,Lewis,6307
gabriel.scott6@tak.nz,Gabriel,Scott,6308
brittany.nelson6@tak.nz,Brittany,Nelson,6309
elijah.roberts6@tak.nz,Elijah,Roberts,6310
tiffany.cruz6@tak.nz,Tiffany,Cruz,6311
bobby.murphy6@tak.nz,Bobby,Murphy,6312
sophia.peterson6@tak.nz,Sophia,Peterson,6313
jimmy.cox6@tak.nz,Jimmy,Cox,6314
leah.james6@tak.nz,Leah,James,6315
chad.alvarez6@tak.nz,Chad,Alvarez,6316
jennifer.foster6@tak.nz,Jennifer,Foster,6317
richard.bell6@tak.nz,Richard,Bell,6318
karen.vasquez6@tak.nz,Karen,Vasquez,6319
anthony.graham6@tak.nz,Anthony,Graham,6320
kimberly.hayes6@tak.nz,Kimberly,Hayes,6321
kenneth.ford6@tak.nz,Kenneth,Ford,6322
deborah.wells6@tak.nz,Deborah,Wells,6323
jason.berg6@tak.nz,Jason,Berg,6324
amy.fraser6@tak.nz,Amy,Fraser,6325
jonathan.douglas6@tak.nz,Jonathan,Douglas,6326
nicole.harvey6@tak.nz,Nicole,Harvey,6327
samuel.hunt6@tak.nz,Samuel,Hunt,6328
catherine.franklin6@tak.nz,Catherine,Franklin,6329
dennis.whitfield6@tak.nz,Dennis,Whitfield,6330
virginia.redmond6@tak.nz,Virginia,Redmond,6331
henry.brown6@tak.nz,Henry,Brown,6332
lauren.hernandez6@tak.nz,Lauren,Hernandez,6333
noah.moore6@tak.nz,Noah,Moore,6334
hannah.harris6@tak.nz,Hannah,Harris,6335
sean.young6@tak.nz,Sean,Young,6336
marie.hill6@tak.nz,Marie,Hill,6337
jordan.rivera6@tak.nz,Jordan,Rivera,6338
denise.evans6@tak.nz,Denise,Evans,6339
logan.reyes6@tak.nz,Logan,Reyes,6340
abigail.gutierrez6@tak.nz,Abigail,Gutierrez,6341
randy.kelly6@tak.nz,Randy,Kelly,6342
alice.watson6@tak.nz,Alice,Watson,6343
bradley.mendoza6@tak.nz,Bradley,Mendoza,6344
renee.patel6@tak.nz,Renee,Patel,6345
todd.jenkins6@tak.nz,Todd,Jenkins,6346
tara.henderson6@tak.nz,Tara,Henderson,6347
john.jordan6@tak.nz,John,Jordan,6348
elizabeth.wallace6@tak.nz,Elizabeth,Wallace,6349
thomas.bryant6@tak.nz,Thomas,Bryant,6350
lisa.mcdonald6@tak.nz,Lisa,McDonald,6351
donald.webb6@tak.nz,Donald,Webb,6352
donna.andersen6@tak.nz,Donna,Andersen,6353
brian.macdonald6@tak.nz,Brian,MacDonald,6354
rebecca.bishop6@tak.nz,Rebecca,Bishop,6355
ryan.holt6@tak.nz,Ryan,Holt,6356
angela.curtis6@tak.nz,Angela,Curtis,6357
larry.manning6@tak.nz,Larry,Manning,6358
samantha.kingsley6@tak.nz,Samantha,Kingsley,6359
alexander.ashford6@tak.nz,Alexander,Ashford,6360
janet.miller6@tak.nz,Janet,Miller,6361
tyler.wilson6@tak.nz,Tyler,Wilson,6362
joyce.lee6@tak.nz,Joyce,Lee,6363
douglas.ramirez6@tak.nz,Douglas,Ramirez,6364
evelyn.wright6@tak.nz,Evelyn,Wright,6365
christian.adams6@tak.nz,Christian,Adams,6366
martha.carter6@tak.nz,Martha,Carter,6367
carl.parker6@tak.nz,Carl,Parker,6368
grace.morales6@tak.nz,Grace,Morales,6369
bryan.cooper6@tak.nz,Bryan,Cooper,6370
amber.kim6@tak.nz,Amber,Kim,6371
juan.wood6@tak.nz,Juan,Wood,6372
jane.price6@tak.nz,Jane,Price,6373
mason.ross6@tak.nz,Mason,Ross,6374
gina.sullivan6@tak.nz,Gina,Sullivan,6375
eugene.fisher6@tak.nz,Eugene,Fisher,6376
charlotte.hamilton6@tak.nz,Charlotte,Hamilton,6377
alexis.cole6@tak.nz,Alexis,Cole,6378
priscilla.murray6@tak.nz,Priscilla,Murray,6379
michael.kennedy6@tak.nz,Michael,Kennedy,6380
susan.christensen6@tak.nz,Susan,Christensen,6381
christopher.erikson6@tak.nz,Christopher,Erikson,6382
betty.sinclair6@tak.nz,Betty,Sinclair,6383
paul.barker6@tak.nz,Paul,Barker,6384
carol.dixon6@tak.nz,Carol,Dixon,6385
timothy.gardner6@tak.nz,Timothy,Gardner,6386
laura.chapman6@tak.nz,Laura,Chapman,6387
gary.delaney6@tak.nz,Gary,Delaney,6388
anna.williams6@tak.nz,Anna,Williams,6389
scott.martinez6@tak.nz,Scott,Martinez,6390
christine.taylor6@tak.nz,Christine,Taylor,6391
patrick.white6@tak.nz,Patrick,White,6392
maria.walker6@tak.nz,Maria,Walker,6393
jose.nguyen6@tak.nz,Jose,Nguyen,6394
olivia.hall6@tak.nz,Olivia,Hall,6395
kyle.phillips6@tak.nz,Kyle,Phillips,6396
megan.collins6@tak.nz,Megan,Collins,6397
roger.rogers6@tak.nz,Roger,Rogers,6398
teresa.reed6@tak.nz,Teresa,Reed,6399
dylan.richardson6@tak.nz,Dylan,Richardson,6400
theresa.gray6@tak.nz,Theresa,Gray,6401
bruce.sanders6@tak.nz,Bruce,Sanders,6402
rose.powell6@tak.nz,Rose,Powell,6403
willie.butler6@tak.nz,Willie,Butler,6404
alexis.romero6@tak.nz,Alexis,Romero,6405
ralph.griffin6@tak.nz,Ralph,Griffin,6406
isabella.gibson6@tak.nz,Isabella,Gibson,6407
louis.owens6@tak.nz,Louis,Owens,6408
jasmine.fernandez6@tak.nz,Jasmine,Fernandez,6409
marcus.hansen6@tak.nz,Marcus,Hansen,6410
patricia.stewart6@tak.nz,Patricia,Stewart,6411
david.henderson6@tak.nz,David,Henderson,6412
sarah.newton6@tak.nz,Sarah,Newton,6413
matthew.barrett6@tak.nz,Matthew,Barrett,6414
ashley.todd6@tak.nz,Ashley,Todd,6415
joshua.ashworth6@tak.nz,Joshua,Ashworth,6416
melissa.blackburn6@tak.nz,Melissa,Blackburn,6417
edward.garcia6@tak.nz,Edward,Garcia,6418
kathleen.gonzalez6@tak.nz,Kathleen,Gonzalez,6419
eric.martin6@tak.nz,Eric,Martin,6420
pamela.clark6@tak.nz,Pamela,Clark,5781
benjamin.king6@tak.nz,Benjamin,King,5782
rachel.green6@tak.nz,Rachel,Green,5783
jack.mitchell6@tak.nz,Jack,Mitchell,5784
diane.diaz6@tak.nz,Diane,Diaz,5785
nathan.morris6@tak.nz,Nathan,Morris,5786
christina.morgan6@tak.nz,Christina,Morgan,5787
walter.ramos6@tak.nz,Walter,Ramos,5788
cheryl.chavez6@tak.nz,Cheryl,Chavez,5789
austin.hughes6@tak.nz,Austin,Hughes,5790
janice.long6@tak.nz,Janice,Long,5791
lawrence.russell6@tak.nz,Lawrence,Russell,5792
beverly.gonzales6@tak.nz,Beverly,Gonzales,5793
joe.alexander6@tak.nz,Joe,Alexander,5794
diana.west6@tak.nz,Diana,West,5795
wayne.stevens6@tak.nz,Wayne,Stevens,5796
kayla.ruiz6@tak.nz,Kayla,Ruiz,5797
russell.stevenson6@tak.nz,Russell,Stevenson,5798
ava.olsen6@tak.nz,Ava,Olsen,5799
lee.duncan6@tak.nz,Lee,Duncan,5800
kylie.fletcher6@tak.nz,Kylie,Fletcher,5801
james.pearce6@tak.nz,James,Pearce,5802
linda.osborne6@tak.nz,Linda,Osborne,5803
joseph.kirk6@tak.nz,Joseph,Kirk,5804
nancy.winslow6@tak.nz,Nancy,Winslow,5805
mark.johnson6@tak.nz,Mark,Johnson,5806
emily.rodriguez6@tak.nz,Emily,Rodriguez,5807
kevin.thomas6@tak.nz,Kevin,Thomas,5808
stephanie.thompson6@tak.nz,Stephanie,Thompson,5809
jeffrey.robinson6@tak.nz,Jeffrey,Robinson,5810
shirley.torres6@tak.nz,Shirley,Torres,5811
stephen.baker6@tak.nz,Stephen,Baker,5812
emma.gomez6@tak.nz,Emma,Gomez,5813
gregory.edwards6@tak.nz,Gregory,Edwards,5814
carolyn.cook6@tak.nz,Carolyn,Cook,5815
jerry.bailey6@tak.nz,Jerry,Bailey,5816
julie.ward6@tak.nz,Julie,Ward,5817
zachary.bennett6@tak.nz,Zachary,Bennett,5818
joan.castillo6@tak.nz,Joan,Castillo,5819
jeremy.jimenez6@tak.nz,Jeremy,Jimenez,5820
jacqueline.coleman6@tak.nz,Jacqueline,Coleman,5821
gerald.simmons6@tak.nz,Gerald,Simmons,5822
julia.reynolds6@tak.nz,Julia,Reynolds,5823
jesse.chapman6@tak.nz,Jesse,Chapman,5824
marilyn.marshall6@tak.nz,Marilyn,Marshall,5825
alan.warren6@tak.nz,Alan,Warren,5826
natalie.larsen6@tak.nz,Natalie,Larsen,5827
vincent.cameron6@tak.nz,Vincent,Cameron,5828
doris.grant6@tak.nz,Doris,Grant,5829
philip.chambers6@tak.nz,Philip,Chambers,5830
chloe.nolan6@tak.nz,Chloe,Nolan,5831
craig.lawson6@tak.nz,Craig,Lawson,5832
ellie.blackwood6@tak.nz,Ellie,Blackwood,5833
robert.sutherland6@tak.nz,Robert,Sutherland,5834
barbara.jones6@tak.nz,Barbara,Jones,5835
charles.lopez6@tak.nz,Charles,Lopez,5836
margaret.jackson6@tak.nz,Margaret,Jackson,5837
steven.sanchez6@tak.nz,Steven,Sanchez,5838
michelle.allen6@tak.nz,Michelle,Allen,5839
george.flores6@tak.nz,George,Flores,5840
sharon.campbell6@tak.nz,Sharon,Campbell,5841
jacob.turner6@tak.nz,Jacob,Turner,5842
helen.stewart6@tak.nz,Helen,Stewart,5843
justin.ortiz6@tak.nz,Justin,Ortiz,5844
katherine.howard6@tak.nz,Katherine,Howard,5845
frank.brooks6@tak.nz,Frank,Brooks,5846
ruth.ruiz6@tak.nz,Ruth,Ruiz,5847
aaron.myers6@tak.nz,Aaron,Myers,5848
victoria.perry6@tak.nz,Victoria,Perry,5849
peter.barnes6@tak.nz,Peter,Barnes,5850
judith.patterson6@tak.nz,Judith,Patterson,5851
keith.moreno6@tak.nz,Keith,Moreno,5852
gloria.ellis6@tak.nz,Gloria,Ellis,5853
harold.harrison6@tak.nz,Harold,Harrison,5854
judy.simpson6@tak.nz,Judy,Simpson,5855
billy.pedersen6@tak.nz,Billy,Pedersen,5856
danielle.ferguson6@tak.nz,Danielle,Ferguson,5857
albert.marsh6@tak.nz,Albert,Marsh,5858
lori.boyd6@tak.nz,Lori,Boyd,5859
roy.palmer6@tak.nz,Roy,Palmer,5860
erin.burton6@tak.nz,Erin,Burton,5861
curtis.radley6@tak.nz,Curtis,Radley,5862
bethany.smith6@tak.nz,Bethany,Smith,5863
fred.davis6@tak.nz,Fred,Davis,5864
mary.anderson6@tak.nz,Mary,Anderson,5865
william.perez6@tak.nz,William,Perez,5866
jessica.lewis6@tak.nz,Jessica,Lewis,5867
daniel.scott6@tak.nz,Daniel,Scott,5868
sandra.nelson6@tak.nz,Sandra,Nelson,5869
andrew.roberts6@tak.nz,Andrew,Roberts,5870
amanda.cruz6@tak.nz,Amanda,Cruz,5871
ronald.murphy6@tak.nz,Ronald,Murphy,5872
cynthia.peterson6@tak.nz,Cynthia,Peterson,5873
nicholas.cox6@tak.nz,Nicholas,Cox,5874
brenda.james6@tak.nz,Brenda,James,5875
brandon.alvarez6@tak.nz,Brandon,Alvarez,5876
debra.foster6@tak.nz,Debra,Foster,5877
raymond.bell6@tak.nz,Raymond,Bell,5878
heather.vasquez6@tak.nz,Heather,Vasquez,5879
adam.graham6@tak.nz,Adam,Graham,5880
kelly.hayes6@tak.nz,Kelly,Hayes,5881
ethan.ford6@tak.nz,Ethan,Ford,5882
andrea.wells6@tak.nz,Andrea,Wells,5883
terry.berg6@tak.nz,Terry,Berg,5884
sara.fraser6@tak.nz,Sara,Fraser,5885
arthur.douglas6@tak.nz,Arthur,Douglas,5886
madison.harvey6@tak.nz,Madison,Harvey,5887
gabriel.hunt6@tak.nz,Gabriel,Hunt,5888
brittany.franklin6@tak.nz,Brittany,Franklin,5889
elijah.whitfield6@tak.nz,Elijah,Whitfield,5890
tiffany.redmond6@tak.nz,Tiffany,Redmond,5891
bobby.brown6@tak.nz,Bobby,Brown,5892
sophia.hernandez6@tak.nz,Sophia,Hernandez,5893
jimmy.moore6@tak.nz,Jimmy,Moore,5894
leah.harris6@tak.nz,Leah,Harris,5895
chad.young6@tak.nz,Chad,Young,5896
jennifer.hill6@tak.nz,Jennifer,Hill,5897
richard.rivera6@tak.nz,Richard,Rivera,5898
karen.evans6@tak.nz,Karen,Evans,5899
anthony.reyes6@tak.nz,Anthony,Reyes,5900
kimberly.gutierrez6@tak.nz,Kimberly,Gutierrez,5901
kenneth.kelly6@tak.nz,Kenneth,Kelly,5902
deborah.watson6@tak.nz,Deborah,Watson,5903
jason.mendoza6@tak.nz,Jason,Mendoza,5904
amy.patel6@tak.nz,Amy,Patel,5905
jonathan.jenkins6@tak.nz,Jonathan,Jenkins,5906
nicole.henderson6@tak.nz,Nicole,Henderson,5907
samuel.jordan6@tak.nz,Samuel,Jordan,5908
catherine.wallace6@tak.nz,Catherine,Wallace,5909
dennis.bryant6@tak.nz,Dennis,Bryant,5910
virginia.mcdonald6@tak.nz,Virginia,McDonald,5911
henry.webb6@tak.nz,Henry,Webb,5912
lauren.andersen6@tak.nz,Lauren,Andersen,5913
noah.macdonald6@tak.nz,Noah,MacDonald,5914
hannah.bishop6@tak.nz,Hannah,Bishop,5915
sean.holt6@tak.nz,Sean,Holt,5916
marie.curtis6@tak.nz,Marie,Curtis,5917
jordan.manning6@tak.nz,Jordan,Manning,5918
denise.kingsley6@tak.nz,Denise,Kingsley,5919
logan.ashford6@tak.nz,Logan,Ashford,5920
abigail.miller6@tak.nz,Abigail,Miller,5921
randy.wilson6@tak.nz,Randy,Wilson,5922
alice.lee6@tak.nz,Alice,Lee,5923
bradley.ramirez6@tak.nz,Bradley,Ramirez,5924
renee.wright6@tak.nz,Renee,Wright,5925
todd.adams6@tak.nz,Todd,Adams,5926
tara.carter6@tak.nz,Tara,Carter,5927
john.parker6@tak.nz,John,Parker,5928
elizabeth.morales6@tak.nz,Elizabeth,Morales,5929
thomas.cooper6@tak.nz,Thomas,Cooper,5930
lisa.kim6@tak.nz,Lisa,Kim,5931
donald.wood6@tak.nz,Donald,Wood,5932
donna.price6@tak.nz,Donna,Price,5933
brian.ross6@tak.nz,Brian,Ross,5934
rebecca.sullivan6@tak.nz,Rebecca,Sullivan,5935
ryan.fisher6@tak.nz,Ryan,Fisher,5936
angela.hamilton6@tak.nz,Angela,Hamilton,5937
larry.cole6@tak.nz,Larry,Cole,5938
samantha.murray6@tak.nz,Samantha,Murray,5939
alexander.kennedy6@tak.nz,Alexander,Kennedy,5940
janet.christensen6@tak.nz,Janet,Christensen,5941
tyler.erikson6@tak.nz,Tyler,Erikson,5942
joyce.sinclair6@tak.nz,Joyce,Sinclair,5943
douglas.barker6@tak.nz,Douglas,Barker,5944
evelyn.dixon6@tak.nz,Evelyn,Dixon,5945
christian.gardner6@tak.nz,Christian,Gardner,5946
martha.chapman6@tak.nz,Martha,Chapman,5947
carl.delaney6@tak.nz,Carl,Delaney,5948
grace.williams6@tak.nz,Grace,Williams,5949
bryan.martinez6@tak.nz,Bryan,Martinez,5950
amber.taylor6@tak.nz,Amber,Taylor,5951
juan.white6@tak.nz,Juan,White,5952
jane.walker6@tak.nz,Jane,Walker,5953
mason.nguyen6@tak.nz,Mason,Nguyen,5954
gina.hall6@tak.nz,Gina,Hall,5955
eugene.phillips6@tak.nz,Eugene,Phillips,5956
charlotte.collins6@tak.nz,Charlotte,Collins,5957
alexis.rogers6@tak.nz,Alexis,Rogers,5958
priscilla.reed6@tak.nz,Priscilla,Reed,5959
michael.richardson6@tak.nz,Michael,Richardson,5960
susan.gray6@tak.nz,Susan,Gray,5961
christopher.sanders6@tak.nz,Christopher,Sanders,5962
betty.powell6@tak.nz,Betty,Powell,5963
paul.butler6@tak.nz,Paul,Butler,5964
carol.romero6@tak.nz,Carol,Romero,5965
timothy.griffin6@tak.nz,Timothy,Griffin,5966
laura.gibson6@tak.nz,Laura,Gibson,5967
gary.owens6@tak.nz,Gary,Owens,5968
anna.fernandez6@tak.nz,Anna,Fernandez,5969
scott.hansen6@tak.nz,Scott,Hansen,5970
christine.stewart6@tak.nz,Christine,Stewart,5971
patrick.henderson6@tak.nz,Patrick,Henderson,5972
maria.newton6@tak.nz,Maria,Newton,5973
jose.barrett6@tak.nz,Jose,Barrett,5974
olivia.todd6@tak.nz,Olivia,Todd,5975
kyle.ashworth6@tak.nz,Kyle,Ashworth,5976
megan.blackburn6@tak.nz,Megan,Blackburn,5977
roger.garcia6@tak.nz,Roger,Garcia,5978
teresa.gonzalez6@tak.nz,Teresa,Gonzalez,5979
dylan.martin6@tak.nz,Dylan,Martin,5980
theresa.clark6@tak.nz,Theresa,Clark,5981
bruce.king6@tak.nz,Bruce,King,5982
rose.green6@tak.nz,Rose,Green,5983
willie.mitchell6@tak.nz,Willie,Mitchell,5984
alexis.diaz6@tak.nz,Alexis,Diaz,5985
ralph.morris6@tak.nz,Ralph,Morris,5986
isabella.morgan6@tak.nz,Isabella,Morgan,5987
louis.ramos6@tak.nz,Louis,Ramos,5988
jasmine.chavez6@tak.nz,Jasmine,Chavez,5989
marcus.hughes6@tak.nz,Marcus,Hughes,5990
patricia.long6@tak.nz,Patricia,Long,5991
david.russell6@tak.nz,David,Russell,5992
sarah.gonzales6@tak.nz,Sarah,Gonzales,5993
matthew.alexander6@tak.nz,Matthew,Alexander,5994
ashley.west6@tak.nz,Ashley,West,5995
joshua.stevens6@tak.nz,Joshua,Stevens,5996
melissa.ruiz6@tak.nz,Melissa,Ruiz,5997
edward.stevenson6@tak.nz,Edward,Stevenson,5998
kathleen.olsen6@tak.nz,Kathleen,Olsen,5999
eric.duncan6@tak.nz,Eric,Duncan,6000
pamela.fletcher6@tak.nz,Pamela,Fletcher,6001
benjamin.pearce6@tak.nz,Benjamin,Pearce,6002
rachel.osborne6@tak.nz,Rachel,Osborne,6003
jack.kirk6@tak.nz,Jack,Kirk,6004
diane.winslow6@tak.nz,Diane,Winslow,6005
nathan.johnson6@tak.nz,Nathan,Johnson,6006
christina.rodriguez6@tak.nz,Christina,Rodriguez,6007
walter.thomas6@tak.nz,Walter,Thomas,6008
cheryl.thompson6@tak.nz,Cheryl,Thompson,6009
austin.robinson6@tak.nz,Austin,Robinson,6010
janice.torres6@tak.nz,Janice,Torres,6011
lawrence.baker6@tak.nz,Lawrence,Baker,6012
beverly.gomez6@tak.nz,Beverly,Gomez,6013
joe.edwards6@tak.nz,Joe,Edwards,6014
diana.cook6@tak.nz,Diana,Cook,6015
wayne.bailey6@tak.nz,Wayne,Bailey,6016
kayla.ward6@tak.nz,Kayla,Ward,6017
russell.bennett6@tak.nz,Russell,Bennett,6018
ava.castillo6@tak.nz,Ava,Castillo,6019
lee.jimenez6@tak.nz,Lee,Jimenez,6020
kylie.coleman6@tak.nz,Kylie,Coleman,6021
james.simmons6@tak.nz,James,Simmons,6022
linda.reynolds6@tak.nz,Linda,Reynolds,6023
joseph.chapman6@tak.nz,Joseph,Chapman,6024
nancy.marshall6@tak.nz,Nancy,Marshall,6025
mark.warren6@tak.nz,Mark,Warren,6026
emily.larsen6@tak.nz,Emily,Larsen,6027
kevin.cameron6@tak.nz,Kevin,Cameron,6028
stephanie.grant6@tak.nz,Stephanie,Grant,6029
jeffrey.chambers6@tak.nz,Jeffrey,Chambers,6030
shirley.nolan6@tak.nz,Shirley,Nolan,6031
stephen.lawson6@tak.nz,Stephen,Lawson,6032
emma.blackwood6@tak.nz,Emma,Blackwood,6033
gregory.sutherland6@tak.nz,Gregory,Sutherland,6034
carolyn.jones6@tak.nz,Carolyn,Jones,6035
jerry.lopez6@tak.nz,Jerry,Lopez,6036
julie.jackson6@tak.nz,Julie,Jackson,6037
zachary.sanchez6@tak.nz,Zachary,Sanchez,6038
joan.allen6@tak.nz,Joan,Allen,6039
jeremy.flores6@tak.nz,Jeremy,Flores,6040
jacqueline.campbell6@tak.nz,Jacqueline,Campbell,6041
gerald.turner6@tak.nz,Gerald,Turner,6042
julia.stewart6@tak.nz,Julia,Stewart,6043
jesse.ortiz6@tak.nz,Jesse,Ortiz,6044
marilyn.howard6@tak.nz,Marilyn,Howard,6045
alan.brooks6@tak.nz,Alan,Brooks,6046
natalie.ruiz6@tak.nz,Natalie,Ruiz,6047
vincent.myers6@tak.nz,Vincent,Myers,6048
doris.perry6@tak.nz,Doris,Perry,6049
philip.barnes6@tak.nz,Philip,Barnes,6050
chloe.patterson6@tak.nz,Chloe,Patterson,6051
craig.moreno6@tak.nz,Craig,Moreno,6052
ellie.ellis6@tak.nz,Ellie,Ellis,6053
robert.harrison6@tak.nz,Robert,Harrison,6054
barbara.simpson6@tak.nz,Barbara,Simpson,6055
charles.pedersen6@tak.nz,Charles,Pedersen,6056
margaret.ferguson6@tak.nz,Margaret,Ferguson,6057
steven.marsh6@tak.nz,Steven,Marsh,6058
michelle.boyd6@tak.nz,Michelle,Boyd,6059
george.palmer6@tak.nz,George,Palmer,6060
sharon.burton6@tak.nz,Sharon,Burton,6061
jacob.radley6@tak.nz,Jacob,Radley,6062
helen.smith6@tak.nz,Helen,Smith,6063
justin.davis6@tak.nz,Justin,Davis,6064
katherine.anderson6@tak.nz,Katherine,Anderson,6065
frank.perez6@tak.nz,Frank,Perez,6066
ruth.lewis6@tak.nz,Ruth,Lewis,6067
aaron.scott6@tak.nz,Aaron,Scott,6068
victoria.nelson6@tak.nz,Victoria,Nelson,6069
peter.roberts6@tak.nz,Peter,Roberts,6070
judith.cruz6@tak.nz,Judith,Cruz,6071
keith.murphy6@tak.nz,Keith,Murphy,6072
gloria.peterson6@tak.nz,Gloria,Peterson,6073
harold.cox6@tak.nz,Harold,Cox,6074
judy.james6@tak.nz,Judy,James,6075
billy.alvarez6@tak.nz,Billy,Alvarez,6076
danielle.foster6@tak.nz,Danielle,Foster,6077
albert.bell6@tak.nz,Albert,Bell,6078
lori.vasquez6@tak.nz,Lori,Vasquez,6079
roy.graham6@tak.nz,Roy,Graham,6080
erin.hayes6@tak.nz,Erin,Hayes,6081
curtis.ford6@tak.nz,Curtis,Ford,6082
bethany.wells6@tak.nz,Bethany,Wells,6083
fred.berg6@tak.nz,Fred,Berg,6084
mary.fraser6@tak.nz,Mary,Fraser,6085
william.douglas6@tak.nz,William,Douglas,6086
jessica.harvey6@tak.nz,Jessica,Harvey,6087
daniel.hunt6@tak.nz,Daniel,Hunt,6088
sandra.franklin6@tak.nz,Sandra,Franklin,6089
andrew.whitfield6@tak.nz,Andrew,Whitfield,6090
amanda.redmond6@tak.nz,Amanda,Redmond,6091
ronald.brown6@tak.nz,Ronald,Brown,6092
cynthia.hernandez6@tak.nz,Cynthia,Hernandez,6093
nicholas.moore6@tak.nz,Nicholas,Moore,6094
brenda.harris6@tak.nz,Brenda,Harris,6095
brandon.young6@tak.nz,Brandon,Young,6096
debra.hill6@tak.nz,Debra,Hill,6097
raymond.rivera6@tak.nz,Raymond,Rivera,6098
heather.evans6@tak.nz,Heather,Evans,6099
adam.reyes6@tak.nz,Adam,Reyes,6100
kelly.gutierrez6@tak.nz,Kelly,Gutierrez,6101
ethan.kelly6@tak.nz,Ethan,Kelly,6102
andrea.watson6@tak.nz,Andrea,Watson,6103
terry.mendoza6@tak.nz,Terry,Mendoza,6104
sara.patel6@tak.nz,Sara,Patel,6105
arthur.jenkins6@tak.nz,Arthur,Jenkins,6106
madison.henderson6@tak.nz,Madison,Henderson,6107
gabriel.jordan6@tak.nz,Gabriel,Jordan,6108
brittany.wallace6@tak.nz,Brittany,Wallace,6109
elijah.bryant6@tak.nz,Elijah,Bryant,6110
tiffany.mcdonald6@tak.nz,Tiffany,McDonald,6111
bobby.webb6@tak.nz,Bobby,Webb,6112
sophia.andersen6@tak.nz,Sophia,Andersen,6113
jimmy.macdonald6@tak.nz,Jimmy,MacDonald,6114
leah.bishop6@tak.nz,Leah,Bishop,6115
chad.holt6@tak.nz,Chad,Holt,6116
jennifer.curtis6@tak.nz,Jennifer,Curtis,6117
richard.manning6@tak.nz,Richard,Manning,6118
karen.kingsley6@tak.nz,Karen,Kingsley,6119
anthony.ashford6@tak.nz,Anthony,Ashford,6120
kimberly.miller6@tak.nz,Kimberly,Miller,6121
kenneth.wilson6@tak.nz,Kenneth,Wilson,6122
deborah.lee6@tak.nz,Deborah,Lee,6123
jason.ramirez6@tak.nz,Jason,Ramirez,6124
amy.wright6@tak.nz,Amy,Wright,6125
jonathan.adams6@tak.nz,Jonathan,Adams,6126
nicole.carter6@tak.nz,Nicole,Carter,6127
samuel.parker6@tak.nz,Samuel,Parker,6128
catherine.morales6@tak.nz,Catherine,Morales,6129
dennis.cooper6@tak.nz,Dennis,Cooper,6130
virginia.kim6@tak.nz,Virginia,Kim,6131
henry.wood6@tak.nz,Henry,Wood,6132
lauren.price6@tak.nz,Lauren,Price,6133
noah.ross6@tak.nz,Noah,Ross,6134
hannah.sullivan6@tak.nz,Hannah,Sullivan,6135
sean.fisher6@tak.nz,Sean,Fisher,6136
marie.hamilton6@tak.nz,Marie,Hamilton,6137
jordan.cole6@tak.nz,Jordan,Cole,6138
denise.murray6@tak.nz,Denise,Murray,6139
logan.kennedy6@tak.nz,Logan,Kennedy,6140
abigail.christensen6@tak.nz,Abigail,Christensen,6141
randy.erikson6@tak.nz,Randy,Erikson,6142
alice.sinclair6@tak.nz,Alice,Sinclair,6143
bradley.barker6@tak.nz,Bradley,Barker,6144
renee.dixon6@tak.nz,Renee,Dixon,6145
todd.gardner6@tak.nz,Todd,Gardner,6146
tara.chapman6@tak.nz,Tara,Chapman,6147
john.delaney6@tak.nz,John,Delaney,6148
elizabeth.williams6@tak.nz,Elizabeth,Williams,6149
thomas.martinez6@tak.nz,Thomas,Martinez,6150
lisa.taylor6@tak.nz,Lisa,Taylor,6151
donald.white6@tak.nz,Donald,White,6152
donna.walker6@tak.nz,Donna,Walker,6153
brian.nguyen6@tak.nz,Brian,Nguyen,6154
rebecca.hall6@tak.nz,Rebecca,Hall,6155
ryan.phillips6@tak.nz,Ryan,Phillips,6156
angela.collins6@tak.nz,Angela,Collins,6157
larry.rogers6@tak.nz,Larry,Rogers,6158
samantha.reed6@tak.nz,Samantha,Reed,6159
alexander.richardson6@tak.nz,Alexander,Richardson,6160
janet.gray6@tak.nz,Janet,Gray,6161
tyler.sanders6@tak.nz,Tyler,Sanders,6162
joyce.powell6@tak.nz,Joyce,Powell,6163
douglas.butler6@tak.nz,Douglas,Butler,6164
evelyn.romero6@tak.nz,Evelyn,Romero,6165
christian.griffin6@tak.nz,Christian,Griffin,6166
martha.gibson6@tak.nz,Martha,Gibson,6167
carl.owens6@tak.nz,Carl,Owens,6168
grace.fernandez6@tak.nz,Grace,Fernandez,6169
bryan.hansen6@tak.nz,Bryan,Hansen,6170
amber.stewart6@tak.nz,Amber,Stewart,6171
juan.henderson6@tak.nz,Juan,Henderson,6172
jane.newton6@tak.nz,Jane,Newton,6173
mason.barrett6@tak.nz,Mason,Barrett,6174
gina.todd6@tak.nz,Gina,Todd,6175
eugene.ashworth6@tak.nz,Eugene,Ashworth,6176
charlotte.blackburn6@tak.nz,Charlotte,Blackburn,6177
alexis.garcia6@tak.nz,Alexis,Garcia,6178
priscilla.gonzalez6@tak.nz,Priscilla,Gonzalez,6179
michael.martin6@tak.nz,Michael,Martin,6180
susan.clark7@tak.nz,Susan,Clark,6181
christopher.king7@tak.nz,Christopher,King,6182
betty.green7@tak.nz,Betty,Green,6183
paul.mitchell7@tak.nz,Paul,Mitchell,6184
carol.diaz7@tak.nz,Carol,Diaz,6185
timothy.morris7@tak.nz,Timothy,Morris,6186
laura.morgan7@tak.nz,Laura,Morgan,6187
gary.ramos7@tak.nz,Gary,Ramos,6188
anna.chavez7@tak.nz,Anna,Chavez,6189
scott.hughes7@tak.nz,Scott,Hughes,6190
christine.long7@tak.nz,Christine,Long,6191
patrick.russell7@tak.nz,Patrick,Russell,6192
maria.gonzales7@tak.nz,Maria,Gonzales,6193
jose.alexander7@tak.nz,Jose,Alexander,6194
olivia.west7@tak.nz,Olivia,West,6195
kyle.stevens7@tak.nz,Kyle,Stevens,6196
megan.ruiz7@tak.nz,Megan,Ruiz,6197
roger.stevenson7@tak.nz,Roger,Stevenson,6198
teresa.olsen7@tak.nz,Teresa,Olsen,6199
dylan.duncan7@tak.nz,Dylan,Duncan,6200
theresa.fletcher7@tak.nz,Theresa,Fletcher,6201
bruce.pearce7@tak.nz,Bruce,Pearce,6202
rose.osborne7@tak.nz,Rose,Osborne,6203
willie.kirk7@tak.nz,Willie,Kirk,6204
alexis.winslow7@tak.nz,Alexis,Winslow,6205
ralph.johnson7@tak.nz,Ralph,Johnson,6206
isabella.rodriguez7@tak.nz,Isabella,Rodriguez,6207
louis.thomas7@tak.nz,Louis,Thomas,6208
jasmine.thompson7@tak.nz,Jasmine,Thompson,6209
marcus.robinson7@tak.nz,Marcus,Robinson,6210
patricia.torres7@tak.nz,Patricia,Torres,6211
david.baker7@tak.nz,David,Baker,6212
sarah.gomez7@tak.nz,Sarah,Gomez,6213
matthew.edwards7@tak.nz,Matthew,Edwards,6214
ashley.cook7@tak.nz,Ashley,Cook,6215
joshua.bailey7@tak.nz,Joshua,Bailey,6216
melissa.ward7@tak.nz,Melissa,Ward,6217
edward.bennett7@tak.nz,Edward,Bennett,6218
kathleen.castillo7@tak.nz,Kathleen,Castillo,6219
eric.jimenez7@tak.nz,Eric,Jimenez,6220
pamela.coleman7@tak.nz,Pamela,Coleman,6221
benjamin.simmons7@tak.nz,Benjamin,Simmons,6222
rachel.reynolds7@tak.nz,Rachel,Reynolds,6223
jack.chapman7@tak.nz,Jack,Chapman,6224
diane.marshall7@tak.nz,Diane,Marshall,6225
nathan.warren7@tak.nz,Nathan,Warren,6226
christina.larsen7@tak.nz,Christina,Larsen,6227
walter.cameron7@tak.nz,Walter,Cameron,6228
cheryl.grant7@tak.nz,Cheryl,Grant,6229
austin.chambers7@tak.nz,Austin,Chambers,6230
janice.nolan7@tak.nz,Janice,Nolan,6231
lawrence.lawson7@tak.nz,Lawrence,Lawson,6232
beverly.blackwood7@tak.nz,Beverly,Blackwood,6233
joe.sutherland7@tak.nz,Joe,Sutherland,6234
diana.jones7@tak.nz,Diana,Jones,6235
wayne.lopez7@tak.nz,Wayne,Lopez,6236
kayla.jackson7@tak.nz,Kayla,Jackson,6237
russell.sanchez7@tak.nz,Russell,Sanchez,6238
ava.allen7@tak.nz,Ava,Allen,6239
lee.flores7@tak.nz,Lee,Flores,6240
kylie.campbell7@tak.nz,Kylie,Campbell,6241
james.turner7@tak.nz,James,Turner,6242
linda.stewart7@tak.nz,Linda,Stewart,6243
joseph.ortiz7@tak.nz,Joseph,Ortiz,6244
nancy.howard7@tak.nz,Nancy,Howard,6245
mark.brooks7@tak.nz,Mark,Brooks,6246
emily.ruiz7@tak.nz,Emily,Ruiz,6247
kevin.myers7@tak.nz,Kevin,Myers,6248
stephanie.perry7@tak.nz,Stephanie,Perry,6249
jeffrey.barnes7@tak.nz,Jeffrey,Barnes,6250
shirley.patterson7@tak.nz,Shirley,Patterson,6251
stephen.moreno7@tak.nz,Stephen,Moreno,6252
emma.ellis7@tak.nz,Emma,Ellis,6253
gregory.harrison7@tak.nz,Gregory,Harrison,6254
carolyn.simpson7@tak.nz,Carolyn,Simpson,6255
jerry.pedersen7@tak.nz,Jerry,Pedersen,6256
julie.ferguson7@tak.nz,Julie,Ferguson,6257
zachary.marsh7@tak.nz,Zachary,Marsh,6258
joan.boyd7@tak.nz,Joan,Boyd,6259
jeremy.palmer7@tak.nz,Jeremy,Palmer,6260
jacqueline.burton7@tak.nz,Jacqueline,Burton,6261
gerald.radley7@tak.nz,Gerald,Radley,6262
julia.smith7@tak.nz,Julia,Smith,6263
jesse.davis7@tak.nz,Jesse,Davis,6264
marilyn.anderson7@tak.nz,Marilyn,Anderson,6265
alan.perez7@tak.nz,Alan,Perez,6266
natalie.lewis7@tak.nz,Natalie,Lewis,6267
vincent.scott7@tak.nz,Vincent,Scott,6268
doris.nelson7@tak.nz,Doris,Nelson,6269
philip.roberts7@tak.nz,Philip,Roberts,6270
chloe.cruz7@tak.nz,Chloe,Cruz,6271
craig.murphy7@tak.nz,Craig,Murphy,6272
ellie.peterson7@tak.nz,Ellie,Peterson,6273
robert.cox7@tak.nz,Robert,Cox,6274
barbara.james7@tak.nz,Barbara,James,6275
charles.alvarez7@tak.nz,Charles,Alvarez,6276
margaret.foster7@tak.nz,Margaret,Foster,6277
steven.bell7@tak.nz,Steven,Bell,6278
michelle.vasquez7@tak.nz,Michelle,Vasquez,6279
george.graham7@tak.nz,George,Graham,6280
sharon.hayes7@tak.nz,Sharon,Hayes,6281
jacob.ford7@tak.nz,Jacob,Ford,6282
helen.wells7@tak.nz,Helen,Wells,6283
justin.berg7@tak.nz,Justin,Berg,6284
katherine.fraser7@tak.nz,Katherine,Fraser,6285
frank.douglas7@tak.nz,Frank,Douglas,6286
ruth.harvey7@tak.nz,Ruth,Harvey,6287
aaron.hunt7@tak.nz,Aaron,Hunt,6288
victoria.franklin7@tak.nz,Victoria,Franklin,6289
peter.whitfield7@tak.nz,Peter,Whitfield,6290
judith.redmond7@tak.nz,Judith,Redmond,6291
keith.brown7@tak.nz,Keith,Brown,6292
gloria.hernandez7@tak.nz,Gloria,Hernandez,6293
harold.moore7@tak.nz,Harold,Moore,6294
judy.harris7@tak.nz,Judy,Harris,6295
billy.young7@tak.nz,Billy,Young,6296
danielle.hill7@tak.nz,Danielle,Hill,6297
albert.rivera7@tak.nz,Albert,Rivera,6298
lori.evans7@tak.nz,Lori,Evans,6299
roy.reyes7@tak.nz,Roy,Reyes,6300
erin.gutierrez7@tak.nz,Erin,Gutierrez,6301
curtis.kelly7@tak.nz,Curtis,Kelly,6302
bethany.watson7@tak.nz,Bethany,Watson,6303
fred.mendoza7@tak.nz,Fred,Mendoza,6304
mary.patel7@tak.nz,Mary,Patel,6305
william.jenkins7@tak.nz,William,Jenkins,6306
jessica.henderson7@tak.nz,Jessica,Henderson,6307
daniel.jordan7@tak.nz,Daniel,Jordan,6308
sandra.wallace7@tak.nz,Sandra,Wallace,6309
andrew.bryant7@tak.nz,Andrew,Bryant,6310
amanda.mcdonald7@tak.nz,Amanda,McDonald,6311
ronald.webb7@tak.nz,Ronald,Webb,6312
cynthia.andersen7@tak.nz,Cynthia,Andersen,6313
nicholas.macdonald7@tak.nz,Nicholas,MacDonald,6314
brenda.bishop7@tak.nz,Brenda,Bishop,6315
brandon.holt7@tak.nz,Brandon,Holt,6316
debra.curtis7@tak.nz,Debra,Curtis,6317
raymond.manning7@tak.nz,Raymond,Manning,6318
heather.kingsley7@tak.nz,Heather,Kingsley,6319
adam.ashford7@tak.nz,Adam,Ashford,6320
kelly.miller7@tak.nz,Kelly,Miller,6321
ethan.wilson7@tak.nz,Ethan,Wilson,6322
andrea.lee7@tak.nz,Andrea,Lee,6323
terry.ramirez7@tak.nz,Terry,Ramirez,6324
sara.wright7@tak.nz,Sara,Wright,6325
arthur.adams7@tak.nz,Arthur,Adams,6326
madison.carter7@tak.nz,Madison,Carter,6327
gabriel.parker7@tak.nz,Gabriel,Parker,6328
brittany.morales7@tak.nz,Brittany,Morales,6329
elijah.cooper7@tak.nz,Elijah,Cooper,6330
tiffany.kim7@tak.nz,Tiffany,Kim,6331
bobby.wood7@tak.nz,Bobby,Wood,6332
sophia.price7@tak.nz,Sophia,Price,6333
jimmy.ross7@tak.nz,Jimmy,Ross,6334
leah.sullivan7@tak.nz,Leah,Sullivan,6335
chad.fisher7@tak.nz,Chad,Fisher,6336
jennifer.hamilton7@tak.nz,Jennifer,Hamilton,6337
richard.cole7@tak.nz,Richard,Cole,6338
karen.murray7@tak.nz,Karen,Murray,6339
anthony.kennedy7@tak.nz,Anthony,Kennedy,6340
kimberly.christensen7@tak.nz,Kimberly,Christensen,6341
kenneth.erikson7@tak.nz,Kenneth,Erikson,6342
deborah.sinclair7@tak.nz,Deborah,Sinclair,6343
jason.barker7@tak.nz,Jason,Barker,6344
amy.dixon7@tak.nz,Amy,Dixon,6345
jonathan.gardner7@tak.nz,Jonathan,Gardner,6346
nicole.chapman7@tak.nz,Nicole,Chapman,6347
samuel.delaney7@tak.nz,Samuel,Delaney,6348
catherine.williams7@tak.nz,Catherine,Williams,6349
dennis.martinez7@tak.nz,Dennis,Martinez,6350
virginia.taylor7@tak.nz,Virginia,Taylor,6351
henry.white7@tak.nz,Henry,White,6352
lauren.walker7@tak.nz,Lauren,Walker,6353
noah.nguyen7@tak.nz,Noah,Nguyen,6354
hannah.hall7@tak.nz,Hannah,Hall,6355
sean.phillips7@tak.nz,Sean,Phillips,6356
marie.collins7@tak.nz,Marie,Collins,6357
jordan.rogers7@tak.nz,Jordan,Rogers,6358
denise.reed7@tak.nz,Denise,Reed,6359
logan.richardson7@tak.nz,Logan,Richardson,6360
abigail.gray7@tak.nz,Abigail,Gray,6361
randy.sanders7@tak.nz,Randy,Sanders,6362
alice.powell7@tak.nz,Alice,Powell,6363
bradley.butler7@tak.nz,Bradley,Butler,6364
renee.romero7@tak.nz,Renee,Romero,6365
todd.griffin7@tak.nz,Todd,Griffin,6366
tara.gibson7@tak.nz,Tara,Gibson,6367
john.owens7@tak.nz,John,Owens,6368
elizabeth.fernandez7@tak.nz,Elizabeth,Fernandez,6369
thomas.hansen7@tak.nz,Thomas,Hansen,6370
lisa.stewart7@tak.nz,Lisa,Stewart,6371
donald.henderson7@tak.nz,Donald,Henderson,6372
donna.newton7@tak.nz,Donna,Newton,6373
brian.barrett7@tak.nz,Brian,Barrett,6374
rebecca.todd7@tak.nz,Rebecca,Todd,6375
ryan.ashworth7@tak.nz,Ryan,Ashworth,6376
angela.blackburn7@tak.nz,Angela,Blackburn,6377
larry.garcia7@tak.nz,Larry,Garcia,6378
samantha.gonzalez7@tak.nz,Samantha,Gonzalez,6379
alexander.martin7@tak.nz,Alexander,Martin,6380
janet.clark7@tak.nz,Janet,Clark,6381
tyler.king7@tak.nz,Tyler,King,6382
joyce.green7@tak.nz,Joyce,Green,6383
douglas.mitchell7@tak.nz,Douglas,Mitchell,6384
evelyn.diaz7@tak.nz,Evelyn,Diaz,6385
christian.morris7@tak.nz,Christian,Morris,6386
martha.morgan7@tak.nz,Martha,Morgan,6387
carl.ramos7@tak.nz,Carl,Ramos,6388
grace.chavez7@tak.nz,Grace,Chavez,6389
bryan.hughes7@tak.nz,Bryan,Hughes,6390
amber.long7@tak.nz,Amber,Long,6391
juan.russell7@tak.nz,Juan,Russell,6392
jane.gonzales7@tak.nz,Jane,Gonzales,6393
mason.alexander7@tak.nz,Mason,Alexander,6394
gina.west7@tak.nz,Gina,West,6395
eugene.stevens7@tak.nz,Eugene,Stevens,6396
charlotte.ruiz7@tak.nz,Charlotte,Ruiz,6397
alexis.stevenson7@tak.nz,Alexis,Stevenson,6398
priscilla.olsen7@tak.nz,Priscilla,Olsen,6399
michael.duncan7@tak.nz,Michael,Duncan,6400
susan.fletcher7@tak.nz,Susan,Fletcher,6401
christopher.pearce7@tak.nz,Christopher,Pearce,6402
betty.osborne7@tak.nz,Betty,Osborne,6403
paul.kirk7@tak.nz,Paul,Kirk,6404
carol.winslow7@tak.nz,Carol,Winslow,6405
timothy.johnson7@tak.nz,Timothy,Johnson,6406
laura.rodriguez7@tak.nz,Laura,Rodriguez,6407
gary.thomas7@tak.nz,Gary,Thomas,6408
anna.thompson7@tak.nz,Anna,Thompson,6409
scott.robinson7@tak.nz,Scott,Robinson,6410
christine.torres7@tak.nz,Christine,Torres,6411
patrick.baker7@tak.nz,Patrick,Baker,6412
maria.gomez7@tak.nz,Maria,Gomez,6413
jose.edwards7@tak.nz,Jose,Edwards,6414
olivia.cook7@tak.nz,Olivia,Cook,6415
kyle.bailey7@tak.nz,Kyle,Bailey,6416
megan.ward7@tak.nz,Megan,Ward,6417
roger.bennett7@tak.nz,Roger,Bennett,6418
teresa.castillo7@tak.nz,Teresa,Castillo,6419
dylan.jimenez7@tak.nz,Dylan,Jimenez,6420
theresa.coleman7@tak.nz,Theresa,Coleman,5781
bruce.simmons7@tak.nz,Bruce,Simmons,5782
rose.reynolds7@tak.nz,Rose,Reynolds,5783
willie.chapman7@tak.nz,Willie,Chapman,5784
alexis.marshall7@tak.nz,Alexis,Marshall,5785
ralph.warren7@tak.nz,Ralph,Warren,5786
isabella.larsen7@tak.nz,Isabella,Larsen,5787
louis.cameron7@tak.nz,Louis,Cameron,5788
jasmine.grant7@tak.nz,Jasmine,Grant,5789
marcus.chambers7@tak.nz,Marcus,Chambers,5790
patricia.nolan7@tak.nz,Patricia,Nolan,5791
david.lawson7@tak.nz,David,Lawson,5792
sarah.blackwood7@tak.nz,Sarah,Blackwood,5793
matthew.sutherland7@tak.nz,Matthew,Sutherland,5794
ashley.jones7@tak.nz,Ashley,Jones,5795
joshua.lopez7@tak.nz,Joshua,Lopez,5796
melissa.jackson7@tak.nz,Melissa,Jackson,5797
edward.sanchez7@tak.nz,Edward,Sanchez,5798
kathleen.allen7@tak.nz,Kathleen,Allen,5799
eric.flores7@tak.nz,Eric,Flores,5800
pamela.campbell7@tak.nz,Pamela,Campbell,5801
benjamin.turner7@tak.nz,Benjamin,Turner,5802
rachel.stewart7@tak.nz,Rachel,Stewart,5803
jack.ortiz7@tak.nz,Jack,Ortiz,5804
diane.howard7@tak.nz,Diane,Howard,5805
nathan.brooks7@tak.nz,Nathan,Brooks,5806
christina.ruiz7@tak.nz,Christina,Ruiz,5807
walter.myers7@tak.nz,Walter,Myers,5808
cheryl.perry7@tak.nz,Cheryl,Perry,5809
austin.barnes7@tak.nz,Austin,Barnes,5810
janice.patterson7@tak.nz,Janice,Patterson,5811
lawrence.moreno7@tak.nz,Lawrence,Moreno,5812
beverly.ellis7@tak.nz,Beverly,Ellis,5813
joe.harrison7@tak.nz,Joe,Harrison,5814
diana.simpson7@tak.nz,Diana,Simpson,5815
wayne.pedersen7@tak.nz,Wayne,Pedersen,5816
kayla.ferguson7@tak.nz,Kayla,Ferguson,5817
russell.marsh7@tak.nz,Russell,Marsh,5818
ava.boyd7@tak.nz,Ava,Boyd,5819
lee.palmer7@tak.nz,Lee,Palmer,5820
kylie.burton7@tak.nz,Kylie,Burton,5821
james.radley7@tak.nz,James,Radley,5822
linda.smith7@tak.nz,Linda,Smith,5823
joseph.davis7@tak.nz,Joseph,Davis,5824
nancy.anderson7@tak.nz,Nancy,Anderson,5825
mark.perez7@tak.nz,Mark,Perez,5826
emily.lewis7@tak.nz,Emily,Lewis,5827
kevin.scott7@tak.nz,Kevin,Scott,5828
stephanie.nelson7@tak.nz,Stephanie,Nelson,5829
jeffrey.roberts7@tak.nz,Jeffrey,Roberts,5830
shirley.cruz7@tak.nz,Shirley,Cruz,5831
stephen.murphy7@tak.nz,Stephen,Murphy,5832
emma.peterson7@tak.nz,Emma,Peterson,5833
gregory.cox7@tak.nz,Gregory,Cox,5834
carolyn.james7@tak.nz,Carolyn,James,5835
jerry.alvarez7@tak.nz,Jerry,Alvarez,5836
julie.foster7@tak.nz,Julie,Foster,5837
zachary.bell7@tak.nz,Zachary,Bell,5838
joan.vasquez7@tak.nz,Joan,Vasquez,5839
jeremy.graham7@tak.nz,Jeremy,Graham,5840
jacqueline.hayes7@tak.nz,Jacqueline,Hayes,5841
gerald.ford7@tak.nz,Gerald,Ford,5842
julia.wells7@tak.nz,Julia,Wells,5843
jesse.berg7@tak.nz,Jesse,Berg,5844
marilyn.fraser7@tak.nz,Marilyn,Fraser,5845
alan.douglas7@tak.nz,Alan,Douglas,5846
natalie.harvey7@tak.nz,Natalie,Harvey,5847
vincent.hunt7@tak.nz,Vincent,Hunt,5848
doris.franklin7@tak.nz,Doris,Franklin,5849
philip.whitfield7@tak.nz,Philip,Whitfield,5850
chloe.redmond7@tak.nz,Chloe,Redmond,5851
craig.brown7@tak.nz,Craig,Brown,5852
ellie.hernandez7@tak.nz,Ellie,Hernandez,5853
robert.moore7@tak.nz,Robert,Moore,5854
barbara.harris7@tak.nz,Barbara,Harris,5855
charles.young7@tak.nz,Charles,Young,5856
margaret.hill7@tak.nz,Margaret,Hill,5857
steven.rivera7@tak.nz,Steven,Rivera,5858
michelle.evans7@tak.nz,Michelle,Evans,5859
george.reyes7@tak.nz,George,Reyes,5860
sharon.gutierrez7@tak.nz,Sharon,Gutierrez,5861
jacob.kelly7@tak.nz,Jacob,Kelly,5862
helen.watson7@tak.nz,Helen,Watson,5863
justin.mendoza7@tak.nz,Justin,Mendoza,5864
katherine.patel7@tak.nz,Katherine,Patel,5865
frank.jenkins7@tak.nz,Frank,Jenkins,5866
ruth.henderson7@tak.nz,Ruth,Henderson,5867
aaron.jordan7@tak.nz,Aaron,Jordan,5868
victoria.wallace7@tak.nz,Victoria,Wallace,5869
peter.bryant7@tak.nz,Peter,Bryant,5870
judith.mcdonald7@tak.nz,Judith,McDonald,5871
keith.webb7@tak.nz,Keith,Webb,5872
gloria.andersen7@tak.nz,Gloria,Andersen,5873
harold.macdonald7@tak.nz,Harold,MacDonald,5874
judy.bishop7@tak.nz,Judy,Bishop,5875
billy.holt7@tak.nz,Billy,Holt,5876
danielle.curtis7@tak.nz,Danielle,Curtis,5877
albert.manning7@tak.nz,Albert,Manning,5878
lori.kingsley7@tak.nz,Lori,Kingsley,5879
roy.ashford7@tak.nz,Roy,Ashford,5880
erin.miller7@tak.nz,Erin,Miller,5881
curtis.wilson7@tak.nz,Curtis,Wilson,5882
bethany.lee7@tak.nz,Bethany,Lee,5883
fred.ramirez7@tak.nz,Fred,Ramirez,5884
mary.wright7@tak.nz,Mary,Wright,5885
william.adams7@tak.nz,William,Adams,5886
jessica.carter7@tak.nz,Jessica,Carter,5887
daniel.parker7@tak.nz,Daniel,Parker,5888
sandra.morales7@tak.nz,Sandra,Morales,5889
andrew.cooper7@tak.nz,Andrew,Cooper,5890
amanda.kim7@tak.nz,Amanda,Kim,5891
ronald.wood7@tak.nz,Ronald,Wood,5892
cynthia.price7@tak.nz,Cynthia,Price,5893
nicholas.ross7@tak.nz,Nicholas,Ross,5894
brenda.sullivan7@tak.nz,Brenda,Sullivan,5895
brandon.fisher7@tak.nz,Brandon,Fisher,5896
debra.hamilton7@tak.nz,Debra,Hamilton,5897
raymond.cole7@tak.nz,Raymond,Cole,5898
heather.murray7@tak.nz,Heather,Murray,5899
adam.kennedy7@tak.nz,Adam,Kennedy,5900
kelly.christensen7@tak.nz,Kelly,Christensen,5901
ethan.erikson7@tak.nz,Ethan,Erikson,5902
andrea.sinclair7@tak.nz,Andrea,Sinclair,5903
terry.barker7@tak.nz,Terry,Barker,5904
sara.dixon7@tak.nz,Sara,Dixon,5905
arthur.gardner7@tak.nz,Arthur,Gardner,5906
madison.chapman7@tak.nz,Madison,Chapman,5907
gabriel.delaney7@tak.nz,Gabriel,Delaney,5908
brittany.williams7@tak.nz,Brittany,Williams,5909
elijah.martinez7@tak.nz,Elijah,Martinez,5910
tiffany.taylor7@tak.nz,Tiffany,Taylor,5911
bobby.white7@tak.nz,Bobby,White,5912
sophia.walker7@tak.nz,Sophia,Walker,5913
jimmy.nguyen7@tak.nz,Jimmy,Nguyen,5914
leah.hall7@tak.nz,Leah,Hall,5915
chad.phillips7@tak.nz,Chad,Phillips,5916
jennifer.collins7@tak.nz,Jennifer,Collins,5917
richard.rogers7@tak.nz,Richard,Rogers,5918
karen.reed7@tak.nz,Karen,Reed,5919
anthony.richardson7@tak.nz,Anthony,Richardson,5920
kimberly.gray7@tak.nz,Kimberly,Gray,5921
kenneth.sanders7@tak.nz,Kenneth,Sanders,5922
deborah.powell7@tak.nz,Deborah,Powell,5923
jason.butler7@tak.nz,Jason,Butler,5924
amy.romero7@tak.nz,Amy,Romero,5925
jonathan.griffin7@tak.nz,Jonathan,Griffin,5926
nicole.gibson7@tak.nz,Nicole,Gibson,5927
samuel.owens7@tak.nz,Samuel,Owens,5928
catherine.fernandez7@tak.nz,Catherine,Fernandez,5929
dennis.hansen7@tak.nz,Dennis,Hansen,5930
virginia.stewart7@tak.nz,Virginia,Stewart,5931
henry.henderson7@tak.nz,Henry,Henderson,5932
lauren.newton7@tak.nz,Lauren,Newton,5933
noah.barrett7@tak.nz,Noah,Barrett,5934
hannah.todd7@tak.nz,Hannah,Todd,5935
sean.ashworth7@tak.nz,Sean,Ashworth,5936
marie.blackburn7@tak.nz,Marie,Blackburn,5937
jordan.garcia7@tak.nz,Jordan,Garcia,5938
denise.gonzalez7@tak.nz,Denise,Gonzalez,5939
logan.martin7@tak.nz,Logan,Martin,5940
abigail.clark7@tak.nz,Abigail,Clark,5941
randy.king7@tak.nz,Randy,King,5942
alice.green7@tak.nz,Alice,Green,5943
bradley.mitchell7@tak.nz,Bradley,Mitchell,5944
renee.diaz7@tak.nz,Renee,Diaz,5945
todd.morris7@tak.nz,Todd,Morris,5946
tara.morgan7@tak.nz,Tara,Morgan,5947
john.ramos7@tak.nz,John,Ramos,5948
elizabeth.chavez7@tak.nz,Elizabeth,Chavez,5949
thomas.hughes7@tak.nz,Thomas,Hughes,5950
lisa.long7@tak.nz,Lisa,Long,5951
donald.russell7@tak.nz,Donald,Russell,5952
donna.gonzales7@tak.nz,Donna,Gonzales,5953
brian.alexander7@tak.nz,Brian,Alexander,5954
rebecca.west7@tak.nz,Rebecca,West,5955
ryan.stevens7@tak.nz,Ryan,Stevens,5956
angela.ruiz7@tak.nz,Angela,Ruiz,5957
larry.stevenson7@tak.nz,Larry,Stevenson,5958
samantha.olsen7@tak.nz,Samantha,Olsen,5959
alexander.duncan7@tak.nz,Alexander,Duncan,5960
janet.fletcher7@tak.nz,Janet,Fletcher,5961
tyler.pearce7@tak.nz,Tyler,Pearce,5962
joyce.osborne7@tak.nz,Joyce,Osborne,5963
douglas.kirk7@tak.nz,Douglas,Kirk,5964
evelyn.winslow7@tak.nz,Evelyn,Winslow,5965
christian.johnson7@tak.nz,Christian,Johnson,5966
martha.rodriguez7@tak.nz,Martha,Rodriguez,5967
carl.thomas7@tak.nz,Carl,Thomas,5968
grace.thompson7@tak.nz,Grace,Thompson,5969
bryan.robinson7@tak.nz,Bryan,Robinson,5970
amber.torres7@tak.nz,Amber,Torres,5971
juan.baker7@tak.nz,Juan,Baker,5972
jane.gomez7@tak.nz,Jane,Gomez,5973
mason.edwards7@tak.nz,Mason,Edwards,5974
gina.cook7@tak.nz,Gina,Cook,5975
eugene.bailey7@tak.nz,Eugene,Bailey,5976
charlotte.ward7@tak.nz,Charlotte,Ward,5977
alexis.bennett7@tak.nz,Alexis,Bennett,5978
priscilla.castillo7@tak.nz,Priscilla,Castillo,5979
michael.jimenez7@tak.nz,Michael,Jimenez,5980
susan.coleman7@tak.nz,Susan,Coleman,5981
christopher.simmons7@tak.nz,Christopher,Simmons,5982
betty.reynolds7@tak.nz,Betty,Reynolds,5983
paul.chapman7@tak.nz,Paul,Chapman,5984
carol.marshall7@tak.nz,Carol,Marshall,5985
timothy.warren7@tak.nz,Timothy,Warren,5986
laura.larsen7@tak.nz,Laura,Larsen,5987
gary.cameron7@tak.nz,Gary,Cameron,5988
anna.grant7@tak.nz,Anna,Grant,5989
scott.chambers7@tak.nz,Scott,Chambers,5990
christine.nolan7@tak.nz,Christine,Nolan,5991
patrick.lawson7@tak.nz,Patrick,Lawson,5992
maria.blackwood7@tak.nz,Maria,Blackwood,5993
jose.sutherland7@tak.nz,Jose,Sutherland,5994
olivia.jones7@tak.nz,Olivia,Jones,5995
kyle.lopez7@tak.nz,Kyle,Lopez,5996
megan.jackson7@tak.nz,Megan,Jackson,5997
roger.sanchez7@tak.nz,Roger,Sanchez,5998
teresa.allen7@tak.nz,Teresa,Allen,5999
dylan.flores7@tak.nz,Dylan,Flores,6000
theresa.campbell7@tak.nz,Theresa,Campbell,6001
bruce.turner7@tak.nz,Bruce,Turner,6002
rose.stewart7@tak.nz,Rose,Stewart,6003
willie.ortiz7@tak.nz,Willie,Ortiz,6004
alexis.howard7@tak.nz,Alexis,Howard,6005
ralph.brooks7@tak.nz,Ralph,Brooks,6006
isabella.ruiz7@tak.nz,Isabella,Ruiz,6007
louis.myers7@tak.nz,Louis,Myers,6008
jasmine.perry7@tak.nz,Jasmine,Perry,6009
marcus.barnes7@tak.nz,Marcus,Barnes,6010
patricia.patterson7@tak.nz,Patricia,Patterson,6011
david.moreno7@tak.nz,David,Moreno,6012
sarah.ellis7@tak.nz,Sarah,Ellis,6013
matthew.harrison7@tak.nz,Matthew,Harrison,6014
ashley.simpson7@tak.nz,Ashley,Simpson,6015
joshua.pedersen7@tak.nz,Joshua,Pedersen,6016
melissa.ferguson7@tak.nz,Melissa,Ferguson,6017
edward.marsh7@tak.nz,Edward,Marsh,6018
kathleen.boyd7@tak.nz,Kathleen,Boyd,6019
eric.palmer7@tak.nz,Eric,Palmer,6020
pamela.burton7@tak.nz,Pamela,Burton,6021
benjamin.radley7@tak.nz,Benjamin,Radley,6022
rachel.smith7@tak.nz,Rachel,Smith,6023
jack.davis7@tak.nz,Jack,Davis,6024
diane.anderson7@tak.nz,Diane,Anderson,6025
nathan.perez7@tak.nz,Nathan,Perez,6026
christina.lewis7@tak.nz,Christina,Lewis,6027
walter.scott7@tak.nz,Walter,Scott,6028
cheryl.nelson7@tak.nz,Cheryl,Nelson,6029
austin.roberts7@tak.nz,Austin,Roberts,6030
janice.cruz7@tak.nz,Janice,Cruz,6031
lawrence.murphy7@tak.nz,Lawrence,Murphy,6032
beverly.peterson7@tak.nz,Beverly,Peterson,6033
joe.cox7@tak.nz,Joe,Cox,6034
diana.james7@tak.nz,Diana,James,6035
wayne.alvarez7@tak.nz,Wayne,Alvarez,6036
kayla.foster7@tak.nz,Kayla,Foster,6037
russell.bell7@tak.nz,Russell,Bell,6038
ava.vasquez7@tak.nz,Ava,Vasquez,6039
lee.graham7@tak.nz,Lee,Graham,6040
kylie.hayes7@tak.nz,Kylie,Hayes,6041
james.ford7@tak.nz,James,Ford,6042
linda.wells7@tak.nz,Linda,Wells,6043
joseph.berg7@tak.nz,Joseph,Berg,6044
nancy.fraser7@tak.nz,Nancy,Fraser,6045
mark.douglas7@tak.nz,Mark,Douglas,6046
emily.harvey7@tak.nz,Emily,Harvey,6047
kevin.hunt7@tak.nz,Kevin,Hunt,6048
stephanie.franklin7@tak.nz,Stephanie,Franklin,6049
jeffrey.whitfield7@tak.nz,Jeffrey,Whitfield,6050
shirley.redmond7@tak.nz,Shirley,Redmond,6051
stephen.brown7@tak.nz,Stephen,Brown,6052
emma.hernandez7@tak.nz,Emma,Hernandez,6053
gregory.moore7@tak.nz,Gregory,Moore,6054
carolyn.harris7@tak.nz,Carolyn,Harris,6055
jerry.young7@tak.nz,Jerry,Young,6056
julie.hill7@tak.nz,Julie,Hill,6057
zachary.rivera7@tak.nz,Zachary,Rivera,6058
joan.evans7@tak.nz,Joan,Evans,6059
jeremy.reyes7@tak.nz,Jeremy,Reyes,6060
jacqueline.gutierrez7@tak.nz,Jacqueline,Gutierrez,6061
gerald.kelly7@tak.nz,Gerald,Kelly,6062
julia.watson7@tak.nz,Julia,Watson,6063
jesse.mendoza7@tak.nz,Jesse,Mendoza,6064
marilyn.patel7@tak.nz,Marilyn,Patel,6065
alan.jenkins7@tak.nz,Alan,Jenkins,6066
natalie.henderson7@tak.nz,Natalie,Henderson,6067
vincent.jordan7@tak.nz,Vincent,Jordan,6068
doris.wallace7@tak.nz,Doris,Wallace,6069
philip.bryant7@tak.nz,Philip,Bryant,6070
chloe.mcdonald7@tak.nz,Chloe,McDonald,6071
craig.webb7@tak.nz,Craig,Webb,6072
ellie.andersen7@tak.nz,Ellie,Andersen,6073
robert.macdonald7@tak.nz,Robert,MacDonald,6074
barbara.bishop7@tak.nz,Barbara,Bishop,6075
charles.holt7@tak.nz,Charles,Holt,6076
margaret.curtis7@tak.nz,Margaret,Curtis,6077
steven.manning7@tak.nz,Steven,Manning,6078
michelle.kingsley7@tak.nz,Michelle,Kingsley,6079
george.ashford7@tak.nz,George,Ashford,6080
sharon.miller7@tak.nz,Sharon,Miller,6081
jacob.wilson7@tak.nz,Jacob,Wilson,6082
helen.lee7@tak.nz,Helen,Lee,6083
justin.ramirez7@tak.nz,Justin,Ramirez,6084
katherine.wright7@tak.nz,Katherine,Wright,6085
frank.adams7@tak.nz,Frank,Adams,6086
ruth.carter7@tak.nz,Ruth,Carter,6087
aaron.parker7@tak.nz,Aaron,Parker,6088
victoria.morales7@tak.nz,Victoria,Morales,6089
peter.cooper7@tak.nz,Peter,Cooper,6090
judith.kim7@tak.nz,Judith,Kim,6091
keith.wood7@tak.nz,Keith,Wood,6092
gloria.price7@tak.nz,Gloria,Price,6093
harold.ross7@tak.nz,Harold,Ross,6094
judy.sullivan7@tak.nz,Judy,Sullivan,6095
billy.fisher7@tak.nz,Billy,Fisher,6096
danielle.hamilton7@tak.nz,Danielle,Hamilton,6097
albert.cole7@tak.nz,Albert,Cole,6098
lori.murray7@tak.nz,Lori,Murray,6099
roy.kennedy7@tak.nz,Roy,Kennedy,6100
erin.christensen7@tak.nz,Erin,Christensen,6101
curtis.erikson7@tak.nz,Curtis,Erikson,6102
bethany.sinclair7@tak.nz,Bethany,Sinclair,6103
fred.barker7@tak.nz,Fred,Barker,6104
mary.dixon7@tak.nz,Mary,Dixon,6105
william.gardner7@tak.nz,William,Gardner,6106
jessica.chapman7@tak.nz,Jessica,Chapman,6107
daniel.delaney7@tak.nz,Daniel,Delaney,6108
sandra.williams7@tak.nz,Sandra,Williams,6109
andrew.martinez7@tak.nz,Andrew,Martinez,6110
amanda.taylor7@tak.nz,Amanda,Taylor,6111
ronald.white7@tak.nz,Ronald,White,6112
cynthia.walker7@tak.nz,Cynthia,Walker,6113
nicholas.nguyen7@tak.nz,Nicholas,Nguyen,6114
brenda.hall7@tak.nz,Brenda,Hall,6115
brandon.phillips7@tak.nz,Brandon,Phillips,6116
debra.collins7@tak.nz,Debra,Collins,6117
raymond.rogers7@tak.nz,Raymond,Rogers,6118
heather.reed7@tak.nz,Heather,Reed,6119
adam.richardson7@tak.nz,Adam,Richardson,6120
kelly.gray7@tak.nz,Kelly,Gray,6121
ethan.sanders7@tak.nz,Ethan,Sanders,6122
andrea.powell7@tak.nz,Andrea,Powell,6123
terry.butler7@tak.nz,Terry,Butler,6124
sara.romero7@tak.nz,Sara,Romero,6125
arthur.griffin7@tak.nz,Arthur,Griffin,6126
madison.gibson7@tak.nz,Madison,Gibson,6127
gabriel.owens7@tak.nz,Gabriel,Owens,6128
brittany.fernandez7@tak.nz,Brittany,Fernandez,6129
elijah.hansen7@tak.nz,Elijah,Hansen,6130
tiffany.stewart7@tak.nz,Tiffany,Stewart,6131
bobby.henderson7@tak.nz,Bobby,Henderson,6132
sophia.newton7@tak.nz,Sophia,Newton,6133
jimmy.barrett7@tak.nz,Jimmy,Barrett,6134
leah.todd7@tak.nz,Leah,Todd,6135
chad.ashworth7@tak.nz,Chad,Ashworth,6136
jennifer.blackburn7@tak.nz,Jennifer,Blackburn,6137
richard.garcia7@tak.nz,Richard,Garcia,6138
karen.gonzalez7@tak.nz,Karen,Gonzalez,6139
anthony.martin7@tak.nz,Anthony,Martin,6140
kimberly.clark7@tak.nz,Kimberly,Clark,6141
kenneth.king7@tak.nz,Kenneth,King,6142
deborah.green7@tak.nz,Deborah,Green,6143
jason.mitchell7@tak.nz,Jason,Mitchell,6144
amy.diaz7@tak.nz,Amy,Diaz,6145
jonathan.morris7@tak.nz,Jonathan,Morris,6146
nicole.morgan7@tak.nz,Nicole,Morgan,6147
samuel.ramos7@tak.nz,Samuel,Ramos,6148
catherine.chavez7@tak.nz,Catherine,Chavez,6149
dennis.hughes7@tak.nz,Dennis,Hughes,6150
virginia.long7@tak.nz,Virginia,Long,6151
henry.russell7@tak.nz,Henry,Russell,6152
lauren.gonzales7@tak.nz,Lauren,Gonzales,6153
noah.alexander7@tak.nz,Noah,Alexander,6154
hannah.west7@tak.nz,Hannah,West,6155
sean.stevens7@tak.nz,Sean,Stevens,6156
marie.ruiz7@tak.nz,Marie,Ruiz,6157
jordan.stevenson7@tak.nz,Jordan,Stevenson,6158
denise.olsen7@tak.nz,Denise,Olsen,6159
logan.duncan7@tak.nz,Logan,Duncan,6160
abigail.fletcher7@tak.nz,Abigail,Fletcher,6161
randy.pearce7@tak.nz,Randy,Pearce,6162
alice.osborne7@tak.nz,Alice,Osborne,6163
bradley.kirk7@tak.nz,Bradley,Kirk,6164
renee.winslow7@tak.nz,Renee,Winslow,6165
todd.johnson7@tak.nz,Todd,Johnson,6166
tara.rodriguez7@tak.nz,Tara,Rodriguez,6167
john.thomas7@tak.nz,John,Thomas,6168
elizabeth.thompson7@tak.nz,Elizabeth,Thompson,6169
thomas.robinson7@tak.nz,Thomas,Robinson,6170
lisa.torres7@tak.nz,Lisa,Torres,6171
donald.baker7@tak.nz,Donald,Baker,6172
donna.gomez7@tak.nz,Donna,Gomez,6173
brian.edwards7@tak.nz,Brian,Edwards,6174
rebecca.cook7@tak.nz,Rebecca,Cook,6175
ryan.bailey7@tak.nz,Ryan,Bailey,6176
angela.ward7@tak.nz,Angela,Ward,6177
larry.bennett7@tak.nz,Larry,Bennett,6178
samantha.castillo7@tak.nz,Samantha,Castillo,6179
alexander.jimenez7@tak.nz,Alexander,Jimenez,6180
janet.coleman7@tak.nz,Janet,Coleman,6181
tyler.simmons7@tak.nz,Tyler,Simmons,6182
joyce.reynolds7@tak.nz,Joyce,Reynolds,6183
douglas.chapman7@tak.nz,Douglas,Chapman,6184
evelyn.marshall7@tak.nz,Evelyn,Marshall,6185
christian.warren7@tak.nz,Christian,Warren,6186
martha.larsen7@tak.nz,Martha,Larsen,6187
carl.cameron7@tak.nz,Carl,Cameron,6188
grace.grant7@tak.nz,Grace,Grant,6189
bryan.chambers7@tak.nz,Bryan,Chambers,6190
amber.nolan7@tak.nz,Amber,Nolan,6191
juan.lawson7@tak.nz,Juan,Lawson,6192
jane.blackwood7@tak.nz,Jane,Blackwood,6193
mason.sutherland7@tak.nz,Mason,Sutherland,6194
gina.jones7@tak.nz,Gina,Jones,6195
eugene.lopez7@tak.nz,Eugene,Lopez,6196
charlotte.jackson7@tak.nz,Charlotte,Jackson,6197
alexis.sanchez7@tak.nz,Alexis,Sanchez,6198
priscilla.allen7@tak.nz,Priscilla,Allen,6199
michael.flores7@tak.nz,Michael,Flores,6200
susan.campbell7@tak.nz,Susan,Campbell,6201
christopher.turner7@tak.nz,Christopher,Turner,6202
betty.stewart7@tak.nz,Betty,Stewart,6203
paul.ortiz7@tak.nz,Paul,Ortiz,6204
carol.howard7@tak.nz,Carol,Howard,6205
timothy.brooks7@tak.nz,Timothy,Brooks,6206
laura.ruiz7@tak.nz,Laura,Ruiz,6207
gary.myers7@tak.nz,Gary,Myers,6208
anna.perry7@tak.nz,Anna,Perry,6209
scott.barnes7@tak.nz,Scott,Barnes,6210
christine.patterson7@tak.nz,Christine,Patterson,6211
patrick.moreno7@tak.nz,Patrick,Moreno,6212
maria.ellis7@tak.nz,Maria,Ellis,6213
jose.harrison7@tak.nz,Jose,Harrison,6214
olivia.simpson7@tak.nz,Olivia,Simpson,6215
kyle.pedersen7@tak.nz,Kyle,Pedersen,6216
megan.ferguson7@tak.nz,Megan,Ferguson,6217
roger.marsh7@tak.nz,Roger,Marsh,6218
teresa.boyd7@tak.nz,Teresa,Boyd,6219
dylan.palmer7@tak.nz,Dylan,Palmer,6220
theresa.burton7@tak.nz,Theresa,Burton,6221
bruce.radley7@tak.nz,Bruce,Radley,6222
rose.smith7@tak.nz,Rose,Smith,6223
willie.davis7@tak.nz,Willie,Davis,6224
alexis.anderson7@tak.nz,Alexis,Anderson,6225
ralph.perez7@tak.nz,Ralph,Perez,6226
isabella.lewis7@tak.nz,Isabella,Lewis,6227
louis.scott7@tak.nz,Louis,Scott,6228
jasmine.nelson7@tak.nz,Jasmine,Nelson,6229
marcus.roberts7@tak.nz,Marcus,Roberts,6230
patricia.cruz7@tak.nz,Patricia,Cruz,6231
david.murphy7@tak.nz,David,Murphy,6232
sarah.peterson7@tak.nz,Sarah,Peterson,6233
matthew.cox7@tak.nz,Matthew,Cox,6234
ashley.james7@tak.nz,Ashley,James,6235
joshua.alvarez7@tak.nz,Joshua,Alvarez,6236
melissa.foster7@tak.nz,Melissa,Foster,6237
edward.bell7@tak.nz,Edward,Bell,6238
kathleen.vasquez7@tak.nz,Kathleen,Vasquez,6239
eric.graham7@tak.nz,Eric,Graham,6240
pamela.hayes7@tak.nz,Pamela,Hayes,6241
benjamin.ford7@tak.nz,Benjamin,Ford,6242
rachel.wells7@tak.nz,Rachel,Wells,6243
jack.berg7@tak.nz,Jack,Berg,6244
diane.fraser7@tak.nz,Diane,Fraser,6245
nathan.douglas7@tak.nz,Nathan,Douglas,6246
christina.harvey7@tak.nz,Christina,Harvey,6247
walter.hunt7@tak.nz,Walter,Hunt,6248
cheryl.franklin7@tak.nz,Cheryl,Franklin,6249
austin.whitfield7@tak.nz,Austin,Whitfield,6250
janice.redmond7@tak.nz,Janice,Redmond,6251
lawrence.brown7@tak.nz,Lawrence,Brown,6252
beverly.hernandez7@tak.nz,Beverly,Hernandez,6253
joe.moore7@tak.nz,Joe,Moore,6254
diana.harris7@tak.nz,Diana,Harris,6255
wayne.young7@tak.nz,Wayne,Young,6256
kayla.hill7@tak.nz,Kayla,Hill,6257
russell.rivera7@tak.nz,Russell,Rivera,6258
ava.evans7@tak.nz,Ava,Evans,6259
lee.reyes7@tak.nz,Lee,Reyes,6260
kylie.gutierrez7@tak.nz,Kylie,Gutierrez,6261
james.kelly7@tak.nz,James,Kelly,6262
linda.watson7@tak.nz,Linda,Watson,6263
joseph.mendoza7@tak.nz,Joseph,Mendoza,6264
nancy.patel7@tak.nz,Nancy,Patel,6265
mark.jenkins7@tak.nz,Mark,Jenkins,6266
emily.henderson7@tak.nz,Emily,Henderson,6267
kevin.jordan7@tak.nz,Kevin,Jordan,6268
stephanie.wallace7@tak.nz,Stephanie,Wallace,6269
jeffrey.bryant7@tak.nz,Jeffrey,Bryant,6270
shirley.mcdonald7@tak.nz,Shirley,McDonald,6271
stephen.webb7@tak.nz,Stephen,Webb,6272
emma.andersen7@tak.nz,Emma,Andersen,6273
gregory.macdonald7@tak.nz,Gregory,MacDonald,6274
carolyn.bishop7@tak.nz,Carolyn,Bishop,6275
jerry.holt7@tak.nz,Jerry,Holt,6276
julie.curtis7@tak.nz,Julie,Curtis,6277
zachary.manning7@tak.nz,Zachary,Manning,6278
joan.kingsley7@tak.nz,Joan,Kingsley,6279
jeremy.ashford7@tak.nz,Jeremy,Ashford,6280
jacqueline.miller7@tak.nz,Jacqueline,Miller,6281
gerald.wilson7@tak.nz,Gerald,Wilson,6282
julia.lee7@tak.nz,Julia,Lee,6283
jesse.ramirez7@tak.nz,Jesse,Ramirez,6284
marilyn.wright7@tak.nz,Marilyn,Wright,6285
alan.adams7@tak.nz,Alan,Adams,6286
natalie.carter7@tak.nz,Natalie,Carter,6287
vincent.parker7@tak.nz,Vincent,Parker,6288
doris.morales7@tak.nz,Doris,Morales,6289
philip.cooper7@tak.nz,Philip,Cooper,6290
chloe.kim7@tak.nz,Chloe,Kim,6291
craig.wood7@tak.nz,Craig,Wood,6292
ellie.price7@tak.nz,Ellie,Price,6293
robert.ross7@tak.nz,Robert,Ross,6294
barbara.sullivan7@tak.nz,Barbara,Sullivan,6295
charles.fisher7@tak.nz,Charles,Fisher,6296
margaret.hamilton7@tak.nz,Margaret,Hamilton,6297
steven.cole7@tak.nz,Steven,Cole,6298
michelle.murray7@tak.nz,Michelle,Murray,6299
george.kennedy7@tak.nz,George,Kennedy,6300
sharon.christensen7@tak.nz,Sharon,Christensen,6301
jacob.erikson7@tak.nz,Jacob,Erikson,6302
helen.sinclair7@tak.nz,Helen,Sinclair,6303
justin.barker7@tak.nz,Justin,Barker,6304
katherine.dixon7@tak.nz,Katherine,Dixon,6305
frank.gardner7@tak.nz,Frank,Gardner,6306
ruth.chapman7@tak.nz,Ruth,Chapman,6307
aaron.delaney7@tak.nz,Aaron,Delaney,6308
victoria.williams7@tak.nz,Victoria,Williams,6309
peter.martinez7@tak.nz,Peter,Martinez,6310
judith.taylor7@tak.nz,Judith,Taylor,6311
keith.white7@tak.nz,Keith,White,6312
gloria.walker7@tak.nz,Gloria,Walker,6313
harold.nguyen7@tak.nz,Harold,Nguyen,6314
judy.hall7@tak.nz,Judy,Hall,6315
billy.phillips7@tak.nz,Billy,Phillips,6316
danielle.collins7@tak.nz,Danielle,Collins,6317
albert.rogers7@tak.nz,Albert,Rogers,6318
lori.reed7@tak.nz,Lori,Reed,6319
roy.richardson7@tak.nz,Roy,Richardson,6320
erin.gray7@tak.nz,Erin,Gray,6321
curtis.sanders7@tak.nz,Curtis,Sanders,6322
bethany.powell7@tak.nz,Bethany,Powell,6323
fred.butler7@tak.nz,Fred,Butler,6324
mary.romero7@tak.nz,Mary,Romero,6325
william.griffin7@tak.nz,William,Griffin,6326
jessica.gibson7@tak.nz,Jessica,Gibson,6327
daniel.owens7@tak.nz,Daniel,Owens,6328
sandra.fernandez7@tak.nz,Sandra,Fernandez,6329
andrew.hansen7@tak.nz,Andrew,Hansen,6330
amanda.stewart7@tak.nz,Amanda,Stewart,6331
ronald.henderson7@tak.nz,Ronald,Henderson,6332
cynthia.newton7@tak.nz,Cynthia,Newton,6333
nicholas.barrett7@tak.nz,Nicholas,Barrett,6334
brenda.todd7@tak.nz,Brenda,Todd,6335
brandon.ashworth7@tak.nz,Brandon,Ashworth,6336
debra.blackburn7@tak.nz,Debra,Blackburn,6337
raymond.garcia7@tak.nz,Raymond,Garcia,6338
heather.gonzalez7@tak.nz,Heather,Gonzalez,6339
adam.martin7@tak.nz,Adam,Martin,6340
kelly.clark7@tak.nz,Kelly,Clark,6341
ethan.king7@tak.nz,Ethan,King,6342
andrea.green7@tak.nz,Andrea,Green,6343
terry.mitchell7@tak.nz,Terry,Mitchell,6344
sara.diaz7@tak.nz,Sara,Diaz,6345
arthur.morris7@tak.nz,Arthur,Morris,6346
madison.morgan7@tak.nz,Madison,Morgan,6347
gabriel.ramos7@tak.nz,Gabriel,Ramos,6348
brittany.chavez7@tak.nz,Brittany,Chavez,6349
elijah.hughes7@tak.nz,Elijah,Hughes,6350
tiffany.long7@tak.nz,Tiffany,Long,6351
bobby.russell7@tak.nz,Bobby,Russell,6352
sophia.gonzales7@tak.nz,Sophia,Gonzales,6353
jimmy.alexander7@tak.nz,Jimmy,Alexander,6354
leah.west7@tak.nz,Leah,West,6355
chad.stevens7@tak.nz,Chad,Stevens,6356
jennifer.ruiz7@tak.nz,Jennifer,Ruiz,6357
richard.stevenson7@tak.nz,Richard,Stevenson,6358
karen.olsen7@tak.nz,Karen,Olsen,6359
anthony.duncan7@tak.nz,Anthony,Duncan,6360
kimberly.fletcher7@tak.nz,Kimberly,Fletcher,6361
kenneth.pearce7@tak.nz,Kenneth,Pearce,6362
deborah.osborne7@tak.nz,Deborah,Osborne,6363
jason.kirk7@tak.nz,Jason,Kirk,6364
amy.winslow7@tak.nz,Amy,Winslow,6365
jonathan.johnson7@tak.nz,Jonathan,Johnson,6366
nicole.rodriguez7@tak.nz,Nicole,Rodriguez,6367
samuel.thomas7@tak.nz,Samuel,Thomas,6368
catherine.thompson7@tak.nz,Catherine,Thompson,6369
dennis.robinson7@tak.nz,Dennis,Robinson,6370
virginia.torres7@tak.nz,Virginia,Torres,6371
henry.baker7@tak.nz,Henry,Baker,6372
lauren.gomez7@tak.nz,Lauren,Gomez,6373
noah.edwards7@tak.nz,Noah,Edwards,6374
hannah.cook7@tak.nz,Hannah,Cook,6375
sean.bailey7@tak.nz,Sean,Bailey,6376
marie.ward7@tak.nz,Marie,Ward,6377
jordan.bennett7@tak.nz,Jordan,Bennett,6378
denise.castillo7@tak.nz,Denise,Castillo,6379
logan.jimenez7@tak.nz,Logan,Jimenez,6380
abigail.coleman7@tak.nz,Abigail,Coleman,6381
randy.simmons7@tak.nz,Randy,Simmons,6382
alice.reynolds7@tak.nz,Alice,Reynolds,6383
bradley.chapman7@tak.nz,Bradley,Chapman,6384
renee.marshall7@tak.nz,Renee,Marshall,6385
todd.warren7@tak.nz,Todd,Warren,6386
tara.larsen7@tak.nz,Tara,Larsen,6387
john.cameron7@tak.nz,John,Cameron,6388
elizabeth.grant7@tak.nz,Elizabeth,Grant,6389
thomas.chambers7@tak.nz,Thomas,Chambers,6390
lisa.nolan7@tak.nz,Lisa,Nolan,6391
donald.lawson7@tak.nz,Donald,Lawson,6392
donna.blackwood7@tak.nz,Donna,Blackwood,6393
brian.sutherland7@tak.nz,Brian,Sutherland,6394
rebecca.jones7@tak.nz,Rebecca,Jones,6395
ryan.lopez7@tak.nz,Ryan,Lopez,6396
angela.jackson7@tak.nz,Angela,Jackson,6397
larry.sanchez7@tak.nz,Larry,Sanchez,6398
samantha.allen7@tak.nz,Samantha,Allen,6399
alexander.flores7@tak.nz,Alexander,Flores,6400
janet.campbell7@tak.nz,Janet,Campbell,6401
tyler.turner7@tak.nz,Tyler,Turner,6402
joyce.stewart7@tak.nz,Joyce,Stewart,6403
douglas.ortiz7@tak.nz,Douglas,Ortiz,6404
evelyn.howard7@tak.nz,Evelyn,Howard,6405
christian.brooks7@tak.nz,Christian,Brooks,6406
martha.ruiz7@tak.nz,Martha,Ruiz,6407
carl.myers7@tak.nz,Carl,Myers,6408
grace.perry7@tak.nz,Grace,Perry,6409
bryan.barnes7@tak.nz,Bryan,Barnes,6410
amber.patterson7@tak.nz,Amber,Patterson,6411
juan.moreno7@tak.nz,Juan,Moreno,6412
jane.ellis7@tak.nz,Jane,Ellis,6413
mason.harrison7@tak.nz,Mason,Harrison,6414
gina.simpson7@tak.nz,Gina,Simpson,6415
eugene.pedersen7@tak.nz,Eugene,Pedersen,6416
charlotte.ferguson7@tak.nz,Charlotte,Ferguson,6417
alexis.marsh7@tak.nz,Alexis,Marsh,6418
priscilla.boyd7@tak.nz,Priscilla,Boyd,6419
michael.palmer7@tak.nz,Michael,Palmer,6420
susan.burton7@tak.nz,Susan,Burton,5781
christopher.radley7@tak.nz,Christopher,Radley,5782
betty.smith7@tak.nz,Betty,Smith,5783
paul.davis7@tak.nz,Paul,Davis,5784
carol.anderson7@tak.nz,Carol,Anderson,5785
timothy.perez7@tak.nz,Timothy,Perez,5786
laura.lewis7@tak.nz,Laura,Lewis,5787
gary.scott7@tak.nz,Gary,Scott,5788
anna.nelson7@tak.nz,Anna,Nelson,5789
scott.roberts7@tak.nz,Scott,Roberts,5790
christine.cruz7@tak.nz,Christine,Cruz,5791
patrick.murphy7@tak.nz,Patrick,Murphy,5792
maria.peterson7@tak.nz,Maria,Peterson,5793
jose.cox7@tak.nz,Jose,Cox,5794
olivia.james7@tak.nz,Olivia,James,5795
kyle.alvarez7@tak.nz,Kyle,Alvarez,5796
megan.foster7@tak.nz,Megan,Foster,5797
roger.bell7@tak.nz,Roger,Bell,5798
teresa.vasquez7@tak.nz,Teresa,Vasquez,5799
dylan.graham7@tak.nz,Dylan,Graham,5800
theresa.hayes7@tak.nz,Theresa,Hayes,5801
bruce.ford7@tak.nz,Bruce,Ford,5802
rose.wells7@tak.nz,Rose,Wells,5803
willie.berg7@tak.nz,Willie,Berg,5804
alexis.fraser7@tak.nz,Alexis,Fraser,5805
ralph.douglas7@tak.nz,Ralph,Douglas,5806
isabella.harvey7@tak.nz,Isabella,Harvey,5807
louis.hunt7@tak.nz,Louis,Hunt,5808
jasmine.franklin7@tak.nz,Jasmine,Franklin,5809
marcus.whitfield7@tak.nz,Marcus,Whitfield,5810
patricia.redmond7@tak.nz,Patricia,Redmond,5811
david.brown7@tak.nz,David,Brown,5812
sarah.hernandez7@tak.nz,Sarah,Hernandez,5813
matthew.moore7@tak.nz,Matthew,Moore,5814
ashley.harris7@tak.nz,Ashley,Harris,5815
joshua.young7@tak.nz,Joshua,Young,5816
melissa.hill7@tak.nz,Melissa,Hill,5817
edward.rivera7@tak.nz,Edward,Rivera,5818
kathleen.evans7@tak.nz,Kathleen,Evans,5819
eric.reyes7@tak.nz,Eric,Reyes,5820
pamela.gutierrez7@tak.nz,Pamela,Gutierrez,5821
benjamin.kelly7@tak.nz,Benjamin,Kelly,5822
rachel.watson7@tak.nz,Rachel,Watson,5823
jack.mendoza7@tak.nz,Jack,Mendoza,5824
diane.patel7@tak.nz,Diane,Patel,5825
nathan.jenkins7@tak.nz,Nathan,Jenkins,5826
christina.henderson7@tak.nz,Christina,Henderson,5827
walter.jordan7@tak.nz,Walter,Jordan,5828
cheryl.wallace7@tak.nz,Cheryl,Wallace,5829
austin.bryant7@tak.nz,Austin,Bryant,5830
janice.mcdonald7@tak.nz,Janice,McDonald,5831
lawrence.webb7@tak.nz,Lawrence,Webb,5832
beverly.andersen7@tak.nz,Beverly,Andersen,5833
joe.macdonald7@tak.nz,Joe,MacDonald,5834
diana.bishop7@tak.nz,Diana,Bishop,5835
wayne.holt7@tak.nz,Wayne,Holt,5836
kayla.curtis7@tak.nz,Kayla,Curtis,5837
russell.manning7@tak.nz,Russell,Manning,5838
ava.kingsley7@tak.nz,Ava,Kingsley,5839
lee.ashford7@tak.nz,Lee,Ashford,5840
kylie.miller7@tak.nz,Kylie,Miller,5841
james.wilson7@tak.nz,James,Wilson,5842
linda.lee7@tak.nz,Linda,Lee,5843
joseph.ramirez7@tak.nz,Joseph,Ramirez,5844
nancy.wright7@tak.nz,Nancy,Wright,5845
mark.adams7@tak.nz,Mark,Adams,5846
emily.carter7@tak.nz,Emily,Carter,5847
kevin.parker7@tak.nz,Kevin,Parker,5848
stephanie.morales7@tak.nz,Stephanie,Morales,5849
jeffrey.cooper7@tak.nz,Jeffrey,Cooper,5850
shirley.kim7@tak.nz,Shirley,Kim,5851
stephen.wood7@tak.nz,Stephen,Wood,5852
emma.price7@tak.nz,Emma,Price,5853
gregory.ross7@tak.nz,Gregory,Ross,5854
carolyn.sullivan7@tak.nz,Carolyn,Sullivan,5855
jerry.fisher7@tak.nz,Jerry,Fisher,5856
julie.hamilton7@tak.nz,Julie,Hamilton,5857
zachary.cole7@tak.nz,Zachary,Cole,5858
joan.murray7@tak.nz,Joan,Murray,5859
jeremy.kennedy7@tak.nz,Jeremy,Kennedy,5860
jacqueline.christensen7@tak.nz,Jacqueline,Christensen,5861
gerald.erikson7@tak.nz,Gerald,Erikson,5862
julia.sinclair7@tak.nz,Julia,Sinclair,5863
jesse.barker7@tak.nz,Jesse,Barker,5864
marilyn.dixon7@tak.nz,Marilyn,Dixon,5865
alan.gardner7@tak.nz,Alan,Gardner,5866
natalie.chapman7@tak.nz,Natalie,Chapman,5867
vincent.delaney7@tak.nz,Vincent,Delaney,5868
doris.williams7@tak.nz,Doris,Williams,5869
philip.martinez7@tak.nz,Philip,Martinez,5870
chloe.taylor7@tak.nz,Chloe,Taylor,5871
craig.white7@tak.nz,Craig,White,5872
ellie.walker7@tak.nz,Ellie,Walker,5873
robert.nguyen7@tak.nz,Robert,Nguyen,5874
barbara.hall7@tak.nz,Barbara,Hall,5875
charles.phillips7@tak.nz,Charles,Phillips,5876
margaret.collins7@tak.nz,Margaret,Collins,5877
steven.rogers7@tak.nz,Steven,Rogers,5878
michelle.reed7@tak.nz,Michelle,Reed,5879
george.richardson7@tak.nz,George,Richardson,5880
sharon.gray7@tak.nz,Sharon,Gray,5881
jacob.sanders7@tak.nz,Jacob,Sanders,5882
helen.powell7@tak.nz,Helen,Powell,5883
justin.butler7@tak.nz,Justin,Butler,5884
katherine.romero7@tak.nz,Katherine,Romero,5885
frank.griffin7@tak.nz,Frank,Griffin,5886
ruth.gibson7@tak.nz,Ruth,Gibson,5887
aaron.owens7@tak.nz,Aaron,Owens,5888
victoria.fernandez7@tak.nz,Victoria,Fernandez,5889
peter.hansen7@tak.nz,Peter,Hansen,5890
judith.stewart7@tak.nz,Judith,Stewart,5891
keith.henderson7@tak.nz,Keith,Henderson,5892
gloria.newton7@tak.nz,Gloria,Newton,5893
harold.barrett7@tak.nz,Harold,Barrett,5894
judy.todd7@tak.nz,Judy,Todd,5895
billy.ashworth7@tak.nz,Billy,Ashworth,5896
danielle.blackburn7@tak.nz,Danielle,Blackburn,5897
albert.garcia7@tak.nz,Albert,Garcia,5898
lori.gonzalez7@tak.nz,Lori,Gonzalez,5899
roy.martin7@tak.nz,Roy,Martin,5900
erin.clark7@tak.nz,Erin,Clark,5901
curtis.king7@tak.nz,Curtis,King,5902
bethany.green7@tak.nz,Bethany,Green,5903
fred.mitchell7@tak.nz,Fred,Mitchell,5904
mary.diaz7@tak.nz,Mary,Diaz,5905
william.morris7@tak.nz,William,Morris,5906
jessica.morgan7@tak.nz,Jessica,Morgan,5907
daniel.ramos7@tak.nz,Daniel,Ramos,5908
sandra.chavez7@tak.nz,Sandra,Chavez,5909
andrew.hughes7@tak.nz,Andrew,Hughes,5910
amanda.long7@tak.nz,Amanda,Long,5911
ronald.russell7@tak.nz,Ronald,Russell,5912
cynthia.gonzales7@tak.nz,Cynthia,Gonzales,5913
nicholas.alexander7@tak.nz,Nicholas,Alexander,5914
brenda.west7@tak.nz,Brenda,West,5915
brandon.stevens7@tak.nz,Brandon,Stevens,5916
debra.ruiz7@tak.nz,Debra,Ruiz,5917
raymond.stevenson7@tak.nz,Raymond,Stevenson,5918
heather.olsen7@tak.nz,Heather,Olsen,5919
adam.duncan7@tak.nz,Adam,Duncan,5920
kelly.fletcher7@tak.nz,Kelly,Fletcher,5921
ethan.pearce7@tak.nz,Ethan,Pearce,5922
andrea.osborne7@tak.nz,Andrea,Osborne,5923
terry.kirk7@tak.nz,Terry,Kirk,5924
sara.winslow7@tak.nz,Sara,Winslow,5925
arthur.johnson7@tak.nz,Arthur,Johnson,5926
madison.rodriguez7@tak.nz,Madison,Rodriguez,5927
gabriel.thomas7@tak.nz,Gabriel,Thomas,5928
brittany.thompson7@tak.nz,Brittany,Thompson,5929
elijah.robinson7@tak.nz,Elijah,Robinson,5930
tiffany.torres7@tak.nz,Tiffany,Torres,5931
bobby.baker7@tak.nz,Bobby,Baker,5932
sophia.gomez7@tak.nz,Sophia,Gomez,5933
jimmy.edwards7@tak.nz,Jimmy,Edwards,5934
leah.cook7@tak.nz,Leah,Cook,5935
chad.bailey7@tak.nz,Chad,Bailey,5936
jennifer.ward7@tak.nz,Jennifer,Ward,5937
richard.bennett7@tak.nz,Richard,Bennett,5938
karen.castillo7@tak.nz,Karen,Castillo,5939
anthony.jimenez7@tak.nz,Anthony,Jimenez,5940
kimberly.coleman7@tak.nz,Kimberly,Coleman,5941
kenneth.simmons7@tak.nz,Kenneth,Simmons,5942
deborah.reynolds7@tak.nz,Deborah,Reynolds,5943
jason.chapman7@tak.nz,Jason,Chapman,5944
amy.marshall7@tak.nz,Amy,Marshall,5945
jonathan.warren7@tak.nz,Jonathan,Warren,5946
nicole.larsen7@tak.nz,Nicole,Larsen,5947
samuel.cameron7@tak.nz,Samuel,Cameron,5948
catherine.grant7@tak.nz,Catherine,Grant,5949
dennis.chambers7@tak.nz,Dennis,Chambers,5950
virginia.nolan7@tak.nz,Virginia,Nolan,5951
henry.lawson7@tak.nz,Henry,Lawson,5952
lauren.blackwood7@tak.nz,Lauren,Blackwood,5953
noah.sutherland7@tak.nz,Noah,Sutherland,5954
hannah.jones7@tak.nz,Hannah,Jones,5955
sean.lopez7@tak.nz,Sean,Lopez,5956
marie.jackson7@tak.nz,Marie,Jackson,5957
jordan.sanchez7@tak.nz,Jordan,Sanchez,5958
denise.allen7@tak.nz,Denise,Allen,5959
logan.flores7@tak.nz,Logan,Flores,5960
abigail.campbell7@tak.nz,Abigail,Campbell,5961
randy.turner7@tak.nz,Randy,Turner,5962
alice.stewart7@tak.nz,Alice,Stewart,5963
bradley.ortiz7@tak.nz,Bradley,Ortiz,5964
renee.howard7@tak.nz,Renee,Howard,5965
todd.brooks7@tak.nz,Todd,Brooks,5966
tara.ruiz7@tak.nz,Tara,Ruiz,5967
john.myers7@tak.nz,John,Myers,5968
elizabeth.perry7@tak.nz,Elizabeth,Perry,5969
thomas.barnes7@tak.nz,Thomas,Barnes,5970
lisa.patterson7@tak.nz,Lisa,Patterson,5971
donald.moreno7@tak.nz,Donald,Moreno,5972
donna.ellis7@tak.nz,Donna,Ellis,5973
brian.harrison7@tak.nz,Brian,Harrison,5974
rebecca.simpson7@tak.nz,Rebecca,Simpson,5975
ryan.pedersen7@tak.nz,Ryan,Pedersen,5976
angela.ferguson7@tak.nz,Angela,Ferguson,5977
larry.marsh7@tak.nz,Larry,Marsh,5978
samantha.boyd7@tak.nz,Samantha,Boyd,5979
alexander.palmer7@tak.nz,Alexander,Palmer,5980
janet.burton7@tak.nz,Janet,Burton,5981
tyler.radley7@tak.nz,Tyler,Radley,5982
joyce.smith7@tak.nz,Joyce,Smith,5983
douglas.davis7@tak.nz,Douglas,Davis,5984
evelyn.anderson7@tak.nz,Evelyn,Anderson,5985
christian.perez7@tak.nz,Christian,Perez,5986
martha.lewis7@tak.nz,Martha,Lewis,5987
carl.scott7@tak.nz,Carl,Scott,5988
grace.nelson7@tak.nz,Grace,Nelson,5989
bryan.roberts7@tak.nz,Bryan,Roberts,5990
amber.cruz7@tak.nz,Amber,Cruz,5991
juan.murphy7@tak.nz,Juan,Murphy,5992
jane.peterson7@tak.nz,Jane,Peterson,5993
mason.cox7@tak.nz,Mason,Cox,5994
gina.james7@tak.nz,Gina,James,5995
eugene.alvarez7@tak.nz,Eugene,Alvarez,5996
charlotte.foster7@tak.nz,Charlotte,Foster,5997
alexis.bell7@tak.nz,Alexis,Bell,5998
priscilla.vasquez7@tak.nz,Priscilla,Vasquez,5999
michael.graham7@tak.nz,Michael,Graham,6000
susan.hayes7@tak.nz,Susan,Hayes,6001
christopher.ford7@tak.nz,Christopher,Ford,6002
betty.wells7@tak.nz,Betty,Wells,6003
paul.berg7@tak.nz,Paul,Berg,6004
carol.fraser7@tak.nz,Carol,Fraser,6005
timothy.douglas7@tak.nz,Timothy,Douglas,6006
laura.harvey7@tak.nz,Laura,Harvey,6007
gary.hunt7@tak.nz,Gary,Hunt,6008
anna.franklin7@tak.nz,Anna,Franklin,6009
scott.whitfield7@tak.nz,Scott,Whitfield,6010
christine.redmond7@tak.nz,Christine,Redmond,6011
patrick.brown7@tak.nz,Patrick,Brown,6012
maria.hernandez7@tak.nz,Maria,Hernandez,6013
jose.moore7@tak.nz,Jose,Moore,6014
olivia.harris7@tak.nz,Olivia,Harris,6015
kyle.young7@tak.nz,Kyle,Young,6016
megan.hill7@tak.nz,Megan,Hill,6017
roger.rivera7@tak.nz,Roger,Rivera,6018
teresa.evans7@tak.nz,Teresa,Evans,6019
dylan.reyes7@tak.nz,Dylan,Reyes,6020
theresa.gutierrez7@tak.nz,Theresa,Gutierrez,6021
bruce.kelly7@tak.nz,Bruce,Kelly,6022
rose.watson7@tak.nz,Rose,Watson,6023
willie.mendoza7@tak.nz,Willie,Mendoza,6024
alexis.patel7@tak.nz,Alexis,Patel,6025
ralph.jenkins7@tak.nz,Ralph,Jenkins,6026
isabella.henderson7@tak.nz,Isabella,Henderson,6027
louis.jordan7@tak.nz,Louis,Jordan,6028
jasmine.wallace7@tak.nz,Jasmine,Wallace,6029
marcus.bryant7@tak.nz,Marcus,Bryant,6030
patricia.mcdonald7@tak.nz,Patricia,McDonald,6031
david.webb7@tak.nz,David,Webb,6032
sarah.andersen7@tak.nz,Sarah,Andersen,6033
matthew.macdonald7@tak.nz,Matthew,MacDonald,6034
ashley.bishop7@tak.nz,Ashley,Bishop,6035
joshua.holt7@tak.nz,Joshua,Holt,6036
melissa.curtis7@tak.nz,Melissa,Curtis,6037
edward.manning7@tak.nz,Edward,Manning,6038
kathleen.kingsley7@tak.nz,Kathleen,Kingsley,6039
eric.ashford7@tak.nz,Eric,Ashford,6040
pamela.miller7@tak.nz,Pamela,Miller,6041
benjamin.wilson7@tak.nz,Benjamin,Wilson,6042
rachel.lee7@tak.nz,Rachel,Lee,6043
jack.ramirez7@tak.nz,Jack,Ramirez,6044
diane.wright7@tak.nz,Diane,Wright,6045
nathan.adams7@tak.nz,Nathan,Adams,6046
christina.carter7@tak.nz,Christina,Carter,6047
walter.parker7@tak.nz,Walter,Parker,6048
cheryl.morales7@tak.nz,Cheryl,Morales,6049
austin.cooper7@tak.nz,Austin,Cooper,6050
janice.kim7@tak.nz,Janice,Kim,6051
lawrence.wood7@tak.nz,Lawrence,Wood,6052
beverly.price7@tak.nz,Beverly,Price,6053
joe.ross7@tak.nz,Joe,Ross,6054
diana.sullivan7@tak.nz,Diana,Sullivan,6055
wayne.fisher7@tak.nz,Wayne,Fisher,6056
kayla.hamilton7@tak.nz,Kayla,Hamilton,6057
russell.cole7@tak.nz,Russell,Cole,6058
ava.murray7@tak.nz,Ava,Murray,6059
lee.kennedy7@tak.nz,Lee,Kennedy,6060
kylie.christensen7@tak.nz,Kylie,Christensen,6061
james.erikson7@tak.nz,James,Erikson,6062
linda.sinclair7@tak.nz,Linda,Sinclair,6063
joseph.barker7@tak.nz,Joseph,Barker,6064
nancy.dixon7@tak.nz,Nancy,Dixon,6065
mark.gardner7@tak.nz,Mark,Gardner,6066
emily.chapman7@tak.nz,Emily,Chapman,6067
kevin.delaney7@tak.nz,Kevin,Delaney,6068
stephanie.williams7@tak.nz,Stephanie,Williams,6069
jeffrey.martinez7@tak.nz,Jeffrey,Martinez,6070
shirley.taylor7@tak.nz,Shirley,Taylor,6071
stephen.white7@tak.nz,Stephen,White,6072
emma.walker7@tak.nz,Emma,Walker,6073
gregory.nguyen7@tak.nz,Gregory,Nguyen,6074
carolyn.hall7@tak.nz,Carolyn,Hall,6075
jerry.phillips7@tak.nz,Jerry,Phillips,6076
julie.collins7@tak.nz,Julie,Collins,6077
zachary.rogers7@tak.nz,Zachary,Rogers,6078
joan.reed7@tak.nz,Joan,Reed,6079
jeremy.richardson7@tak.nz,Jeremy,Richardson,6080
jacqueline.gray7@tak.nz,Jacqueline,Gray,6081
gerald.sanders7@tak.nz,Gerald,Sanders,6082
julia.powell7@tak.nz,Julia,Powell,6083
jesse.butler7@tak.nz,Jesse,Butler,6084
marilyn.romero7@tak.nz,Marilyn,Romero,6085
alan.griffin7@tak.nz,Alan,Griffin,6086
natalie.gibson7@tak.nz,Natalie,Gibson,6087
vincent.owens7@tak.nz,Vincent,Owens,6088
doris.fernandez7@tak.nz,Doris,Fernandez,6089
philip.hansen7@tak.nz,Philip,Hansen,6090
chloe.stewart7@tak.nz,Chloe,Stewart,6091
craig.henderson7@tak.nz,Craig,Henderson,6092
ellie.newton7@tak.nz,Ellie,Newton,6093
robert.barrett7@tak.nz,Robert,Barrett,6094
barbara.todd7@tak.nz,Barbara,Todd,6095
charles.ashworth7@tak.nz,Charles,Ashworth,6096
margaret.blackburn7@tak.nz,Margaret,Blackburn,6097
steven.garcia7@tak.nz,Steven,Garcia,6098
michelle.gonzalez7@tak.nz,Michelle,Gonzalez,6099
george.martin7@tak.nz,George,Martin,6100
sharon.clark7@tak.nz,Sharon,Clark,6101
jacob.king7@tak.nz,Jacob,King,6102
helen.green7@tak.nz,Helen,Green,6103
justin.mitchell7@tak.nz,Justin,Mitchell,6104
katherine.diaz7@tak.nz,Katherine,Diaz,6105
frank.morris7@tak.nz,Frank,Morris,6106
ruth.morgan7@tak.nz,Ruth,Morgan,6107
aaron.ramos7@tak.nz,Aaron,Ramos,6108
victoria.chavez7@tak.nz,Victoria,Chavez,6109
peter.hughes7@tak.nz,Peter,Hughes,6110
judith.long7@tak.nz,Judith,Long,6111
keith.russell7@tak.nz,Keith,Russell,6112
gloria.gonzales7@tak.nz,Gloria,Gonzales,6113
harold.alexander7@tak.nz,Harold,Alexander,6114
judy.west7@tak.nz,Judy,West,6115
billy.stevens7@tak.nz,Billy,Stevens,6116
danielle.ruiz7@tak.nz,Danielle,Ruiz,6117
albert.stevenson7@tak.nz,Albert,Stevenson,6118
lori.olsen7@tak.nz,Lori,Olsen,6119
roy.duncan7@tak.nz,Roy,Duncan,6120
erin.fletcher7@tak.nz,Erin,Fletcher,6121
curtis.pearce7@tak.nz,Curtis,Pearce,6122
bethany.osborne7@tak.nz,Bethany,Osborne,6123
fred.kirk7@tak.nz,Fred,Kirk,6124
mary.winslow7@tak.nz,Mary,Winslow,6125
william.johnson7@tak.nz,William,Johnson,6126
jessica.rodriguez7@tak.nz,Jessica,Rodriguez,6127
daniel.thomas7@tak.nz,Daniel,Thomas,6128
sandra.thompson7@tak.nz,Sandra,Thompson,6129
andrew.robinson7@tak.nz,Andrew,Robinson,6130
amanda.torres7@tak.nz,Amanda,Torres,6131
ronald.baker7@tak.nz,Ronald,Baker,6132
cynthia.gomez7@tak.nz,Cynthia,Gomez,6133
nicholas.edwards7@tak.nz,Nicholas,Edwards,6134
brenda.cook7@tak.nz,Brenda,Cook,6135
brandon.bailey7@tak.nz,Brandon,Bailey,6136
debra.ward7@tak.nz,Debra,Ward,6137
raymond.bennett7@tak.nz,Raymond,Bennett,6138
heather.castillo7@tak.nz,Heather,Castillo,6139
adam.jimenez7@tak.nz,Adam,Jimenez,6140
kelly.coleman7@tak.nz,Kelly,Coleman,6141
ethan.simmons7@tak.nz,Ethan,Simmons,6142
andrea.reynolds7@tak.nz,Andrea,Reynolds,6143
terry.chapman7@tak.nz,Terry,Chapman,6144
sara.marshall7@tak.nz,Sara,Marshall,6145
arthur.warren7@tak.nz,Arthur,Warren,6146
madison.larsen7@tak.nz,Madison,Larsen,6147
gabriel.cameron7@tak.nz,Gabriel,Cameron,6148
brittany.grant7@tak.nz,Brittany,Grant,6149
elijah.chambers7@tak.nz,Elijah,Chambers,6150
tiffany.nolan7@tak.nz,Tiffany,Nolan,6151
bobby.lawson7@tak.nz,Bobby,Lawson,6152
sophia.blackwood7@tak.nz,Sophia,Blackwood,6153
jimmy.sutherland7@tak.nz,Jimmy,Sutherland,6154
leah.jones7@tak.nz,Leah,Jones,6155
chad.lopez7@tak.nz,Chad,Lopez,6156
jennifer.jackson7@tak.nz,Jennifer,Jackson,6157
richard.sanchez7@tak.nz,Richard,Sanchez,6158
karen.allen7@tak.nz,Karen,Allen,6159
anthony.flores7@tak.nz,Anthony,Flores,6160
kimberly.campbell7@tak.nz,Kimberly,Campbell,6161
kenneth.turner7@tak.nz,Kenneth,Turner,6162
deborah.stewart7@tak.nz,Deborah,Stewart,6163
jason.ortiz7@tak.nz,Jason,Ortiz,6164
amy.howard7@tak.nz,Amy,Howard,6165
jonathan.brooks7@tak.nz,Jonathan,Brooks,6166
nicole.ruiz7@tak.nz,Nicole,Ruiz,6167
samuel.myers7@tak.nz,Samuel,Myers,6168
catherine.perry7@tak.nz,Catherine,Perry,6169
dennis.barnes7@tak.nz,Dennis,Barnes,6170
virginia.patterson7@tak.nz,Virginia,Patterson,6171
henry.moreno7@tak.nz,Henry,Moreno,6172
lauren.ellis7@tak.nz,Lauren,Ellis,6173
noah.harrison7@tak.nz,Noah,Harrison,6174
hannah.simpson7@tak.nz,Hannah,Simpson,6175
sean.pedersen7@tak.nz,Sean,Pedersen,6176
marie.ferguson7@tak.nz,Marie,Ferguson,6177
jordan.marsh7@tak.nz,Jordan,Marsh,6178
denise.boyd7@tak.nz,Denise,Boyd,6179
logan.palmer7@tak.nz,Logan,Palmer,6180
abigail.burton7@tak.nz,Abigail,Burton,6181
randy.radley7@tak.nz,Randy,Radley,6182
alice.smith7@tak.nz,Alice,Smith,6183
bradley.davis7@tak.nz,Bradley,Davis,6184
renee.anderson7@tak.nz,Renee,Anderson,6185
todd.perez7@tak.nz,Todd,Perez,6186
tara.lewis7@tak.nz,Tara,Lewis,6187
john.scott7@tak.nz,John,Scott,6188
elizabeth.nelson7@tak.nz,Elizabeth,Nelson,6189
thomas.roberts7@tak.nz,Thomas,Roberts,6190
lisa.cruz7@tak.nz,Lisa,Cruz,6191
donald.murphy7@tak.nz,Donald,Murphy,6192
donna.peterson7@tak.nz,Donna,Peterson,6193
brian.cox7@tak.nz,Brian,Cox,6194
rebecca.james7@tak.nz,Rebecca,James,6195
ryan.alvarez7@tak.nz,Ryan,Alvarez,6196
angela.foster7@tak.nz,Angela,Foster,6197
larry.bell7@tak.nz,Larry,Bell,6198
samantha.vasquez7@tak.nz,Samantha,Vasquez,6199
alexander.graham7@tak.nz,Alexander,Graham,6200
janet.hayes7@tak.nz,Janet,Hayes,6201
tyler.ford7@tak.nz,Tyler,Ford,6202
joyce.wells7@tak.nz,Joyce,Wells,6203
douglas.berg7@tak.nz,Douglas,Berg,6204
evelyn.fraser7@tak.nz,Evelyn,Fraser,6205
christian.douglas7@tak.nz,Christian,Douglas,6206
martha.harvey7@tak.nz,Martha,Harvey,6207
carl.hunt7@tak.nz,Carl,Hunt,6208
grace.franklin7@tak.nz,Grace,Franklin,6209
bryan.whitfield7@tak.nz,Bryan,Whitfield,6210
amber.redmond7@tak.nz,Amber,Redmond,6211
juan.brown7@tak.nz,Juan,Brown,6212
jane.hernandez7@tak.nz,Jane,Hernandez,6213
mason.moore7@tak.nz,Mason,Moore,6214
gina.harris7@tak.nz,Gina,Harris,6215
eugene.young7@tak.nz,Eugene,Young,6216
charlotte.hill7@tak.nz,Charlotte,Hill,6217
alexis.rivera7@tak.nz,Alexis,Rivera,6218
priscilla.evans7@tak.nz,Priscilla,Evans,6219
michael.reyes7@tak.nz,Michael,Reyes,6220
susan.gutierrez7@tak.nz,Susan,Gutierrez,6221
christopher.kelly7@tak.nz,Christopher,Kelly,6222
betty.watson7@tak.nz,Betty,Watson,6223
paul.mendoza7@tak.nz,Paul,Mendoza,6224
carol.patel7@tak.nz,Carol,Patel,6225
timothy.jenkins7@tak.nz,Timothy,Jenkins,6226
laura.henderson7@tak.nz,Laura,Henderson,6227
gary.jordan7@tak.nz,Gary,Jordan,6228
anna.wallace7@tak.nz,Anna,Wallace,6229
scott.bryant7@tak.nz,Scott,Bryant,6230
christine.mcdonald7@tak.nz,Christine,McDonald,6231
patrick.webb7@tak.nz,Patrick,Webb,6232
maria.andersen7@tak.nz,Maria,Andersen,6233
jose.macdonald7@tak.nz,Jose,MacDonald,6234
olivia.bishop7@tak.nz,Olivia,Bishop,6235
kyle.holt7@tak.nz,Kyle,Holt,6236
megan.curtis7@tak.nz,Megan,Curtis,6237
roger.manning7@tak.nz,Roger,Manning,6238
teresa.kingsley7@tak.nz,Teresa,Kingsley,6239
dylan.ashford7@tak.nz,Dylan,Ashford,6240
theresa.miller7@tak.nz,Theresa,Miller,6241
bruce.wilson7@tak.nz,Bruce,Wilson,6242
rose.lee7@tak.nz,Rose,Lee,6243
willie.ramirez7@tak.nz,Willie,Ramirez,6244
alexis.wright7@tak.nz,Alexis,Wright,6245
ralph.adams7@tak.nz,Ralph,Adams,6246
isabella.carter7@tak.nz,Isabella,Carter,6247
louis.parker7@tak.nz,Louis,Parker,6248
jasmine.morales7@tak.nz,Jasmine,Morales,6249
marcus.cooper7@tak.nz,Marcus,Cooper,6250
patricia.kim7@tak.nz,Patricia,Kim,6251
david.wood7@tak.nz,David,Wood,6252
sarah.price7@tak.nz,Sarah,Price,6253
matthew.ross7@tak.nz,Matthew,Ross,6254
ashley.sullivan7@tak.nz,Ashley,Sullivan,6255
joshua.fisher7@tak.nz,Joshua,Fisher,6256
melissa.hamilton7@tak.nz,Melissa,Hamilton,6257
edward.cole7@tak.nz,Edward,Cole,6258
kathleen.murray7@tak.nz,Kathleen,Murray,6259
eric.kennedy7@tak.nz,Eric,Kennedy,6260
pamela.christensen7@tak.nz,Pamela,Christensen,6261
benjamin.erikson7@tak.nz,Benjamin,Erikson,6262
rachel.sinclair7@tak.nz,Rachel,Sinclair,6263
jack.barker7@tak.nz,Jack,Barker,6264
diane.dixon7@tak.nz,Diane,Dixon,6265
nathan.gardner7@tak.nz,Nathan,Gardner,6266
christina.chapman7@tak.nz,Christina,Chapman,6267
walter.delaney7@tak.nz,Walter,Delaney,6268
cheryl.williams7@tak.nz,Cheryl,Williams,6269
austin.martinez7@tak.nz,Austin,Martinez,6270
janice.taylor7@tak.nz,Janice,Taylor,6271
lawrence.white7@tak.nz,Lawrence,White,6272
beverly.walker7@tak.nz,Beverly,Walker,6273
joe.nguyen7@tak.nz,Joe,Nguyen,6274
diana.hall7@tak.nz,Diana,Hall,6275
wayne.phillips7@tak.nz,Wayne,Phillips,6276
kayla.collins7@tak.nz,Kayla,Collins,6277
russell.rogers7@tak.nz,Russell,Rogers,6278
ava.reed7@tak.nz,Ava,Reed,6279
lee.richardson7@tak.nz,Lee,Richardson,6280
kylie.gray7@tak.nz,Kylie,Gray,6281
james.sanders7@tak.nz,James,Sanders,6282
linda.powell7@tak.nz,Linda,Powell,6283
joseph.butler7@tak.nz,Joseph,Butler,6284
nancy.romero7@tak.nz,Nancy,Romero,6285
mark.griffin7@tak.nz,Mark,Griffin,6286
emily.gibson7@tak.nz,Emily,Gibson,6287
kevin.owens7@tak.nz,Kevin,Owens,6288
stephanie.fernandez7@tak.nz,Stephanie,Fernandez,6289
jeffrey.hansen7@tak.nz,Jeffrey,Hansen,6290
shirley.stewart7@tak.nz,Shirley,Stewart,6291
stephen.henderson7@tak.nz,Stephen,Henderson,6292
emma.newton7@tak.nz,Emma,Newton,6293
gregory.barrett7@tak.nz,Gregory,Barrett,6294
carolyn.todd7@tak.nz,Carolyn,Todd,6295
jerry.ashworth7@tak.nz,Jerry,Ashworth,6296
julie.blackburn7@tak.nz,Julie,Blackburn,6297
zachary.garcia7@tak.nz,Zachary,Garcia,6298
joan.gonzalez7@tak.nz,Joan,Gonzalez,6299
jeremy.martin7@tak.nz,Jeremy,Martin,6300
jacqueline.clark7@tak.nz,Jacqueline,Clark,6301
gerald.king7@tak.nz,Gerald,King,6302
julia.green7@tak.nz,Julia,Green,6303
jesse.mitchell7@tak.nz,Jesse,Mitchell,6304
marilyn.diaz7@tak.nz,Marilyn,Diaz,6305
alan.morris7@tak.nz,Alan,Morris,6306
natalie.morgan7@tak.nz,Natalie,Morgan,6307
vincent.ramos7@tak.nz,Vincent,Ramos,6308
doris.chavez7@tak.nz,Doris,Chavez,6309
philip.hughes7@tak.nz,Philip,Hughes,6310
chloe.long7@tak.nz,Chloe,Long,6311
craig.russell7@tak.nz,Craig,Russell,6312
ellie.gonzales7@tak.nz,Ellie,Gonzales,6313
robert.alexander7@tak.nz,Robert,Alexander,6314
barbara.west7@tak.nz,Barbara,West,6315
charles.stevens7@tak.nz,Charles,Stevens,6316
margaret.ruiz7@tak.nz,Margaret,Ruiz,6317
steven.stevenson7@tak.nz,Steven,Stevenson,6318
michelle.olsen7@tak.nz,Michelle,Olsen,6319
george.duncan7@tak.nz,George,Duncan,6320
sharon.fletcher7@tak.nz,Sharon,Fletcher,6321
jacob.pearce7@tak.nz,Jacob,Pearce,6322
helen.osborne7@tak.nz,Helen,Osborne,6323
justin.kirk7@tak.nz,Justin,Kirk,6324
katherine.winslow7@tak.nz,Katherine,Winslow,6325
frank.johnson7@tak.nz,Frank,Johnson,6326
ruth.rodriguez7@tak.nz,Ruth,Rodriguez,6327
aaron.thomas7@tak.nz,Aaron,Thomas,6328
victoria.thompson7@tak.nz,Victoria,Thompson,6329
peter.robinson7@tak.nz,Peter,Robinson,6330
judith.torres7@tak.nz,Judith,Torres,6331
keith.baker7@tak.nz,Keith,Baker,6332
gloria.gomez7@tak.nz,Gloria,Gomez,6333
harold.edwards7@tak.nz,Harold,Edwards,6334
judy.cook7@tak.nz,Judy,Cook,6335
billy.bailey7@tak.nz,Billy,Bailey,6336
danielle.ward7@tak.nz,Danielle,Ward,6337
albert.bennett7@tak.nz,Albert,Bennett,6338
lori.castillo7@tak.nz,Lori,Castillo,6339
roy.jimenez7@tak.nz,Roy,Jimenez,6340
erin.coleman7@tak.nz,Erin,Coleman,6341
curtis.simmons7@tak.nz,Curtis,Simmons,6342
bethany.reynolds7@tak.nz,Bethany,Reynolds,6343
fred.chapman7@tak.nz,Fred,Chapman,6344
mary.marshall7@tak.nz,Mary,Marshall,6345
william.warren7@tak.nz,William,Warren,6346
jessica.larsen7@tak.nz,Jessica,Larsen,6347
daniel.cameron7@tak.nz,Daniel,Cameron,6348
sandra.grant7@tak.nz,Sandra,Grant,6349
andrew.chambers7@tak.nz,Andrew,Chambers,6350
amanda.nolan7@tak.nz,Amanda,Nolan,6351
ronald.lawson7@tak.nz,Ronald,Lawson,6352
cynthia.blackwood7@tak.nz,Cynthia,Blackwood,6353
nicholas.sutherland7@tak.nz,Nicholas,Sutherland,6354
brenda.jones7@tak.nz,Brenda,Jones,6355
brandon.lopez7@tak.nz,Brandon,Lopez,6356
debra.jackson7@tak.nz,Debra,Jackson,6357
raymond.sanchez7@tak.nz,Raymond,Sanchez,6358
heather.allen7@tak.nz,Heather,Allen,6359
adam.flores7@tak.nz,Adam,Flores,6360
kelly.campbell7@tak.nz,Kelly,Campbell,6361
ethan.turner7@tak.nz,Ethan,Turner,6362
andrea.stewart7@tak.nz,Andrea,Stewart,6363
terry.ortiz7@tak.nz,Terry,Ortiz,6364
sara.howard7@tak.nz,Sara,Howard,6365
arthur.brooks7@tak.nz,Arthur,Brooks,6366
madison.ruiz7@tak.nz,Madison,Ruiz,6367
gabriel.myers7@tak.nz,Gabriel,Myers,6368
brittany.perry7@tak.nz,Brittany,Perry,6369
elijah.barnes7@tak.nz,Elijah,Barnes,6370
tiffany.patterson7@tak.nz,Tiffany,Patterson,6371
bobby.moreno7@tak.nz,Bobby,Moreno,6372
sophia.ellis7@tak.nz,Sophia,Ellis,6373
jimmy.harrison7@tak.nz,Jimmy,Harrison,6374
leah.simpson7@tak.nz,Leah,Simpson,6375
chad.pedersen7@tak.nz,Chad,Pedersen,6376
jennifer.ferguson7@tak.nz,Jennifer,Ferguson,6377
richard.marsh7@tak.nz,Richard,Marsh,6378
karen.boyd7@tak.nz,Karen,Boyd,6379
anthony.palmer7@tak.nz,Anthony,Palmer,6380
kimberly.burton7@tak.nz,Kimberly,Burton,6381
kenneth.radley7@tak.nz,Kenneth,Radley,6382
deborah.smith7@tak.nz,Deborah,Smith,6383
jason.davis7@tak.nz,Jason,Davis,6384
amy.anderson7@tak.nz,Amy,Anderson,6385
jonathan.perez7@tak.nz,Jonathan,Perez,6386
nicole.lewis7@tak.nz,Nicole,Lewis,6387
samuel.scott7@tak.nz,Samuel,Scott,6388
catherine.nelson7@tak.nz,Catherine,Nelson,6389
dennis.roberts7@tak.nz,Dennis,Roberts,6390
virginia.cruz7@tak.nz,Virginia,Cruz,6391
henry.murphy7@tak.nz,Henry,Murphy,6392
lauren.peterson7@tak.nz,Lauren,Peterson,6393
noah.cox7@tak.nz,Noah,Cox,6394
hannah.james7@tak.nz,Hannah,James,6395
sean.alvarez7@tak.nz,Sean,Alvarez,6396
marie.foster7@tak.nz,Marie,Foster,6397
jordan.bell7@tak.nz,Jordan,Bell,6398
denise.vasquez7@tak.nz,Denise,Vasquez,6399
logan.graham7@tak.nz,Logan,Graham,6400
abigail.hayes7@tak.nz,Abigail,Hayes,6401
randy.ford7@tak.nz,Randy,Ford,6402
alice.wells7@tak.nz,Alice,Wells,6403
bradley.berg7@tak.nz,Bradley,Berg,6404
renee.fraser7@tak.nz,Renee,Fraser,6405
todd.douglas7@tak.nz,Todd,Douglas,6406
tara.harvey7@tak.nz,Tara,Harvey,6407
john.hunt7@tak.nz,John,Hunt,6408
elizabeth.franklin7@tak.nz,Elizabeth,Franklin,6409
thomas.whitfield7@tak.nz,Thomas,Whitfield,6410
lisa.redmond7@tak.nz,Lisa,Redmond,6411
donald.brown7@tak.nz,Donald,Brown,6412
donna.hernandez7@tak.nz,Donna,Hernandez,6413
brian.moore7@tak.nz,Brian,Moore,6414
rebecca.harris7@tak.nz,Rebecca,Harris,6415
ryan.young7@tak.nz,Ryan,Young,6416
angela.hill7@tak.nz,Angela,Hill,6417
larry.rivera7@tak.nz,Larry,Rivera,6418
samantha.evans7@tak.nz,Samantha,Evans,6419
alexander.reyes7@tak.nz,Alexander,Reyes,6420
janet.gutierrez7@tak.nz,Janet,Gutierrez,5781
tyler.kelly7@tak.nz,Tyler,Kelly,5782
joyce.watson7@tak.nz,Joyce,Watson,5783
douglas.mendoza7@tak.nz,Douglas,Mendoza,5784
evelyn.patel7@tak.nz,Evelyn,Patel,5785
christian.jenkins7@tak.nz,Christian,Jenkins,5786
martha.henderson7@tak.nz,Martha,Henderson,5787
carl.jordan7@tak.nz,Carl,Jordan,5788
grace.wallace7@tak.nz,Grace,Wallace,5789
bryan.bryant7@tak.nz,Bryan,Bryant,5790
amber.mcdonald7@tak.nz,Amber,McDonald,5791
juan.webb7@tak.nz,Juan,Webb,5792
jane.andersen7@tak.nz,Jane,Andersen,5793
mason.macdonald7@tak.nz,Mason,MacDonald,5794
gina.bishop7@tak.nz,Gina,Bishop,5795
eugene.holt7@tak.nz,Eugene,Holt,5796
charlotte.curtis7@tak.nz,Charlotte,Curtis,5797
alexis.manning7@tak.nz,Alexis,Manning,5798
priscilla.kingsley7@tak.nz,Priscilla,Kingsley,5799
michael.ashford7@tak.nz,Michael,Ashford,5800
susan.miller7@tak.nz,Susan,Miller,5801
christopher.wilson7@tak.nz,Christopher,Wilson,5802
betty.lee7@tak.nz,Betty,Lee,5803
paul.ramirez7@tak.nz,Paul,Ramirez,5804
carol.wright7@tak.nz,Carol,Wright,5805
timothy.adams7@tak.nz,Timothy,Adams,5806
laura.carter7@tak.nz,Laura,Carter,5807
gary.parker7@tak.nz,Gary,Parker,5808
anna.morales7@tak.nz,Anna,Morales,5809
scott.cooper7@tak.nz,Scott,Cooper,5810
christine.kim7@tak.nz,Christine,Kim,5811
patrick.wood7@tak.nz,Patrick,Wood,5812
maria.price7@tak.nz,Maria,Price,5813
jose.ross7@tak.nz,Jose,Ross,5814
olivia.sullivan7@tak.nz,Olivia,Sullivan,5815
kyle.fisher7@tak.nz,Kyle,Fisher,5816
megan.hamilton7@tak.nz,Megan,Hamilton,5817
roger.cole7@tak.nz,Roger,Cole,5818
teresa.murray7@tak.nz,Teresa,Murray,5819
dylan.kennedy7@tak.nz,Dylan,Kennedy,5820
theresa.christensen7@tak.nz,Theresa,Christensen,5821
bruce.erikson7@tak.nz,Bruce,Erikson,5822
rose.sinclair7@tak.nz,Rose,Sinclair,5823
willie.barker7@tak.nz,Willie,Barker,5824
alexis.dixon7@tak.nz,Alexis,Dixon,5825
ralph.gardner7@tak.nz,Ralph,Gardner,5826
isabella.chapman7@tak.nz,Isabella,Chapman,5827
louis.delaney7@tak.nz,Louis,Delaney,5828
jasmine.williams7@tak.nz,Jasmine,Williams,5829
marcus.martinez7@tak.nz,Marcus,Martinez,5830
patricia.taylor7@tak.nz,Patricia,Taylor,5831
david.white7@tak.nz,David,White,5832
sarah.walker7@tak.nz,Sarah,Walker,5833
matthew.nguyen7@tak.nz,Matthew,Nguyen,5834
ashley.hall7@tak.nz,Ashley,Hall,5835
joshua.phillips7@tak.nz,Joshua,Phillips,5836
melissa.collins7@tak.nz,Melissa,Collins,5837
edward.rogers7@tak.nz,Edward,Rogers,5838
kathleen.reed7@tak.nz,Kathleen,Reed,5839
eric.richardson7@tak.nz,Eric,Richardson,5840
pamela.gray7@tak.nz,Pamela,Gray,5841
benjamin.sanders7@tak.nz,Benjamin,Sanders,5842
rachel.powell7@tak.nz,Rachel,Powell,5843
jack.butler7@tak.nz,Jack,Butler,5844
diane.romero7@tak.nz,Diane,Romero,5845
nathan.griffin7@tak.nz,Nathan,Griffin,5846
christina.gibson7@tak.nz,Christina,Gibson,5847
walter.owens7@tak.nz,Walter,Owens,5848
cheryl.fernandez7@tak.nz,Cheryl,Fernandez,5849
austin.hansen7@tak.nz,Austin,Hansen,5850
janice.stewart7@tak.nz,Janice,Stewart,5851
lawrence.henderson7@tak.nz,Lawrence,Henderson,5852
beverly.newton7@tak.nz,Beverly,Newton,5853
joe.barrett7@tak.nz,Joe,Barrett,5854
diana.todd7@tak.nz,Diana,Todd,5855
wayne.ashworth7@tak.nz,Wayne,Ashworth,5856
kayla.blackburn7@tak.nz,Kayla,Blackburn,5857
russell.garcia7@tak.nz,Russell,Garcia,5858
ava.gonzalez7@tak.nz,Ava,Gonzalez,5859
lee.martin7@tak.nz,Lee,Martin,5860
kylie.clark7@tak.nz,Kylie,Clark,5861
james.king7@tak.nz,James,King,5862
linda.green7@tak.nz,Linda,Green,5863
joseph.mitchell7@tak.nz,Joseph,Mitchell,5864
nancy.diaz7@tak.nz,Nancy,Diaz,5865
mark.morris7@tak.nz,Mark,Morris,5866
emily.morgan7@tak.nz,Emily,Morgan,5867
kevin.ramos7@tak.nz,Kevin,Ramos,5868
stephanie.chavez7@tak.nz,Stephanie,Chavez,5869
jeffrey.hughes7@tak.nz,Jeffrey,Hughes,5870
shirley.long7@tak.nz,Shirley,Long,5871
stephen.russell7@tak.nz,Stephen,Russell,5872
emma.gonzales7@tak.nz,Emma,Gonzales,5873
gregory.alexander7@tak.nz,Gregory,Alexander,5874
carolyn.west7@tak.nz,Carolyn,West,5875
jerry.stevens7@tak.nz,Jerry,Stevens,5876
julie.ruiz7@tak.nz,Julie,Ruiz,5877
zachary.stevenson7@tak.nz,Zachary,Stevenson,5878
joan.olsen7@tak.nz,Joan,Olsen,5879
jeremy.duncan7@tak.nz,Jeremy,Duncan,5880
jacqueline.fletcher7@tak.nz,Jacqueline,Fletcher,5881
gerald.pearce7@tak.nz,Gerald,Pearce,5882
julia.osborne7@tak.nz,Julia,Osborne,5883
jesse.kirk7@tak.nz,Jesse,Kirk,5884
marilyn.winslow7@tak.nz,Marilyn,Winslow,5885
alan.johnson7@tak.nz,Alan,Johnson,5886
natalie.rodriguez7@tak.nz,Natalie,Rodriguez,5887
vincent.thomas7@tak.nz,Vincent,Thomas,5888
doris.thompson7@tak.nz,Doris,Thompson,5889
philip.robinson7@tak.nz,Philip,Robinson,5890
chloe.torres7@tak.nz,Chloe,Torres,5891
craig.baker7@tak.nz,Craig,Baker,5892
ellie.gomez7@tak.nz,Ellie,Gomez,5893
robert.edwards7@tak.nz,Robert,Edwards,5894
barbara.cook7@tak.nz,Barbara,Cook,5895
charles.bailey7@tak.nz,Charles,Bailey,5896
margaret.ward7@tak.nz,Margaret,Ward,5897
steven.bennett7@tak.nz,Steven,Bennett,5898
michelle.castillo7@tak.nz,Michelle,Castillo,5899
george.jimenez7@tak.nz,George,Jimenez,5900
sharon.coleman7@tak.nz,Sharon,Coleman,5901
jacob.simmons7@tak.nz,Jacob,Simmons,5902
helen.reynolds7@tak.nz,Helen,Reynolds,5903
justin.chapman7@tak.nz,Justin,Chapman,5904
katherine.marshall7@tak.nz,Katherine,Marshall,5905
frank.warren7@tak.nz,Frank,Warren,5906
ruth.larsen7@tak.nz,Ruth,Larsen,5907
aaron.cameron7@tak.nz,Aaron,Cameron,5908
victoria.grant7@tak.nz,Victoria,Grant,5909
peter.chambers7@tak.nz,Peter,Chambers,5910
judith.nolan7@tak.nz,Judith,Nolan,5911
keith.lawson7@tak.nz,Keith,Lawson,5912
gloria.blackwood7@tak.nz,Gloria,Blackwood,5913
harold.sutherland7@tak.nz,Harold,Sutherland,5914
judy.jones7@tak.nz,Judy,Jones,5915
billy.lopez7@tak.nz,Billy,Lopez,5916
danielle.jackson7@tak.nz,Danielle,Jackson,5917
albert.sanchez7@tak.nz,Albert,Sanchez,5918
lori.allen7@tak.nz,Lori,Allen,5919
roy.flores7@tak.nz,Roy,Flores,5920
erin.campbell7@tak.nz,Erin,Campbell,5921
curtis.turner7@tak.nz,Curtis,Turner,5922
bethany.stewart7@tak.nz,Bethany,Stewart,5923
fred.ortiz7@tak.nz,Fred,Ortiz,5924
mary.howard7@tak.nz,Mary,Howard,5925
william.brooks7@tak.nz,William,Brooks,5926
jessica.ruiz7@tak.nz,Jessica,Ruiz,5927
daniel.myers7@tak.nz,Daniel,Myers,5928
sandra.perry7@tak.nz,Sandra,Perry,5929
andrew.barnes7@tak.nz,Andrew,Barnes,5930
amanda.patterson7@tak.nz,Amanda,Patterson,5931
ronald.moreno7@tak.nz,Ronald,Moreno,5932
cynthia.ellis7@tak.nz,Cynthia,Ellis,5933
nicholas.harrison7@tak.nz,Nicholas,Harrison,5934
brenda.simpson7@tak.nz,Brenda,Simpson,5935
brandon.pedersen7@tak.nz,Brandon,Pedersen,5936
debra.ferguson7@tak.nz,Debra,Ferguson,5937
raymond.marsh7@tak.nz,Raymond,Marsh,5938
heather.boyd7@tak.nz,Heather,Boyd,5939
adam.palmer7@tak.nz,Adam,Palmer,5940
kelly.burton7@tak.nz,Kelly,Burton,5941
ethan.radley7@tak.nz,Ethan,Radley,5942
andrea.smith7@tak.nz,Andrea,Smith,5943
terry.davis7@tak.nz,Terry,Davis,5944
sara.anderson7@tak.nz,Sara,Anderson,5945
arthur.perez7@tak.nz,Arthur,Perez,5946
madison.lewis7@tak.nz,Madison,Lewis,5947
gabriel.scott7@tak.nz,Gabriel,Scott,5948
brittany.nelson7@tak.nz,Brittany,Nelson,5949
elijah.roberts7@tak.nz,Elijah,Roberts,5950
tiffany.cruz7@tak.nz,Tiffany,Cruz,5951
bobby.murphy7@tak.nz,Bobby,Murphy,5952
sophia.peterson7@tak.nz,Sophia,Peterson,5953
jimmy.cox7@tak.nz,Jimmy,Cox,5954
leah.james7@tak.nz,Leah,James,5955
chad.alvarez7@tak.nz,Chad,Alvarez,5956
jennifer.foster7@tak.nz,Jennifer,Foster,5957
richard.bell7@tak.nz,Richard,Bell,5958
karen.vasquez7@tak.nz,Karen,Vasquez,5959
anthony.graham7@tak.nz,Anthony,Graham,5960
kimberly.hayes7@tak.nz,Kimberly,Hayes,5961
kenneth.ford7@tak.nz,Kenneth,Ford,5962
deborah.wells7@tak.nz,Deborah,Wells,5963
jason.berg7@tak.nz,Jason,Berg,5964
amy.fraser7@tak.nz,Amy,Fraser,5965
jonathan.douglas7@tak.nz,Jonathan,Douglas,5966
nicole.harvey7@tak.nz,Nicole,Harvey,5967
samuel.hunt7@tak.nz,Samuel,Hunt,5968
catherine.franklin7@tak.nz,Catherine,Franklin,5969
dennis.whitfield7@tak.nz,Dennis,Whitfield,5970
virginia.redmond7@tak.nz,Virginia,Redmond,5971
henry.brown7@tak.nz,Henry,Brown,5972
lauren.hernandez7@tak.nz,Lauren,Hernandez,5973
noah.moore7@tak.nz,Noah,Moore,5974
hannah.harris7@tak.nz,Hannah,Harris,5975
sean.young7@tak.nz,Sean,Young,5976
marie.hill7@tak.nz,Marie,Hill,5977
jordan.rivera7@tak.nz,Jordan,Rivera,5978
denise.evans7@tak.nz,Denise,Evans,5979
logan.reyes7@tak.nz,Logan,Reyes,5980
abigail.gutierrez7@tak.nz,Abigail,Gutierrez,5981
randy.kelly7@tak.nz,Randy,Kelly,5982
alice.watson7@tak.nz,Alice,Watson,5983
bradley.mendoza7@tak.nz,Bradley,Mendoza,5984
renee.patel7@tak.nz,Renee,Patel,5985
todd.jenkins7@tak.nz,Todd,Jenkins,5986
tara.henderson7@tak.nz,Tara,Henderson,5987
john.jordan7@tak.nz,John,Jordan,5988
elizabeth.wallace7@tak.nz,Elizabeth,Wallace,5989
thomas.bryant7@tak.nz,Thomas,Bryant,5990
lisa.mcdonald7@tak.nz,Lisa,McDonald,5991
donald.webb7@tak.nz,Donald,Webb,5992
donna.andersen7@tak.nz,Donna,Andersen,5993
brian.macdonald7@tak.nz,Brian,MacDonald,5994
rebecca.bishop7@tak.nz,Rebecca,Bishop,5995
ryan.holt7@tak.nz,Ryan,Holt,5996
angela.curtis7@tak.nz,Angela,Curtis,5997
larry.manning7@tak.nz,Larry,Manning,5998
samantha.kingsley7@tak.nz,Samantha,Kingsley,5999
alexander.ashford7@tak.nz,Alexander,Ashford,6000
janet.miller7@tak.nz,Janet,Miller,6001
tyler.wilson7@tak.nz,Tyler,Wilson,6002
joyce.lee7@tak.nz,Joyce,Lee,6003
douglas.ramirez7@tak.nz,Douglas,Ramirez,6004
evelyn.wright7@tak.nz,Evelyn,Wright,6005
christian.adams7@tak.nz,Christian,Adams,6006
martha.carter7@tak.nz,Martha,Carter,6007
carl.parker7@tak.nz,Carl,Parker,6008
grace.morales7@tak.nz,Grace,Morales,6009
bryan.cooper7@tak.nz,Bryan,Cooper,6010
amber.kim7@tak.nz,Amber,Kim,6011
juan.wood7@tak.nz,Juan,Wood,6012
jane.price7@tak.nz,Jane,Price,6013
mason.ross7@tak.nz,Mason,Ross,6014
gina.sullivan7@tak.nz,Gina,Sullivan,6015
eugene.fisher7@tak.nz,Eugene,Fisher,6016
charlotte.hamilton7@tak.nz,Charlotte,Hamilton,6017
alexis.cole7@tak.nz,Alexis,Cole,6018
priscilla.murray7@tak.nz,Priscilla,Murray,6019
michael.kennedy7@tak.nz,Michael,Kennedy,6020
susan.christensen7@tak.nz,Susan,Christensen,6021
christopher.erikson7@tak.nz,Christopher,Erikson,6022
betty.sinclair7@tak.nz,Betty,Sinclair,6023
paul.barker7@tak.nz,Paul,Barker,6024
carol.dixon7@tak.nz,Carol,Dixon,6025
timothy.gardner7@tak.nz,Timothy,Gardner,6026
laura.chapman7@tak.nz,Laura,Chapman,6027
gary.delaney7@tak.nz,Gary,Delaney,6028
anna.williams7@tak.nz,Anna,Williams,6029
scott.martinez7@tak.nz,Scott,Martinez,6030
christine.taylor7@tak.nz,Christine,Taylor,6031
patrick.white7@tak.nz,Patrick,White,6032
maria.walker7@tak.nz,Maria,Walker,6033
jose.nguyen7@tak.nz,Jose,Nguyen,6034
olivia.hall7@tak.nz,Olivia,Hall,6035
kyle.phillips7@tak.nz,Kyle,Phillips,6036
megan.collins7@tak.nz,Megan,Collins,6037
roger.rogers7@tak.nz,Roger,Rogers,6038
teresa.reed7@tak.nz,Teresa,Reed,6039
dylan.richardson7@tak.nz,Dylan,Richardson,6040
theresa.gray7@tak.nz,Theresa,Gray,6041
bruce.sanders7@tak.nz,Bruce,Sanders,6042
rose.powell7@tak.nz,Rose,Powell,6043
willie.butler7@tak.nz,Willie,Butler,6044
alexis.romero7@tak.nz,Alexis,Romero,6045
ralph.griffin7@tak.nz,Ralph,Griffin,6046
isabella.gibson7@tak.nz,Isabella,Gibson,6047
louis.owens7@tak.nz,Louis,Owens,6048
jasmine.fernandez7@tak.nz,Jasmine,Fernandez,6049
marcus.hansen7@tak.nz,Marcus,Hansen,6050
patricia.stewart7@tak.nz,Patricia,Stewart,6051
david.henderson7@tak.nz,David,Henderson,6052
sarah.newton7@tak.nz,Sarah,Newton,6053
matthew.barrett7@tak.nz,Matthew,Barrett,6054
ashley.todd7@tak.nz,Ashley,Todd,6055
joshua.ashworth7@tak.nz,Joshua,Ashworth,6056
melissa.blackburn7@tak.nz,Melissa,Blackburn,6057
edward.garcia7@tak.nz,Edward,Garcia,6058
kathleen.gonzalez7@tak.nz,Kathleen,Gonzalez,6059
eric.martin7@tak.nz,Eric,Martin,6060
